[2026-01-19 14:40:15] local.ERROR: Please provide a valid cache path. {"userId":2,"exception":"[object] (InvalidArgumentException(code: 0): Please provide a valid cache path. at C:/Users/DELL/OneDrive/Desktop/Parking-Finder2-main/vendor/laravel/framework/src/Illuminate/View/Compilers/Compiler.php:75)
[stacktrace]
#0 C:/Users/DELL/OneDrive/Desktop/Parking-Finder2-main/vendor/laravel/framework/src/Illuminate/View/ViewServiceProvider.php(97): Illuminate/View/Compilers/Compiler->__construct(Object(Illuminate/Filesystem/Filesystem), false, '', true, 'php', true)
#1 C:/Users/DELL/OneDrive/Desktop/Parking-Finder2-main/vendor/laravel/framework/src/Illuminate/Container/Container.php(1115): Illuminate/View/ViewServiceProvider->Illuminate/View/{closure}(Object(Illuminate/Foundation/Application), Array)
#2 C:/Users/DELL/OneDrive/Desktop/Parking-Finder2-main/vendor/laravel/framework/src/Illuminate/Container/Container.php(933): Illuminate/Container/Container->build(Object(Closure))
#3 C:/Users/DELL/OneDrive/Desktop/Parking-Finder2-main/vendor/laravel/framework/src/Illuminate/Foundation/Application.php(1078): Illuminate/Container/Container->resolve('blade.compiler', Array, true)
#4 C:/Users/DELL/OneDrive/Desktop/Parking-Finder2-main/vendor/laravel/framework/src/Illuminate/Container/Container.php(864): Illuminate/Foundation/Application->resolve('blade.compiler', Array)
#5 C:/Users/DELL/OneDrive/Desktop/Parking-Finder2-main/vendor/laravel/framework/src/Illuminate/Foundation/Application.php(1058): Illuminate/Container/Container->make('blade.compiler', Array)
#6 C:/Users/DELL/OneDrive/Desktop/Parking-Finder2-main/vendor/laravel/framework/src/Illuminate/View/ViewServiceProvider.php(169): Illuminate/Foundation/Application->make('blade.compiler')
#7 [internal function]: Illuminate/View/ViewServiceProvider->Illuminate/View/{closure}()
#8 C:/Users/DELL/OneDrive/Desktop/Parking-Finder2-main/vendor/laravel/framework/src/Illuminate/View/Engines/EngineResolver.php(55): call_user_func(Object(Closure))
#9 C:/Users/DELL/OneDrive/Desktop/Parking-Finder2-main/vendor/laravel/framework/src/Illuminate/View/Factory.php(325): Illuminate/View/Engines/EngineResolver->resolve('blade')
#10 C:/Users/DELL/OneDrive/Desktop/Parking-Finder2-main/vendor/laravel/framework/src/Illuminate/View/Factory.php(287): Illuminate/View/Factory->getEngineFromPath('C://Users//DELL//O...')
#11 C:/Users/DELL/OneDrive/Desktop/Parking-Finder2-main/vendor/laravel/framework/src/Illuminate/View/Factory.php(159): Illuminate/View/Factory->viewInstance('landing.index', 'C://Users//DELL//O...', Array)
#12 C:/Users/DELL/OneDrive/Desktop/Parking-Finder2-main/vendor/laravel/framework/src/Illuminate/Foundation/helpers.php(1101): Illuminate/View/Factory->make('landing.index', Array, Array)
#13 C:/Users/DELL/OneDrive/Desktop/Parking-Finder2-main/routes/web.php(16): view('landing.index')
#14 C:/Users/DELL/OneDrive/Desktop/Parking-Finder2-main/vendor/laravel/framework/src/Illuminate/Routing/CallableDispatcher.php(39): Illuminate/Routing/RouteFileRegistrar->{closure}()
#15 C:/Users/DELL/OneDrive/Desktop/Parking-Finder2-main/vendor/laravel/framework/src/Illuminate/Routing/Route.php(243): Illuminate/Routing/CallableDispatcher->dispatch(Object(Illuminate/Routing/Route), Object(Closure))
#16 C:/Users/DELL/OneDrive/Desktop/Parking-Finder2-main/vendor/laravel/framework/src/Illuminate/Routing/Route.php(214): Illuminate/Routing/Route->runCallable()
#17 C:/Users/DELL/OneDrive/Desktop/Parking-Finder2-main/vendor/laravel/framework/src/Illuminate/Routing/Router.php(822): Illuminate/Routing/Route->run()
#18 C:/Users/DELL/OneDrive/Desktop/Parking-Finder2-main/vendor/laravel/framework/src/Illuminate/Pipeline/Pipeline.php(180): Illuminate/Routing/Router->Illuminate/Routing/{closure}(Object(Illuminate/Http/Request))
#19 C:/Users/DELL/OneDrive/Desktop/Parking-Finder2-main/vendor/laravel/framework/src/Illuminate/Routing/Middleware/SubstituteBindings.php(50): Illuminate/Pipeline/Pipeline->Illuminate/Pipeline/{closure}(Object(Illuminate/Http/Request))
#20 C:/Users/DELL/OneDrive/Desktop/Parking-Finder2-main/vendor/laravel/framework/src/Illuminate/Pipeline/Pipeline.php(219): Illuminate/Routing/Middleware/SubstituteBindings->handle(Object(Illuminate/Http/Request), Object(Closure))
#21 C:/Users/DELL/OneDrive/Desktop/Parking-Finder2-main/vendor/laravel/framework/src/Illuminate/Foundation/Http/Middleware/VerifyCsrfToken.php(87): Illuminate/Pipeline/Pipeline->Illuminate/Pipeline/{closure}(Object(Illuminate/Http/Request))
#22 C:/Users/DELL/OneDrive/Desktop/Parking-Finder2-main/vendor/laravel/framework/src/Illuminate/Pipeline/Pipeline.php(219): Illuminate/Foundation/Http/Middleware/VerifyCsrfToken->handle(Object(Illuminate/Http/Request), Object(Closure))
#23 C:/Users/DELL/OneDrive/Desktop/Parking-Finder2-main/vendor/laravel/framework/src/Illuminate/View/Middleware/ShareErrorsFromSession.php(48): Illuminate/Pipeline/Pipeline->Illuminate/Pipeline/{closure}(Object(Illuminate/Http/Request))
#24 C:/Users/DELL/OneDrive/Desktop/Parking-Finder2-main/vendor/laravel/framework/src/Illuminate/Pipeline/Pipeline.php(219): Illuminate/View/Middleware/ShareErrorsFromSession->handle(Object(Illuminate/Http/Request), Object(Closure))
#25 C:/Users/DELL/OneDrive/Desktop/Parking-Finder2-main/vendor/laravel/framework/src/Illuminate/Session/Middleware/StartSession.php(120): Illuminate/Pipeline/Pipeline->Illuminate/Pipeline/{closure}(Object(Illuminate/Http/Request))
#26 C:/Users/DELL/OneDrive/Desktop/Parking-Finder2-main/vendor/laravel/framework/src/Illuminate/Session/Middleware/StartSession.php(63): Illuminate/Session/Middleware/StartSession->handleStatefulRequest(Object(Illuminate/Http/Request), Object(Illuminate/Session/Store), Object(Closure))
#27 C:/Users/DELL/OneDrive/Desktop/Parking-Finder2-main/vendor/laravel/framework/src/Illuminate/Pipeline/Pipeline.php(219): Illuminate/Session/Middleware/StartSession->handle(Object(Illuminate/Http/Request), Object(Closure))
#28 C:/Users/DELL/OneDrive/Desktop/Parking-Finder2-main/vendor/laravel/framework/src/Illuminate/Cookie/Middleware/AddQueuedCookiesToResponse.php(36): Illuminate/Pipeline/Pipeline->Illuminate/Pipeline/{closure}(Object(Illuminate/Http/Request))
#29 C:/Users/DELL/OneDrive/Desktop/Parking-Finder2-main/vendor/laravel/framework/src/Illuminate/Pipeline/Pipeline.php(219): Illuminate/Cookie/Middleware/AddQueuedCookiesToResponse->handle(Object(Illuminate/Http/Request), Object(Closure))
#30 C:/Users/DELL/OneDrive/Desktop/Parking-Finder2-main/vendor/laravel/framework/src/Illuminate/Cookie/Middleware/EncryptCookies.php(74): Illuminate/Pipeline/Pipeline->Illuminate/Pipeline/{closure}(Object(Illuminate/Http/Request))
#31 C:/Users/DELL/OneDrive/Desktop/Parking-Finder2-main/vendor/laravel/framework/src/Illuminate/Pipeline/Pipeline.php(219): Illuminate/Cookie/Middleware/EncryptCookies->handle(Object(Illuminate/Http/Request), Object(Closure))
#32 C:/Users/DELL/OneDrive/Desktop/Parking-Finder2-main/vendor/laravel/framework/src/Illuminate/Pipeline/Pipeline.php(137): Illuminate/Pipeline/Pipeline->Illuminate/Pipeline/{closure}(Object(Illuminate/Http/Request))
#33 C:/Users/DELL/OneDrive/Desktop/Parking-Finder2-main/vendor/laravel/framework/src/Illuminate/Routing/Router.php(821): Illuminate/Pipeline/Pipeline->then(Object(Closure))
#34 C:/Users/DELL/OneDrive/Desktop/Parking-Finder2-main/vendor/laravel/framework/src/Illuminate/Routing/Router.php(800): Illuminate/Routing/Router->runRouteWithinStack(Object(Illuminate/Routing/Route), Object(Illuminate/Http/Request))
#35 C:/Users/DELL/OneDrive/Desktop/Parking-Finder2-main/vendor/laravel/framework/src/Illuminate/Routing/Router.php(764): Illuminate/Routing/Router->runRoute(Object(Illuminate/Http/Request), Object(Illuminate/Routing/Route))
#36 C:/Users/DELL/OneDrive/Desktop/Parking-Finder2-main/vendor/laravel/framework/src/Illuminate/Routing/Router.php(753): Illuminate/Routing/Router->dispatchToRoute(Object(Illuminate/Http/Request))
#37 C:/Users/DELL/OneDrive/Desktop/Parking-Finder2-main/vendor/laravel/framework/src/Illuminate/Foundation/Http/Kernel.php(200): Illuminate/Routing/Router->dispatch(Object(Illuminate/Http/Request))
#38 C:/Users/DELL/OneDrive/Desktop/Parking-Finder2-main/vendor/laravel/framework/src/Illuminate/Pipeline/Pipeline.php(180): Illuminate/Foundation/Http/Kernel->Illuminate/Foundation/Http/{closure}(Object(Illuminate/Http/Request))
#39 C:/Users/DELL/OneDrive/Desktop/Parking-Finder2-main/vendor/laravel/framework/src/Illuminate/Foundation/Http/Middleware/TransformsRequest.php(21): Illuminate/Pipeline/Pipeline->Illuminate/Pipeline/{closure}(Object(Illuminate/Http/Request))
#40 C:/Users/DELL/OneDrive/Desktop/Parking-Finder2-main/vendor/laravel/framework/src/Illuminate/Foundation/Http/Middleware/ConvertEmptyStringsToNull.php(31): Illuminate/Foundation/Http/Middleware/TransformsRequest->handle(Object(Illuminate/Http/Request), Object(Closure))
#41 C:/Users/DELL/OneDrive/Desktop/Parking-Finder2-main/vendor/laravel/framework/src/Illuminate/Pipeline/Pipeline.php(219): Illuminate/Foundation/Http/Middleware/ConvertEmptyStringsToNull->handle(Object(Illuminate/Http/Request), Object(Closure))
#42 C:/Users/DELL/OneDrive/Desktop/Parking-Finder2-main/vendor/laravel/framework/src/Illuminate/Foundation/Http/Middleware/TransformsRequest.php(21): Illuminate/Pipeline/Pipeline->Illuminate/Pipeline/{closure}(Object(Illuminate/Http/Request))
#43 C:/Users/DELL/OneDrive/Desktop/Parking-Finder2-main/vendor/laravel/framework/src/Illuminate/Foundation/Http/Middleware/TrimStrings.php(51): Illuminate/Foundation/Http/Middleware/TransformsRequest->handle(Object(Illuminate/Http/Request), Object(Closure))
#44 C:/Users/DELL/OneDrive/Desktop/Parking-Finder2-main/vendor/laravel/framework/src/Illuminate/Pipeline/Pipeline.php(219): Illuminate/Foundation/Http/Middleware/TrimStrings->handle(Object(Illuminate/Http/Request), Object(Closure))
#45 C:/Users/DELL/OneDrive/Desktop/Parking-Finder2-main/vendor/laravel/framework/src/Illuminate/Http/Middleware/ValidatePostSize.php(27): Illuminate/Pipeline/Pipeline->Illuminate/Pipeline/{closure}(Object(Illuminate/Http/Request))
#46 C:/Users/DELL/OneDrive/Desktop/Parking-Finder2-main/vendor/laravel/framework/src/Illuminate/Pipeline/Pipeline.php(219): Illuminate/Http/Middleware/ValidatePostSize->handle(Object(Illuminate/Http/Request), Object(Closure))
#47 C:/Users/DELL/OneDrive/Desktop/Parking-Finder2-main/vendor/laravel/framework/src/Illuminate/Foundation/Http/Middleware/PreventRequestsDuringMaintenance.php(109): Illuminate/Pipeline/Pipeline->Illuminate/Pipeline/{closure}(Object(Illuminate/Http/Request))
#48 C:/Users/DELL/OneDrive/Desktop/Parking-Finder2-main/vendor/laravel/framework/src/Illuminate/Pipeline/Pipeline.php(219): Illuminate/Foundation/Http/Middleware/PreventRequestsDuringMaintenance->handle(Object(Illuminate/Http/Request), Object(Closure))
#49 C:/Users/DELL/OneDrive/Desktop/Parking-Finder2-main/vendor/laravel/framework/src/Illuminate/Http/Middleware/HandleCors.php(48): Illuminate/Pipeline/Pipeline->Illuminate/Pipeline/{closure}(Object(Illuminate/Http/Request))
#50 C:/Users/DELL/OneDrive/Desktop/Parking-Finder2-main/vendor/laravel/framework/src/Illuminate/Pipeline/Pipeline.php(219): Illuminate/Http/Middleware/HandleCors->handle(Object(Illuminate/Http/Request), Object(Closure))
#51 C:/Users/DELL/OneDrive/Desktop/Parking-Finder2-main/vendor/laravel/framework/src/Illuminate/Http/Middleware/TrustProxies.php(58): Illuminate/Pipeline/Pipeline->Illuminate/Pipeline/{closure}(Object(Illuminate/Http/Request))
#52 C:/Users/DELL/OneDrive/Desktop/Parking-Finder2-main/vendor/laravel/framework/src/Illuminate/Pipeline/Pipeline.php(219): Illuminate/Http/Middleware/TrustProxies->handle(Object(Illuminate/Http/Request), Object(Closure))
#53 C:/Users/DELL/OneDrive/Desktop/Parking-Finder2-main/vendor/laravel/framework/src/Illuminate/Foundation/Http/Middleware/InvokeDeferredCallbacks.php(22): Illuminate/Pipeline/Pipeline->Illuminate/Pipeline/{closure}(Object(Illuminate/Http/Request))
#54 C:/Users/DELL/OneDrive/Desktop/Parking-Finder2-main/vendor/laravel/framework/src/Illuminate/Pipeline/Pipeline.php(219): Illuminate/Foundation/Http/Middleware/InvokeDeferredCallbacks->handle(Object(Illuminate/Http/Request), Object(Closure))
#55 C:/Users/DELL/OneDrive/Desktop/Parking-Finder2-main/vendor/laravel/framework/src/Illuminate/Http/Middleware/ValidatePathEncoding.php(26): Illuminate/Pipeline/Pipeline->Illuminate/Pipeline/{closure}(Object(Illuminate/Http/Request))
#56 C:/Users/DELL/OneDrive/Desktop/Parking-Finder2-main/vendor/laravel/framework/src/Illuminate/Pipeline/Pipeline.php(219): Illuminate/Http/Middleware/ValidatePathEncoding->handle(Object(Illuminate/Http/Request), Object(Closure))
#57 C:/Users/DELL/OneDrive/Desktop/Parking-Finder2-main/vendor/laravel/framework/src/Illuminate/Pipeline/Pipeline.php(137): Illuminate/Pipeline/Pipeline->Illuminate/Pipeline/{closure}(Object(Illuminate/Http/Request))
#58 C:/Users/DELL/OneDrive/Desktop/Parking-Finder2-main/vendor/laravel/framework/src/Illuminate/Foundation/Http/Kernel.php(175): Illuminate/Pipeline/Pipeline->then(Object(Closure))
#59 C:/Users/DELL/OneDrive/Desktop/Parking-Finder2-main/vendor/laravel/framework/src/Illuminate/Foundation/Http/Kernel.php(144): Illuminate/Foundation/Http/Kernel->sendRequestThroughRouter(Object(Illuminate/Http/Request))
#60 C:/Users/DELL/OneDrive/Desktop/Parking-Finder2-main/vendor/laravel/framework/src/Illuminate/Foundation/Application.php(1220): Illuminate/Foundation/Http/Kernel->handle(Object(Illuminate/Http/Request))
#61 C:/Users/DELL/OneDrive/Desktop/Parking-Finder2-main/public/index.php(20): Illuminate/Foundation/Application->handleRequest(Object(Illuminate/Http/Request))
#62 C:/Users/DELL/OneDrive/Desktop/Parking-Finder2-main/vendor/laravel/framework/src/Illuminate/Foundation/resources/server.php(23): require_once('C://Users//DELL//O...')
#63 {main}
"} 
[2026-01-19 16:20:02] local.ERROR: Class "App\Http\Middleware\Auth" not found {"userId":10,"exception":"[object] (Error(code: 0): Class \"App\\Http\\Middleware\\Auth\" not found at C:/Users/DELL/OneDrive/Desktop/Parking-Finder2-main/app/Http/Middleware/AdminMiddleware.php:19)
[stacktrace]
#0 C:/Users/DELL/OneDrive/Desktop/Parking-Finder2-main/vendor/laravel/framework/src/Illuminate/Pipeline/Pipeline.php(219): App/Http/Middleware/AdminMiddleware->handle(Object(Illuminate/Http/Request), Object(Closure))
#1 C:/Users/DELL/OneDrive/Desktop/Parking-Finder2-main/vendor/laravel/framework/src/Illuminate/Routing/Middleware/SubstituteBindings.php(50): Illuminate/Pipeline/Pipeline->Illuminate/Pipeline/{closure}(Object(Illuminate/Http/Request))
#2 C:/Users/DELL/OneDrive/Desktop/Parking-Finder2-main/vendor/laravel/framework/src/Illuminate/Pipeline/Pipeline.php(219): Illuminate/Routing/Middleware/SubstituteBindings->handle(Object(Illuminate/Http/Request), Object(Closure))
#3 C:/Users/DELL/OneDrive/Desktop/Parking-Finder2-main/vendor/laravel/framework/src/Illuminate/Auth/Middleware/Authenticate.php(63): Illuminate/Pipeline/Pipeline->Illuminate/Pipeline/{closure}(Object(Illuminate/Http/Request))
#4 C:/Users/DELL/OneDrive/Desktop/Parking-Finder2-main/vendor/laravel/framework/src/Illuminate/Pipeline/Pipeline.php(219): Illuminate/Auth/Middleware/Authenticate->handle(Object(Illuminate/Http/Request), Object(Closure))
#5 C:/Users/DELL/OneDrive/Desktop/Parking-Finder2-main/vendor/laravel/framework/src/Illuminate/Foundation/Http/Middleware/VerifyCsrfToken.php(87): Illuminate/Pipeline/Pipeline->Illuminate/Pipeline/{closure}(Object(Illuminate/Http/Request))
#6 C:/Users/DELL/OneDrive/Desktop/Parking-Finder2-main/vendor/laravel/framework/src/Illuminate/Pipeline/Pipeline.php(219): Illuminate/Foundation/Http/Middleware/VerifyCsrfToken->handle(Object(Illuminate/Http/Request), Object(Closure))
#7 C:/Users/DELL/OneDrive/Desktop/Parking-Finder2-main/vendor/laravel/framework/src/Illuminate/View/Middleware/ShareErrorsFromSession.php(48): Illuminate/Pipeline/Pipeline->Illuminate/Pipeline/{closure}(Object(Illuminate/Http/Request))
#8 C:/Users/DELL/OneDrive/Desktop/Parking-Finder2-main/vendor/laravel/framework/src/Illuminate/Pipeline/Pipeline.php(219): Illuminate/View/Middleware/ShareErrorsFromSession->handle(Object(Illuminate/Http/Request), Object(Closure))
#9 C:/Users/DELL/OneDrive/Desktop/Parking-Finder2-main/vendor/laravel/framework/src/Illuminate/Session/Middleware/StartSession.php(120): Illuminate/Pipeline/Pipeline->Illuminate/Pipeline/{closure}(Object(Illuminate/Http/Request))
#10 C:/Users/DELL/OneDrive/Desktop/Parking-Finder2-main/vendor/laravel/framework/src/Illuminate/Session/Middleware/StartSession.php(63): Illuminate/Session/Middleware/StartSession->handleStatefulRequest(Object(Illuminate/Http/Request), Object(Illuminate/Session/Store), Object(Closure))
#11 C:/Users/DELL/OneDrive/Desktop/Parking-Finder2-main/vendor/laravel/framework/src/Illuminate/Pipeline/Pipeline.php(219): Illuminate/Session/Middleware/StartSession->handle(Object(Illuminate/Http/Request), Object(Closure))
#12 C:/Users/DELL/OneDrive/Desktop/Parking-Finder2-main/vendor/laravel/framework/src/Illuminate/Cookie/Middleware/AddQueuedCookiesToResponse.php(36): Illuminate/Pipeline/Pipeline->Illuminate/Pipeline/{closure}(Object(Illuminate/Http/Request))
#13 C:/Users/DELL/OneDrive/Desktop/Parking-Finder2-main/vendor/laravel/framework/src/Illuminate/Pipeline/Pipeline.php(219): Illuminate/Cookie/Middleware/AddQueuedCookiesToResponse->handle(Object(Illuminate/Http/Request), Object(Closure))
#14 C:/Users/DELL/OneDrive/Desktop/Parking-Finder2-main/vendor/laravel/framework/src/Illuminate/Cookie/Middleware/EncryptCookies.php(74): Illuminate/Pipeline/Pipeline->Illuminate/Pipeline/{closure}(Object(Illuminate/Http/Request))
#15 C:/Users/DELL/OneDrive/Desktop/Parking-Finder2-main/vendor/laravel/framework/src/Illuminate/Pipeline/Pipeline.php(219): Illuminate/Cookie/Middleware/EncryptCookies->handle(Object(Illuminate/Http/Request), Object(Closure))
#16 C:/Users/DELL/OneDrive/Desktop/Parking-Finder2-main/vendor/laravel/framework/src/Illuminate/Pipeline/Pipeline.php(137): Illuminate/Pipeline/Pipeline->Illuminate/Pipeline/{closure}(Object(Illuminate/Http/Request))
#17 C:/Users/DELL/OneDrive/Desktop/Parking-Finder2-main/vendor/laravel/framework/src/Illuminate/Routing/Router.php(821): Illuminate/Pipeline/Pipeline->then(Object(Closure))
#18 C:/Users/DELL/OneDrive/Desktop/Parking-Finder2-main/vendor/laravel/framework/src/Illuminate/Routing/Router.php(800): Illuminate/Routing/Router->runRouteWithinStack(Object(Illuminate/Routing/Route), Object(Illuminate/Http/Request))
#19 C:/Users/DELL/OneDrive/Desktop/Parking-Finder2-main/vendor/laravel/framework/src/Illuminate/Routing/Router.php(764): Illuminate/Routing/Router->runRoute(Object(Illuminate/Http/Request), Object(Illuminate/Routing/Route))
#20 C:/Users/DELL/OneDrive/Desktop/Parking-Finder2-main/vendor/laravel/framework/src/Illuminate/Routing/Router.php(753): Illuminate/Routing/Router->dispatchToRoute(Object(Illuminate/Http/Request))
#21 C:/Users/DELL/OneDrive/Desktop/Parking-Finder2-main/vendor/laravel/framework/src/Illuminate/Foundation/Http/Kernel.php(200): Illuminate/Routing/Router->dispatch(Object(Illuminate/Http/Request))
#22 C:/Users/DELL/OneDrive/Desktop/Parking-Finder2-main/vendor/laravel/framework/src/Illuminate/Pipeline/Pipeline.php(180): Illuminate/Foundation/Http/Kernel->Illuminate/Foundation/Http/{closure}(Object(Illuminate/Http/Request))
#23 C:/Users/DELL/OneDrive/Desktop/Parking-Finder2-main/vendor/laravel/framework/src/Illuminate/Foundation/Http/Middleware/TransformsRequest.php(21): Illuminate/Pipeline/Pipeline->Illuminate/Pipeline/{closure}(Object(Illuminate/Http/Request))
#24 C:/Users/DELL/OneDrive/Desktop/Parking-Finder2-main/vendor/laravel/framework/src/Illuminate/Foundation/Http/Middleware/ConvertEmptyStringsToNull.php(31): Illuminate/Foundation/Http/Middleware/TransformsRequest->handle(Object(Illuminate/Http/Request), Object(Closure))
#25 C:/Users/DELL/OneDrive/Desktop/Parking-Finder2-main/vendor/laravel/framework/src/Illuminate/Pipeline/Pipeline.php(219): Illuminate/Foundation/Http/Middleware/ConvertEmptyStringsToNull->handle(Object(Illuminate/Http/Request), Object(Closure))
#26 C:/Users/DELL/OneDrive/Desktop/Parking-Finder2-main/vendor/laravel/framework/src/Illuminate/Foundation/Http/Middleware/TransformsRequest.php(21): Illuminate/Pipeline/Pipeline->Illuminate/Pipeline/{closure}(Object(Illuminate/Http/Request))
#27 C:/Users/DELL/OneDrive/Desktop/Parking-Finder2-main/vendor/laravel/framework/src/Illuminate/Foundation/Http/Middleware/TrimStrings.php(51): Illuminate/Foundation/Http/Middleware/TransformsRequest->handle(Object(Illuminate/Http/Request), Object(Closure))
#28 C:/Users/DELL/OneDrive/Desktop/Parking-Finder2-main/vendor/laravel/framework/src/Illuminate/Pipeline/Pipeline.php(219): Illuminate/Foundation/Http/Middleware/TrimStrings->handle(Object(Illuminate/Http/Request), Object(Closure))
#29 C:/Users/DELL/OneDrive/Desktop/Parking-Finder2-main/vendor/laravel/framework/src/Illuminate/Http/Middleware/ValidatePostSize.php(27): Illuminate/Pipeline/Pipeline->Illuminate/Pipeline/{closure}(Object(Illuminate/Http/Request))
#30 C:/Users/DELL/OneDrive/Desktop/Parking-Finder2-main/vendor/laravel/framework/src/Illuminate/Pipeline/Pipeline.php(219): Illuminate/Http/Middleware/ValidatePostSize->handle(Object(Illuminate/Http/Request), Object(Closure))
#31 C:/Users/DELL/OneDrive/Desktop/Parking-Finder2-main/vendor/laravel/framework/src/Illuminate/Foundation/Http/Middleware/PreventRequestsDuringMaintenance.php(109): Illuminate/Pipeline/Pipeline->Illuminate/Pipeline/{closure}(Object(Illuminate/Http/Request))
#32 C:/Users/DELL/OneDrive/Desktop/Parking-Finder2-main/vendor/laravel/framework/src/Illuminate/Pipeline/Pipeline.php(219): Illuminate/Foundation/Http/Middleware/PreventRequestsDuringMaintenance->handle(Object(Illuminate/Http/Request), Object(Closure))
#33 C:/Users/DELL/OneDrive/Desktop/Parking-Finder2-main/vendor/laravel/framework/src/Illuminate/Http/Middleware/HandleCors.php(48): Illuminate/Pipeline/Pipeline->Illuminate/Pipeline/{closure}(Object(Illuminate/Http/Request))
#34 C:/Users/DELL/OneDrive/Desktop/Parking-Finder2-main/vendor/laravel/framework/src/Illuminate/Pipeline/Pipeline.php(219): Illuminate/Http/Middleware/HandleCors->handle(Object(Illuminate/Http/Request), Object(Closure))
#35 C:/Users/DELL/OneDrive/Desktop/Parking-Finder2-main/vendor/laravel/framework/src/Illuminate/Http/Middleware/TrustProxies.php(58): Illuminate/Pipeline/Pipeline->Illuminate/Pipeline/{closure}(Object(Illuminate/Http/Request))
#36 C:/Users/DELL/OneDrive/Desktop/Parking-Finder2-main/vendor/laravel/framework/src/Illuminate/Pipeline/Pipeline.php(219): Illuminate/Http/Middleware/TrustProxies->handle(Object(Illuminate/Http/Request), Object(Closure))
#37 C:/Users/DELL/OneDrive/Desktop/Parking-Finder2-main/vendor/laravel/framework/src/Illuminate/Foundation/Http/Middleware/InvokeDeferredCallbacks.php(22): Illuminate/Pipeline/Pipeline->Illuminate/Pipeline/{closure}(Object(Illuminate/Http/Request))
#38 C:/Users/DELL/OneDrive/Desktop/Parking-Finder2-main/vendor/laravel/framework/src/Illuminate/Pipeline/Pipeline.php(219): Illuminate/Foundation/Http/Middleware/InvokeDeferredCallbacks->handle(Object(Illuminate/Http/Request), Object(Closure))
#39 C:/Users/DELL/OneDrive/Desktop/Parking-Finder2-main/vendor/laravel/framework/src/Illuminate/Http/Middleware/ValidatePathEncoding.php(26): Illuminate/Pipeline/Pipeline->Illuminate/Pipeline/{closure}(Object(Illuminate/Http/Request))
#40 C:/Users/DELL/OneDrive/Desktop/Parking-Finder2-main/vendor/laravel/framework/src/Illuminate/Pipeline/Pipeline.php(219): Illuminate/Http/Middleware/ValidatePathEncoding->handle(Object(Illuminate/Http/Request), Object(Closure))
#41 C:/Users/DELL/OneDrive/Desktop/Parking-Finder2-main/vendor/laravel/framework/src/Illuminate/Pipeline/Pipeline.php(137): Illuminate/Pipeline/Pipeline->Illuminate/Pipeline/{closure}(Object(Illuminate/Http/Request))
#42 C:/Users/DELL/OneDrive/Desktop/Parking-Finder2-main/vendor/laravel/framework/src/Illuminate/Foundation/Http/Kernel.php(175): Illuminate/Pipeline/Pipeline->then(Object(Closure))
#43 C:/Users/DELL/OneDrive/Desktop/Parking-Finder2-main/vendor/laravel/framework/src/Illuminate/Foundation/Http/Kernel.php(144): Illuminate/Foundation/Http/Kernel->sendRequestThroughRouter(Object(Illuminate/Http/Request))
#44 C:/Users/DELL/OneDrive/Desktop/Parking-Finder2-main/vendor/laravel/framework/src/Illuminate/Foundation/Application.php(1220): Illuminate/Foundation/Http/Kernel->handle(Object(Illuminate/Http/Request))
#45 C:/Users/DELL/OneDrive/Desktop/Parking-Finder2-main/public/index.php(20): Illuminate/Foundation/Application->handleRequest(Object(Illuminate/Http/Request))
#46 C:/Users/DELL/OneDrive/Desktop/Parking-Finder2-main/vendor/laravel/framework/src/Illuminate/Foundation/resources/server.php(23): require_once('C://Users//DELL//O...')
#47 {main}
"} 
[2026-01-19 16:21:51] local.ERROR: Class "App\Http\Middleware\auth" not found {"userId":10,"exception":"[object] (Error(code: 0): Class \"App\\Http\\Middleware\\auth\" not found at C:/Users/DELL/OneDrive/Desktop/Parking-Finder2-main/app/Http/Middleware/AdminMiddleware.php:19)
[stacktrace]
#0 C:/Users/DELL/OneDrive/Desktop/Parking-Finder2-main/vendor/laravel/framework/src/Illuminate/Pipeline/Pipeline.php(219): App/Http/Middleware/AdminMiddleware->handle(Object(Illuminate/Http/Request), Object(Closure))
#1 C:/Users/DELL/OneDrive/Desktop/Parking-Finder2-main/vendor/laravel/framework/src/Illuminate/Routing/Middleware/SubstituteBindings.php(50): Illuminate/Pipeline/Pipeline->Illuminate/Pipeline/{closure}(Object(Illuminate/Http/Request))
#2 C:/Users/DELL/OneDrive/Desktop/Parking-Finder2-main/vendor/laravel/framework/src/Illuminate/Pipeline/Pipeline.php(219): Illuminate/Routing/Middleware/SubstituteBindings->handle(Object(Illuminate/Http/Request), Object(Closure))
#3 C:/Users/DELL/OneDrive/Desktop/Parking-Finder2-main/vendor/laravel/framework/src/Illuminate/Auth/Middleware/Authenticate.php(63): Illuminate/Pipeline/Pipeline->Illuminate/Pipeline/{closure}(Object(Illuminate/Http/Request))
#4 C:/Users/DELL/OneDrive/Desktop/Parking-Finder2-main/vendor/laravel/framework/src/Illuminate/Pipeline/Pipeline.php(219): Illuminate/Auth/Middleware/Authenticate->handle(Object(Illuminate/Http/Request), Object(Closure))
#5 C:/Users/DELL/OneDrive/Desktop/Parking-Finder2-main/vendor/laravel/framework/src/Illuminate/Foundation/Http/Middleware/VerifyCsrfToken.php(87): Illuminate/Pipeline/Pipeline->Illuminate/Pipeline/{closure}(Object(Illuminate/Http/Request))
#6 C:/Users/DELL/OneDrive/Desktop/Parking-Finder2-main/vendor/laravel/framework/src/Illuminate/Pipeline/Pipeline.php(219): Illuminate/Foundation/Http/Middleware/VerifyCsrfToken->handle(Object(Illuminate/Http/Request), Object(Closure))
#7 C:/Users/DELL/OneDrive/Desktop/Parking-Finder2-main/vendor/laravel/framework/src/Illuminate/View/Middleware/ShareErrorsFromSession.php(48): Illuminate/Pipeline/Pipeline->Illuminate/Pipeline/{closure}(Object(Illuminate/Http/Request))
#8 C:/Users/DELL/OneDrive/Desktop/Parking-Finder2-main/vendor/laravel/framework/src/Illuminate/Pipeline/Pipeline.php(219): Illuminate/View/Middleware/ShareErrorsFromSession->handle(Object(Illuminate/Http/Request), Object(Closure))
#9 C:/Users/DELL/OneDrive/Desktop/Parking-Finder2-main/vendor/laravel/framework/src/Illuminate/Session/Middleware/StartSession.php(120): Illuminate/Pipeline/Pipeline->Illuminate/Pipeline/{closure}(Object(Illuminate/Http/Request))
#10 C:/Users/DELL/OneDrive/Desktop/Parking-Finder2-main/vendor/laravel/framework/src/Illuminate/Session/Middleware/StartSession.php(63): Illuminate/Session/Middleware/StartSession->handleStatefulRequest(Object(Illuminate/Http/Request), Object(Illuminate/Session/Store), Object(Closure))
#11 C:/Users/DELL/OneDrive/Desktop/Parking-Finder2-main/vendor/laravel/framework/src/Illuminate/Pipeline/Pipeline.php(219): Illuminate/Session/Middleware/StartSession->handle(Object(Illuminate/Http/Request), Object(Closure))
#12 C:/Users/DELL/OneDrive/Desktop/Parking-Finder2-main/vendor/laravel/framework/src/Illuminate/Cookie/Middleware/AddQueuedCookiesToResponse.php(36): Illuminate/Pipeline/Pipeline->Illuminate/Pipeline/{closure}(Object(Illuminate/Http/Request))
#13 C:/Users/DELL/OneDrive/Desktop/Parking-Finder2-main/vendor/laravel/framework/src/Illuminate/Pipeline/Pipeline.php(219): Illuminate/Cookie/Middleware/AddQueuedCookiesToResponse->handle(Object(Illuminate/Http/Request), Object(Closure))
#14 C:/Users/DELL/OneDrive/Desktop/Parking-Finder2-main/vendor/laravel/framework/src/Illuminate/Cookie/Middleware/EncryptCookies.php(74): Illuminate/Pipeline/Pipeline->Illuminate/Pipeline/{closure}(Object(Illuminate/Http/Request))
#15 C:/Users/DELL/OneDrive/Desktop/Parking-Finder2-main/vendor/laravel/framework/src/Illuminate/Pipeline/Pipeline.php(219): Illuminate/Cookie/Middleware/EncryptCookies->handle(Object(Illuminate/Http/Request), Object(Closure))
#16 C:/Users/DELL/OneDrive/Desktop/Parking-Finder2-main/vendor/laravel/framework/src/Illuminate/Pipeline/Pipeline.php(137): Illuminate/Pipeline/Pipeline->Illuminate/Pipeline/{closure}(Object(Illuminate/Http/Request))
#17 C:/Users/DELL/OneDrive/Desktop/Parking-Finder2-main/vendor/laravel/framework/src/Illuminate/Routing/Router.php(821): Illuminate/Pipeline/Pipeline->then(Object(Closure))
#18 C:/Users/DELL/OneDrive/Desktop/Parking-Finder2-main/vendor/laravel/framework/src/Illuminate/Routing/Router.php(800): Illuminate/Routing/Router->runRouteWithinStack(Object(Illuminate/Routing/Route), Object(Illuminate/Http/Request))
#19 C:/Users/DELL/OneDrive/Desktop/Parking-Finder2-main/vendor/laravel/framework/src/Illuminate/Routing/Router.php(764): Illuminate/Routing/Router->runRoute(Object(Illuminate/Http/Request), Object(Illuminate/Routing/Route))
#20 C:/Users/DELL/OneDrive/Desktop/Parking-Finder2-main/vendor/laravel/framework/src/Illuminate/Routing/Router.php(753): Illuminate/Routing/Router->dispatchToRoute(Object(Illuminate/Http/Request))
#21 C:/Users/DELL/OneDrive/Desktop/Parking-Finder2-main/vendor/laravel/framework/src/Illuminate/Foundation/Http/Kernel.php(200): Illuminate/Routing/Router->dispatch(Object(Illuminate/Http/Request))
#22 C:/Users/DELL/OneDrive/Desktop/Parking-Finder2-main/vendor/laravel/framework/src/Illuminate/Pipeline/Pipeline.php(180): Illuminate/Foundation/Http/Kernel->Illuminate/Foundation/Http/{closure}(Object(Illuminate/Http/Request))
#23 C:/Users/DELL/OneDrive/Desktop/Parking-Finder2-main/vendor/laravel/framework/src/Illuminate/Foundation/Http/Middleware/TransformsRequest.php(21): Illuminate/Pipeline/Pipeline->Illuminate/Pipeline/{closure}(Object(Illuminate/Http/Request))
#24 C:/Users/DELL/OneDrive/Desktop/Parking-Finder2-main/vendor/laravel/framework/src/Illuminate/Foundation/Http/Middleware/ConvertEmptyStringsToNull.php(31): Illuminate/Foundation/Http/Middleware/TransformsRequest->handle(Object(Illuminate/Http/Request), Object(Closure))
#25 C:/Users/DELL/OneDrive/Desktop/Parking-Finder2-main/vendor/laravel/framework/src/Illuminate/Pipeline/Pipeline.php(219): Illuminate/Foundation/Http/Middleware/ConvertEmptyStringsToNull->handle(Object(Illuminate/Http/Request), Object(Closure))
#26 C:/Users/DELL/OneDrive/Desktop/Parking-Finder2-main/vendor/laravel/framework/src/Illuminate/Foundation/Http/Middleware/TransformsRequest.php(21): Illuminate/Pipeline/Pipeline->Illuminate/Pipeline/{closure}(Object(Illuminate/Http/Request))
#27 C:/Users/DELL/OneDrive/Desktop/Parking-Finder2-main/vendor/laravel/framework/src/Illuminate/Foundation/Http/Middleware/TrimStrings.php(51): Illuminate/Foundation/Http/Middleware/TransformsRequest->handle(Object(Illuminate/Http/Request), Object(Closure))
#28 C:/Users/DELL/OneDrive/Desktop/Parking-Finder2-main/vendor/laravel/framework/src/Illuminate/Pipeline/Pipeline.php(219): Illuminate/Foundation/Http/Middleware/TrimStrings->handle(Object(Illuminate/Http/Request), Object(Closure))
#29 C:/Users/DELL/OneDrive/Desktop/Parking-Finder2-main/vendor/laravel/framework/src/Illuminate/Http/Middleware/ValidatePostSize.php(27): Illuminate/Pipeline/Pipeline->Illuminate/Pipeline/{closure}(Object(Illuminate/Http/Request))
#30 C:/Users/DELL/OneDrive/Desktop/Parking-Finder2-main/vendor/laravel/framework/src/Illuminate/Pipeline/Pipeline.php(219): Illuminate/Http/Middleware/ValidatePostSize->handle(Object(Illuminate/Http/Request), Object(Closure))
#31 C:/Users/DELL/OneDrive/Desktop/Parking-Finder2-main/vendor/laravel/framework/src/Illuminate/Foundation/Http/Middleware/PreventRequestsDuringMaintenance.php(109): Illuminate/Pipeline/Pipeline->Illuminate/Pipeline/{closure}(Object(Illuminate/Http/Request))
#32 C:/Users/DELL/OneDrive/Desktop/Parking-Finder2-main/vendor/laravel/framework/src/Illuminate/Pipeline/Pipeline.php(219): Illuminate/Foundation/Http/Middleware/PreventRequestsDuringMaintenance->handle(Object(Illuminate/Http/Request), Object(Closure))
#33 C:/Users/DELL/OneDrive/Desktop/Parking-Finder2-main/vendor/laravel/framework/src/Illuminate/Http/Middleware/HandleCors.php(48): Illuminate/Pipeline/Pipeline->Illuminate/Pipeline/{closure}(Object(Illuminate/Http/Request))
#34 C:/Users/DELL/OneDrive/Desktop/Parking-Finder2-main/vendor/laravel/framework/src/Illuminate/Pipeline/Pipeline.php(219): Illuminate/Http/Middleware/HandleCors->handle(Object(Illuminate/Http/Request), Object(Closure))
#35 C:/Users/DELL/OneDrive/Desktop/Parking-Finder2-main/vendor/laravel/framework/src/Illuminate/Http/Middleware/TrustProxies.php(58): Illuminate/Pipeline/Pipeline->Illuminate/Pipeline/{closure}(Object(Illuminate/Http/Request))
#36 C:/Users/DELL/OneDrive/Desktop/Parking-Finder2-main/vendor/laravel/framework/src/Illuminate/Pipeline/Pipeline.php(219): Illuminate/Http/Middleware/TrustProxies->handle(Object(Illuminate/Http/Request), Object(Closure))
#37 C:/Users/DELL/OneDrive/Desktop/Parking-Finder2-main/vendor/laravel/framework/src/Illuminate/Foundation/Http/Middleware/InvokeDeferredCallbacks.php(22): Illuminate/Pipeline/Pipeline->Illuminate/Pipeline/{closure}(Object(Illuminate/Http/Request))
#38 C:/Users/DELL/OneDrive/Desktop/Parking-Finder2-main/vendor/laravel/framework/src/Illuminate/Pipeline/Pipeline.php(219): Illuminate/Foundation/Http/Middleware/InvokeDeferredCallbacks->handle(Object(Illuminate/Http/Request), Object(Closure))
#39 C:/Users/DELL/OneDrive/Desktop/Parking-Finder2-main/vendor/laravel/framework/src/Illuminate/Http/Middleware/ValidatePathEncoding.php(26): Illuminate/Pipeline/Pipeline->Illuminate/Pipeline/{closure}(Object(Illuminate/Http/Request))
#40 C:/Users/DELL/OneDrive/Desktop/Parking-Finder2-main/vendor/laravel/framework/src/Illuminate/Pipeline/Pipeline.php(219): Illuminate/Http/Middleware/ValidatePathEncoding->handle(Object(Illuminate/Http/Request), Object(Closure))
#41 C:/Users/DELL/OneDrive/Desktop/Parking-Finder2-main/vendor/laravel/framework/src/Illuminate/Pipeline/Pipeline.php(137): Illuminate/Pipeline/Pipeline->Illuminate/Pipeline/{closure}(Object(Illuminate/Http/Request))
#42 C:/Users/DELL/OneDrive/Desktop/Parking-Finder2-main/vendor/laravel/framework/src/Illuminate/Foundation/Http/Kernel.php(175): Illuminate/Pipeline/Pipeline->then(Object(Closure))
#43 C:/Users/DELL/OneDrive/Desktop/Parking-Finder2-main/vendor/laravel/framework/src/Illuminate/Foundation/Http/Kernel.php(144): Illuminate/Foundation/Http/Kernel->sendRequestThroughRouter(Object(Illuminate/Http/Request))
#44 C:/Users/DELL/OneDrive/Desktop/Parking-Finder2-main/vendor/laravel/framework/src/Illuminate/Foundation/Application.php(1220): Illuminate/Foundation/Http/Kernel->handle(Object(Illuminate/Http/Request))
#45 C:/Users/DELL/OneDrive/Desktop/Parking-Finder2-main/public/index.php(20): Illuminate/Foundation/Application->handleRequest(Object(Illuminate/Http/Request))
#46 C:/Users/DELL/OneDrive/Desktop/Parking-Finder2-main/vendor/laravel/framework/src/Illuminate/Foundation/resources/server.php(23): require_once('C://Users//DELL//O...')
#47 {main}
"} 
[2026-01-19 16:23:03] local.ERROR: Class "App\Http\Middleware\Auth" not found {"userId":10,"exception":"[object] (Error(code: 0): Class \"App\\Http\\Middleware\\Auth\" not found at C:/Users/DELL/OneDrive/Desktop/Parking-Finder2-main/app/Http/Middleware/AdminMiddleware.php:19)
[stacktrace]
#0 C:/Users/DELL/OneDrive/Desktop/Parking-Finder2-main/vendor/laravel/framework/src/Illuminate/Pipeline/Pipeline.php(219): App/Http/Middleware/AdminMiddleware->handle(Object(Illuminate/Http/Request), Object(Closure))
#1 C:/Users/DELL/OneDrive/Desktop/Parking-Finder2-main/vendor/laravel/framework/src/Illuminate/Routing/Middleware/SubstituteBindings.php(50): Illuminate/Pipeline/Pipeline->Illuminate/Pipeline/{closure}(Object(Illuminate/Http/Request))
#2 C:/Users/DELL/OneDrive/Desktop/Parking-Finder2-main/vendor/laravel/framework/src/Illuminate/Pipeline/Pipeline.php(219): Illuminate/Routing/Middleware/SubstituteBindings->handle(Object(Illuminate/Http/Request), Object(Closure))
#3 C:/Users/DELL/OneDrive/Desktop/Parking-Finder2-main/vendor/laravel/framework/src/Illuminate/Auth/Middleware/Authenticate.php(63): Illuminate/Pipeline/Pipeline->Illuminate/Pipeline/{closure}(Object(Illuminate/Http/Request))
#4 C:/Users/DELL/OneDrive/Desktop/Parking-Finder2-main/vendor/laravel/framework/src/Illuminate/Pipeline/Pipeline.php(219): Illuminate/Auth/Middleware/Authenticate->handle(Object(Illuminate/Http/Request), Object(Closure))
#5 C:/Users/DELL/OneDrive/Desktop/Parking-Finder2-main/vendor/laravel/framework/src/Illuminate/Foundation/Http/Middleware/VerifyCsrfToken.php(87): Illuminate/Pipeline/Pipeline->Illuminate/Pipeline/{closure}(Object(Illuminate/Http/Request))
#6 C:/Users/DELL/OneDrive/Desktop/Parking-Finder2-main/vendor/laravel/framework/src/Illuminate/Pipeline/Pipeline.php(219): Illuminate/Foundation/Http/Middleware/VerifyCsrfToken->handle(Object(Illuminate/Http/Request), Object(Closure))
#7 C:/Users/DELL/OneDrive/Desktop/Parking-Finder2-main/vendor/laravel/framework/src/Illuminate/View/Middleware/ShareErrorsFromSession.php(48): Illuminate/Pipeline/Pipeline->Illuminate/Pipeline/{closure}(Object(Illuminate/Http/Request))
#8 C:/Users/DELL/OneDrive/Desktop/Parking-Finder2-main/vendor/laravel/framework/src/Illuminate/Pipeline/Pipeline.php(219): Illuminate/View/Middleware/ShareErrorsFromSession->handle(Object(Illuminate/Http/Request), Object(Closure))
#9 C:/Users/DELL/OneDrive/Desktop/Parking-Finder2-main/vendor/laravel/framework/src/Illuminate/Session/Middleware/StartSession.php(120): Illuminate/Pipeline/Pipeline->Illuminate/Pipeline/{closure}(Object(Illuminate/Http/Request))
#10 C:/Users/DELL/OneDrive/Desktop/Parking-Finder2-main/vendor/laravel/framework/src/Illuminate/Session/Middleware/StartSession.php(63): Illuminate/Session/Middleware/StartSession->handleStatefulRequest(Object(Illuminate/Http/Request), Object(Illuminate/Session/Store), Object(Closure))
#11 C:/Users/DELL/OneDrive/Desktop/Parking-Finder2-main/vendor/laravel/framework/src/Illuminate/Pipeline/Pipeline.php(219): Illuminate/Session/Middleware/StartSession->handle(Object(Illuminate/Http/Request), Object(Closure))
#12 C:/Users/DELL/OneDrive/Desktop/Parking-Finder2-main/vendor/laravel/framework/src/Illuminate/Cookie/Middleware/AddQueuedCookiesToResponse.php(36): Illuminate/Pipeline/Pipeline->Illuminate/Pipeline/{closure}(Object(Illuminate/Http/Request))
#13 C:/Users/DELL/OneDrive/Desktop/Parking-Finder2-main/vendor/laravel/framework/src/Illuminate/Pipeline/Pipeline.php(219): Illuminate/Cookie/Middleware/AddQueuedCookiesToResponse->handle(Object(Illuminate/Http/Request), Object(Closure))
#14 C:/Users/DELL/OneDrive/Desktop/Parking-Finder2-main/vendor/laravel/framework/src/Illuminate/Cookie/Middleware/EncryptCookies.php(74): Illuminate/Pipeline/Pipeline->Illuminate/Pipeline/{closure}(Object(Illuminate/Http/Request))
#15 C:/Users/DELL/OneDrive/Desktop/Parking-Finder2-main/vendor/laravel/framework/src/Illuminate/Pipeline/Pipeline.php(219): Illuminate/Cookie/Middleware/EncryptCookies->handle(Object(Illuminate/Http/Request), Object(Closure))
#16 C:/Users/DELL/OneDrive/Desktop/Parking-Finder2-main/vendor/laravel/framework/src/Illuminate/Pipeline/Pipeline.php(137): Illuminate/Pipeline/Pipeline->Illuminate/Pipeline/{closure}(Object(Illuminate/Http/Request))
#17 C:/Users/DELL/OneDrive/Desktop/Parking-Finder2-main/vendor/laravel/framework/src/Illuminate/Routing/Router.php(821): Illuminate/Pipeline/Pipeline->then(Object(Closure))
#18 C:/Users/DELL/OneDrive/Desktop/Parking-Finder2-main/vendor/laravel/framework/src/Illuminate/Routing/Router.php(800): Illuminate/Routing/Router->runRouteWithinStack(Object(Illuminate/Routing/Route), Object(Illuminate/Http/Request))
#19 C:/Users/DELL/OneDrive/Desktop/Parking-Finder2-main/vendor/laravel/framework/src/Illuminate/Routing/Router.php(764): Illuminate/Routing/Router->runRoute(Object(Illuminate/Http/Request), Object(Illuminate/Routing/Route))
#20 C:/Users/DELL/OneDrive/Desktop/Parking-Finder2-main/vendor/laravel/framework/src/Illuminate/Routing/Router.php(753): Illuminate/Routing/Router->dispatchToRoute(Object(Illuminate/Http/Request))
#21 C:/Users/DELL/OneDrive/Desktop/Parking-Finder2-main/vendor/laravel/framework/src/Illuminate/Foundation/Http/Kernel.php(200): Illuminate/Routing/Router->dispatch(Object(Illuminate/Http/Request))
#22 C:/Users/DELL/OneDrive/Desktop/Parking-Finder2-main/vendor/laravel/framework/src/Illuminate/Pipeline/Pipeline.php(180): Illuminate/Foundation/Http/Kernel->Illuminate/Foundation/Http/{closure}(Object(Illuminate/Http/Request))
#23 C:/Users/DELL/OneDrive/Desktop/Parking-Finder2-main/vendor/laravel/framework/src/Illuminate/Foundation/Http/Middleware/TransformsRequest.php(21): Illuminate/Pipeline/Pipeline->Illuminate/Pipeline/{closure}(Object(Illuminate/Http/Request))
#24 C:/Users/DELL/OneDrive/Desktop/Parking-Finder2-main/vendor/laravel/framework/src/Illuminate/Foundation/Http/Middleware/ConvertEmptyStringsToNull.php(31): Illuminate/Foundation/Http/Middleware/TransformsRequest->handle(Object(Illuminate/Http/Request), Object(Closure))
#25 C:/Users/DELL/OneDrive/Desktop/Parking-Finder2-main/vendor/laravel/framework/src/Illuminate/Pipeline/Pipeline.php(219): Illuminate/Foundation/Http/Middleware/ConvertEmptyStringsToNull->handle(Object(Illuminate/Http/Request), Object(Closure))
#26 C:/Users/DELL/OneDrive/Desktop/Parking-Finder2-main/vendor/laravel/framework/src/Illuminate/Foundation/Http/Middleware/TransformsRequest.php(21): Illuminate/Pipeline/Pipeline->Illuminate/Pipeline/{closure}(Object(Illuminate/Http/Request))
#27 C:/Users/DELL/OneDrive/Desktop/Parking-Finder2-main/vendor/laravel/framework/src/Illuminate/Foundation/Http/Middleware/TrimStrings.php(51): Illuminate/Foundation/Http/Middleware/TransformsRequest->handle(Object(Illuminate/Http/Request), Object(Closure))
#28 C:/Users/DELL/OneDrive/Desktop/Parking-Finder2-main/vendor/laravel/framework/src/Illuminate/Pipeline/Pipeline.php(219): Illuminate/Foundation/Http/Middleware/TrimStrings->handle(Object(Illuminate/Http/Request), Object(Closure))
#29 C:/Users/DELL/OneDrive/Desktop/Parking-Finder2-main/vendor/laravel/framework/src/Illuminate/Http/Middleware/ValidatePostSize.php(27): Illuminate/Pipeline/Pipeline->Illuminate/Pipeline/{closure}(Object(Illuminate/Http/Request))
#30 C:/Users/DELL/OneDrive/Desktop/Parking-Finder2-main/vendor/laravel/framework/src/Illuminate/Pipeline/Pipeline.php(219): Illuminate/Http/Middleware/ValidatePostSize->handle(Object(Illuminate/Http/Request), Object(Closure))
#31 C:/Users/DELL/OneDrive/Desktop/Parking-Finder2-main/vendor/laravel/framework/src/Illuminate/Foundation/Http/Middleware/PreventRequestsDuringMaintenance.php(109): Illuminate/Pipeline/Pipeline->Illuminate/Pipeline/{closure}(Object(Illuminate/Http/Request))
#32 C:/Users/DELL/OneDrive/Desktop/Parking-Finder2-main/vendor/laravel/framework/src/Illuminate/Pipeline/Pipeline.php(219): Illuminate/Foundation/Http/Middleware/PreventRequestsDuringMaintenance->handle(Object(Illuminate/Http/Request), Object(Closure))
#33 C:/Users/DELL/OneDrive/Desktop/Parking-Finder2-main/vendor/laravel/framework/src/Illuminate/Http/Middleware/HandleCors.php(48): Illuminate/Pipeline/Pipeline->Illuminate/Pipeline/{closure}(Object(Illuminate/Http/Request))
#34 C:/Users/DELL/OneDrive/Desktop/Parking-Finder2-main/vendor/laravel/framework/src/Illuminate/Pipeline/Pipeline.php(219): Illuminate/Http/Middleware/HandleCors->handle(Object(Illuminate/Http/Request), Object(Closure))
#35 C:/Users/DELL/OneDrive/Desktop/Parking-Finder2-main/vendor/laravel/framework/src/Illuminate/Http/Middleware/TrustProxies.php(58): Illuminate/Pipeline/Pipeline->Illuminate/Pipeline/{closure}(Object(Illuminate/Http/Request))
#36 C:/Users/DELL/OneDrive/Desktop/Parking-Finder2-main/vendor/laravel/framework/src/Illuminate/Pipeline/Pipeline.php(219): Illuminate/Http/Middleware/TrustProxies->handle(Object(Illuminate/Http/Request), Object(Closure))
#37 C:/Users/DELL/OneDrive/Desktop/Parking-Finder2-main/vendor/laravel/framework/src/Illuminate/Foundation/Http/Middleware/InvokeDeferredCallbacks.php(22): Illuminate/Pipeline/Pipeline->Illuminate/Pipeline/{closure}(Object(Illuminate/Http/Request))
#38 C:/Users/DELL/OneDrive/Desktop/Parking-Finder2-main/vendor/laravel/framework/src/Illuminate/Pipeline/Pipeline.php(219): Illuminate/Foundation/Http/Middleware/InvokeDeferredCallbacks->handle(Object(Illuminate/Http/Request), Object(Closure))
#39 C:/Users/DELL/OneDrive/Desktop/Parking-Finder2-main/vendor/laravel/framework/src/Illuminate/Http/Middleware/ValidatePathEncoding.php(26): Illuminate/Pipeline/Pipeline->Illuminate/Pipeline/{closure}(Object(Illuminate/Http/Request))
#40 C:/Users/DELL/OneDrive/Desktop/Parking-Finder2-main/vendor/laravel/framework/src/Illuminate/Pipeline/Pipeline.php(219): Illuminate/Http/Middleware/ValidatePathEncoding->handle(Object(Illuminate/Http/Request), Object(Closure))
#41 C:/Users/DELL/OneDrive/Desktop/Parking-Finder2-main/vendor/laravel/framework/src/Illuminate/Pipeline/Pipeline.php(137): Illuminate/Pipeline/Pipeline->Illuminate/Pipeline/{closure}(Object(Illuminate/Http/Request))
#42 C:/Users/DELL/OneDrive/Desktop/Parking-Finder2-main/vendor/laravel/framework/src/Illuminate/Foundation/Http/Kernel.php(175): Illuminate/Pipeline/Pipeline->then(Object(Closure))
#43 C:/Users/DELL/OneDrive/Desktop/Parking-Finder2-main/vendor/laravel/framework/src/Illuminate/Foundation/Http/Kernel.php(144): Illuminate/Foundation/Http/Kernel->sendRequestThroughRouter(Object(Illuminate/Http/Request))
#44 C:/Users/DELL/OneDrive/Desktop/Parking-Finder2-main/vendor/laravel/framework/src/Illuminate/Foundation/Application.php(1220): Illuminate/Foundation/Http/Kernel->handle(Object(Illuminate/Http/Request))
#45 C:/Users/DELL/OneDrive/Desktop/Parking-Finder2-main/public/index.php(20): Illuminate/Foundation/Application->handleRequest(Object(Illuminate/Http/Request))
#46 C:/Users/DELL/OneDrive/Desktop/Parking-Finder2-main/vendor/laravel/framework/src/Illuminate/Foundation/resources/server.php(23): require_once('C://Users//DELL//O...')
#47 {main}
"} 
[2026-01-19 16:23:31] local.ERROR: Class "App\Http\Middleware\auth" not found {"userId":10,"exception":"[object] (Error(code: 0): Class \"App\\Http\\Middleware\\auth\" not found at C:/Users/DELL/OneDrive/Desktop/Parking-Finder2-main/app/Http/Middleware/AdminMiddleware.php:19)
[stacktrace]
#0 C:/Users/DELL/OneDrive/Desktop/Parking-Finder2-main/vendor/laravel/framework/src/Illuminate/Pipeline/Pipeline.php(219): App/Http/Middleware/AdminMiddleware->handle(Object(Illuminate/Http/Request), Object(Closure))
#1 C:/Users/DELL/OneDrive/Desktop/Parking-Finder2-main/vendor/laravel/framework/src/Illuminate/Routing/Middleware/SubstituteBindings.php(50): Illuminate/Pipeline/Pipeline->Illuminate/Pipeline/{closure}(Object(Illuminate/Http/Request))
#2 C:/Users/DELL/OneDrive/Desktop/Parking-Finder2-main/vendor/laravel/framework/src/Illuminate/Pipeline/Pipeline.php(219): Illuminate/Routing/Middleware/SubstituteBindings->handle(Object(Illuminate/Http/Request), Object(Closure))
#3 C:/Users/DELL/OneDrive/Desktop/Parking-Finder2-main/vendor/laravel/framework/src/Illuminate/Auth/Middleware/Authenticate.php(63): Illuminate/Pipeline/Pipeline->Illuminate/Pipeline/{closure}(Object(Illuminate/Http/Request))
#4 C:/Users/DELL/OneDrive/Desktop/Parking-Finder2-main/vendor/laravel/framework/src/Illuminate/Pipeline/Pipeline.php(219): Illuminate/Auth/Middleware/Authenticate->handle(Object(Illuminate/Http/Request), Object(Closure))
#5 C:/Users/DELL/OneDrive/Desktop/Parking-Finder2-main/vendor/laravel/framework/src/Illuminate/Foundation/Http/Middleware/VerifyCsrfToken.php(87): Illuminate/Pipeline/Pipeline->Illuminate/Pipeline/{closure}(Object(Illuminate/Http/Request))
#6 C:/Users/DELL/OneDrive/Desktop/Parking-Finder2-main/vendor/laravel/framework/src/Illuminate/Pipeline/Pipeline.php(219): Illuminate/Foundation/Http/Middleware/VerifyCsrfToken->handle(Object(Illuminate/Http/Request), Object(Closure))
#7 C:/Users/DELL/OneDrive/Desktop/Parking-Finder2-main/vendor/laravel/framework/src/Illuminate/View/Middleware/ShareErrorsFromSession.php(48): Illuminate/Pipeline/Pipeline->Illuminate/Pipeline/{closure}(Object(Illuminate/Http/Request))
#8 C:/Users/DELL/OneDrive/Desktop/Parking-Finder2-main/vendor/laravel/framework/src/Illuminate/Pipeline/Pipeline.php(219): Illuminate/View/Middleware/ShareErrorsFromSession->handle(Object(Illuminate/Http/Request), Object(Closure))
#9 C:/Users/DELL/OneDrive/Desktop/Parking-Finder2-main/vendor/laravel/framework/src/Illuminate/Session/Middleware/StartSession.php(120): Illuminate/Pipeline/Pipeline->Illuminate/Pipeline/{closure}(Object(Illuminate/Http/Request))
#10 C:/Users/DELL/OneDrive/Desktop/Parking-Finder2-main/vendor/laravel/framework/src/Illuminate/Session/Middleware/StartSession.php(63): Illuminate/Session/Middleware/StartSession->handleStatefulRequest(Object(Illuminate/Http/Request), Object(Illuminate/Session/Store), Object(Closure))
#11 C:/Users/DELL/OneDrive/Desktop/Parking-Finder2-main/vendor/laravel/framework/src/Illuminate/Pipeline/Pipeline.php(219): Illuminate/Session/Middleware/StartSession->handle(Object(Illuminate/Http/Request), Object(Closure))
#12 C:/Users/DELL/OneDrive/Desktop/Parking-Finder2-main/vendor/laravel/framework/src/Illuminate/Cookie/Middleware/AddQueuedCookiesToResponse.php(36): Illuminate/Pipeline/Pipeline->Illuminate/Pipeline/{closure}(Object(Illuminate/Http/Request))
#13 C:/Users/DELL/OneDrive/Desktop/Parking-Finder2-main/vendor/laravel/framework/src/Illuminate/Pipeline/Pipeline.php(219): Illuminate/Cookie/Middleware/AddQueuedCookiesToResponse->handle(Object(Illuminate/Http/Request), Object(Closure))
#14 C:/Users/DELL/OneDrive/Desktop/Parking-Finder2-main/vendor/laravel/framework/src/Illuminate/Cookie/Middleware/EncryptCookies.php(74): Illuminate/Pipeline/Pipeline->Illuminate/Pipeline/{closure}(Object(Illuminate/Http/Request))
#15 C:/Users/DELL/OneDrive/Desktop/Parking-Finder2-main/vendor/laravel/framework/src/Illuminate/Pipeline/Pipeline.php(219): Illuminate/Cookie/Middleware/EncryptCookies->handle(Object(Illuminate/Http/Request), Object(Closure))
#16 C:/Users/DELL/OneDrive/Desktop/Parking-Finder2-main/vendor/laravel/framework/src/Illuminate/Pipeline/Pipeline.php(137): Illuminate/Pipeline/Pipeline->Illuminate/Pipeline/{closure}(Object(Illuminate/Http/Request))
#17 C:/Users/DELL/OneDrive/Desktop/Parking-Finder2-main/vendor/laravel/framework/src/Illuminate/Routing/Router.php(821): Illuminate/Pipeline/Pipeline->then(Object(Closure))
#18 C:/Users/DELL/OneDrive/Desktop/Parking-Finder2-main/vendor/laravel/framework/src/Illuminate/Routing/Router.php(800): Illuminate/Routing/Router->runRouteWithinStack(Object(Illuminate/Routing/Route), Object(Illuminate/Http/Request))
#19 C:/Users/DELL/OneDrive/Desktop/Parking-Finder2-main/vendor/laravel/framework/src/Illuminate/Routing/Router.php(764): Illuminate/Routing/Router->runRoute(Object(Illuminate/Http/Request), Object(Illuminate/Routing/Route))
#20 C:/Users/DELL/OneDrive/Desktop/Parking-Finder2-main/vendor/laravel/framework/src/Illuminate/Routing/Router.php(753): Illuminate/Routing/Router->dispatchToRoute(Object(Illuminate/Http/Request))
#21 C:/Users/DELL/OneDrive/Desktop/Parking-Finder2-main/vendor/laravel/framework/src/Illuminate/Foundation/Http/Kernel.php(200): Illuminate/Routing/Router->dispatch(Object(Illuminate/Http/Request))
#22 C:/Users/DELL/OneDrive/Desktop/Parking-Finder2-main/vendor/laravel/framework/src/Illuminate/Pipeline/Pipeline.php(180): Illuminate/Foundation/Http/Kernel->Illuminate/Foundation/Http/{closure}(Object(Illuminate/Http/Request))
#23 C:/Users/DELL/OneDrive/Desktop/Parking-Finder2-main/vendor/laravel/framework/src/Illuminate/Foundation/Http/Middleware/TransformsRequest.php(21): Illuminate/Pipeline/Pipeline->Illuminate/Pipeline/{closure}(Object(Illuminate/Http/Request))
#24 C:/Users/DELL/OneDrive/Desktop/Parking-Finder2-main/vendor/laravel/framework/src/Illuminate/Foundation/Http/Middleware/ConvertEmptyStringsToNull.php(31): Illuminate/Foundation/Http/Middleware/TransformsRequest->handle(Object(Illuminate/Http/Request), Object(Closure))
#25 C:/Users/DELL/OneDrive/Desktop/Parking-Finder2-main/vendor/laravel/framework/src/Illuminate/Pipeline/Pipeline.php(219): Illuminate/Foundation/Http/Middleware/ConvertEmptyStringsToNull->handle(Object(Illuminate/Http/Request), Object(Closure))
#26 C:/Users/DELL/OneDrive/Desktop/Parking-Finder2-main/vendor/laravel/framework/src/Illuminate/Foundation/Http/Middleware/TransformsRequest.php(21): Illuminate/Pipeline/Pipeline->Illuminate/Pipeline/{closure}(Object(Illuminate/Http/Request))
#27 C:/Users/DELL/OneDrive/Desktop/Parking-Finder2-main/vendor/laravel/framework/src/Illuminate/Foundation/Http/Middleware/TrimStrings.php(51): Illuminate/Foundation/Http/Middleware/TransformsRequest->handle(Object(Illuminate/Http/Request), Object(Closure))
#28 C:/Users/DELL/OneDrive/Desktop/Parking-Finder2-main/vendor/laravel/framework/src/Illuminate/Pipeline/Pipeline.php(219): Illuminate/Foundation/Http/Middleware/TrimStrings->handle(Object(Illuminate/Http/Request), Object(Closure))
#29 C:/Users/DELL/OneDrive/Desktop/Parking-Finder2-main/vendor/laravel/framework/src/Illuminate/Http/Middleware/ValidatePostSize.php(27): Illuminate/Pipeline/Pipeline->Illuminate/Pipeline/{closure}(Object(Illuminate/Http/Request))
#30 C:/Users/DELL/OneDrive/Desktop/Parking-Finder2-main/vendor/laravel/framework/src/Illuminate/Pipeline/Pipeline.php(219): Illuminate/Http/Middleware/ValidatePostSize->handle(Object(Illuminate/Http/Request), Object(Closure))
#31 C:/Users/DELL/OneDrive/Desktop/Parking-Finder2-main/vendor/laravel/framework/src/Illuminate/Foundation/Http/Middleware/PreventRequestsDuringMaintenance.php(109): Illuminate/Pipeline/Pipeline->Illuminate/Pipeline/{closure}(Object(Illuminate/Http/Request))
#32 C:/Users/DELL/OneDrive/Desktop/Parking-Finder2-main/vendor/laravel/framework/src/Illuminate/Pipeline/Pipeline.php(219): Illuminate/Foundation/Http/Middleware/PreventRequestsDuringMaintenance->handle(Object(Illuminate/Http/Request), Object(Closure))
#33 C:/Users/DELL/OneDrive/Desktop/Parking-Finder2-main/vendor/laravel/framework/src/Illuminate/Http/Middleware/HandleCors.php(48): Illuminate/Pipeline/Pipeline->Illuminate/Pipeline/{closure}(Object(Illuminate/Http/Request))
#34 C:/Users/DELL/OneDrive/Desktop/Parking-Finder2-main/vendor/laravel/framework/src/Illuminate/Pipeline/Pipeline.php(219): Illuminate/Http/Middleware/HandleCors->handle(Object(Illuminate/Http/Request), Object(Closure))
#35 C:/Users/DELL/OneDrive/Desktop/Parking-Finder2-main/vendor/laravel/framework/src/Illuminate/Http/Middleware/TrustProxies.php(58): Illuminate/Pipeline/Pipeline->Illuminate/Pipeline/{closure}(Object(Illuminate/Http/Request))
#36 C:/Users/DELL/OneDrive/Desktop/Parking-Finder2-main/vendor/laravel/framework/src/Illuminate/Pipeline/Pipeline.php(219): Illuminate/Http/Middleware/TrustProxies->handle(Object(Illuminate/Http/Request), Object(Closure))
#37 C:/Users/DELL/OneDrive/Desktop/Parking-Finder2-main/vendor/laravel/framework/src/Illuminate/Foundation/Http/Middleware/InvokeDeferredCallbacks.php(22): Illuminate/Pipeline/Pipeline->Illuminate/Pipeline/{closure}(Object(Illuminate/Http/Request))
#38 C:/Users/DELL/OneDrive/Desktop/Parking-Finder2-main/vendor/laravel/framework/src/Illuminate/Pipeline/Pipeline.php(219): Illuminate/Foundation/Http/Middleware/InvokeDeferredCallbacks->handle(Object(Illuminate/Http/Request), Object(Closure))
#39 C:/Users/DELL/OneDrive/Desktop/Parking-Finder2-main/vendor/laravel/framework/src/Illuminate/Http/Middleware/ValidatePathEncoding.php(26): Illuminate/Pipeline/Pipeline->Illuminate/Pipeline/{closure}(Object(Illuminate/Http/Request))
#40 C:/Users/DELL/OneDrive/Desktop/Parking-Finder2-main/vendor/laravel/framework/src/Illuminate/Pipeline/Pipeline.php(219): Illuminate/Http/Middleware/ValidatePathEncoding->handle(Object(Illuminate/Http/Request), Object(Closure))
#41 C:/Users/DELL/OneDrive/Desktop/Parking-Finder2-main/vendor/laravel/framework/src/Illuminate/Pipeline/Pipeline.php(137): Illuminate/Pipeline/Pipeline->Illuminate/Pipeline/{closure}(Object(Illuminate/Http/Request))
#42 C:/Users/DELL/OneDrive/Desktop/Parking-Finder2-main/vendor/laravel/framework/src/Illuminate/Foundation/Http/Kernel.php(175): Illuminate/Pipeline/Pipeline->then(Object(Closure))
#43 C:/Users/DELL/OneDrive/Desktop/Parking-Finder2-main/vendor/laravel/framework/src/Illuminate/Foundation/Http/Kernel.php(144): Illuminate/Foundation/Http/Kernel->sendRequestThroughRouter(Object(Illuminate/Http/Request))
#44 C:/Users/DELL/OneDrive/Desktop/Parking-Finder2-main/vendor/laravel/framework/src/Illuminate/Foundation/Application.php(1220): Illuminate/Foundation/Http/Kernel->handle(Object(Illuminate/Http/Request))
#45 C:/Users/DELL/OneDrive/Desktop/Parking-Finder2-main/public/index.php(20): Illuminate/Foundation/Application->handleRequest(Object(Illuminate/Http/Request))
#46 C:/Users/DELL/OneDrive/Desktop/Parking-Finder2-main/vendor/laravel/framework/src/Illuminate/Foundation/resources/server.php(23): require_once('C://Users//DELL//O...')
#47 {main}
"} 
[2026-01-19 16:43:54] local.ERROR: SQLSTATE[HY000] [2002] No connection could be made because the target machine actively refused it (Connection: mysql, Host: 127.0.0.1, Port: 3306, Database: laravel, SQL: select * from `sessions` where `id` = mWcEL5CCd9KjN5AfK6chflGcQV4XRiEcTQqeU7Ls limit 1) {"exception":"[object] (Illuminate\\Database\\QueryException(code: 2002): SQLSTATE[HY000] [2002] No connection could be made because the target machine actively refused it (Connection: mysql, Host: 127.0.0.1, Port: 3306, Database: laravel, SQL: select * from `sessions` where `id` = mWcEL5CCd9KjN5AfK6chflGcQV4XRiEcTQqeU7Ls limit 1) at C:/Users/DELL/OneDrive/Desktop/Parking-Finder2-main/vendor/laravel/framework/src/Illuminate/Database/Connection.php:831)
[stacktrace]
#0 C:/Users/DELL/OneDrive/Desktop/Parking-Finder2-main/vendor/laravel/framework/src/Illuminate/Database/Connection.php(992): Illuminate/Database/Connection->runQueryCallback('select * from `...', Array, Object(Closure))
#1 C:/Users/DELL/OneDrive/Desktop/Parking-Finder2-main/vendor/laravel/framework/src/Illuminate/Database/Connection.php(971): Illuminate/Database/Connection->tryAgainIfCausedByLostConnection(Object(Illuminate/Database/QueryException), 'select * from `...', Array, Object(Closure))
#2 C:/Users/DELL/OneDrive/Desktop/Parking-Finder2-main/vendor/laravel/framework/src/Illuminate/Database/Connection.php(789): Illuminate/Database/Connection->handleQueryException(Object(Illuminate/Database/QueryException), 'select * from `...', Array, Object(Closure))
#3 C:/Users/DELL/OneDrive/Desktop/Parking-Finder2-main/vendor/laravel/framework/src/Illuminate/Database/Connection.php(404): Illuminate/Database/Connection->run('select * from `...', Array, Object(Closure))
#4 C:/Users/DELL/OneDrive/Desktop/Parking-Finder2-main/vendor/laravel/framework/src/Illuminate/Database/Query/Builder.php(3232): Illuminate/Database/Connection->select('select * from `...', Array, false)
#5 C:/Users/DELL/OneDrive/Desktop/Parking-Finder2-main/vendor/laravel/framework/src/Illuminate/Database/Query/Builder.php(3217): Illuminate/Database/Query/Builder->runSelect()
#6 C:/Users/DELL/OneDrive/Desktop/Parking-Finder2-main/vendor/laravel/framework/src/Illuminate/Database/Query/Builder.php(3807): Illuminate/Database/Query/Builder->Illuminate/Database/Query/{closure}()
#7 C:/Users/DELL/OneDrive/Desktop/Parking-Finder2-main/vendor/laravel/framework/src/Illuminate/Database/Query/Builder.php(3216): Illuminate/Database/Query/Builder->onceWithColumns(Array, Object(Closure))
#8 C:/Users/DELL/OneDrive/Desktop/Parking-Finder2-main/vendor/laravel/framework/src/Illuminate/Database/Concerns/BuildsQueries.php(366): Illuminate/Database/Query/Builder->get(Array)
#9 C:/Users/DELL/OneDrive/Desktop/Parking-Finder2-main/vendor/laravel/framework/src/Illuminate/Database/Query/Builder.php(3139): Illuminate/Database/Query/Builder->first(Array)
#10 C:/Users/DELL/OneDrive/Desktop/Parking-Finder2-main/vendor/laravel/framework/src/Illuminate/Session/DatabaseSessionHandler.php(96): Illuminate/Database/Query/Builder->find('mWcEL5CCd9KjN5A...')
#11 C:/Users/DELL/OneDrive/Desktop/Parking-Finder2-main/vendor/laravel/framework/src/Illuminate/Session/Store.php(126): Illuminate/Session/DatabaseSessionHandler->read('mWcEL5CCd9KjN5A...')
#12 C:/Users/DELL/OneDrive/Desktop/Parking-Finder2-main/vendor/laravel/framework/src/Illuminate/Session/Store.php(114): Illuminate/Session/Store->readFromHandler()
#13 C:/Users/DELL/OneDrive/Desktop/Parking-Finder2-main/vendor/laravel/framework/src/Illuminate/Session/Store.php(98): Illuminate/Session/Store->loadSession()
#14 C:/Users/DELL/OneDrive/Desktop/Parking-Finder2-main/vendor/laravel/framework/src/Illuminate/Session/Middleware/StartSession.php(146): Illuminate/Session/Store->start()
#15 C:/Users/DELL/OneDrive/Desktop/Parking-Finder2-main/vendor/laravel/framework/src/Illuminate/Support/helpers.php(390): Illuminate/Session/Middleware/StartSession->Illuminate/Session/Middleware/{closure}(Object(Illuminate/Session/Store))
#16 C:/Users/DELL/OneDrive/Desktop/Parking-Finder2-main/vendor/laravel/framework/src/Illuminate/Session/Middleware/StartSession.php(143): tap(Object(Illuminate/Session/Store), Object(Closure))
#17 C:/Users/DELL/OneDrive/Desktop/Parking-Finder2-main/vendor/laravel/framework/src/Illuminate/Session/Middleware/StartSession.php(115): Illuminate/Session/Middleware/StartSession->startSession(Object(Illuminate/Http/Request), Object(Illuminate/Session/Store))
#18 C:/Users/DELL/OneDrive/Desktop/Parking-Finder2-main/vendor/laravel/framework/src/Illuminate/Session/Middleware/StartSession.php(63): Illuminate/Session/Middleware/StartSession->handleStatefulRequest(Object(Illuminate/Http/Request), Object(Illuminate/Session/Store), Object(Closure))
#19 C:/Users/DELL/OneDrive/Desktop/Parking-Finder2-main/vendor/laravel/framework/src/Illuminate/Pipeline/Pipeline.php(219): Illuminate/Session/Middleware/StartSession->handle(Object(Illuminate/Http/Request), Object(Closure))
#20 C:/Users/DELL/OneDrive/Desktop/Parking-Finder2-main/vendor/laravel/framework/src/Illuminate/Cookie/Middleware/AddQueuedCookiesToResponse.php(36): Illuminate/Pipeline/Pipeline->Illuminate/Pipeline/{closure}(Object(Illuminate/Http/Request))
#21 C:/Users/DELL/OneDrive/Desktop/Parking-Finder2-main/vendor/laravel/framework/src/Illuminate/Pipeline/Pipeline.php(219): Illuminate/Cookie/Middleware/AddQueuedCookiesToResponse->handle(Object(Illuminate/Http/Request), Object(Closure))
#22 C:/Users/DELL/OneDrive/Desktop/Parking-Finder2-main/vendor/laravel/framework/src/Illuminate/Cookie/Middleware/EncryptCookies.php(74): Illuminate/Pipeline/Pipeline->Illuminate/Pipeline/{closure}(Object(Illuminate/Http/Request))
#23 C:/Users/DELL/OneDrive/Desktop/Parking-Finder2-main/vendor/laravel/framework/src/Illuminate/Pipeline/Pipeline.php(219): Illuminate/Cookie/Middleware/EncryptCookies->handle(Object(Illuminate/Http/Request), Object(Closure))
#24 C:/Users/DELL/OneDrive/Desktop/Parking-Finder2-main/vendor/laravel/framework/src/Illuminate/Pipeline/Pipeline.php(137): Illuminate/Pipeline/Pipeline->Illuminate/Pipeline/{closure}(Object(Illuminate/Http/Request))
#25 C:/Users/DELL/OneDrive/Desktop/Parking-Finder2-main/vendor/laravel/framework/src/Illuminate/Routing/Router.php(821): Illuminate/Pipeline/Pipeline->then(Object(Closure))
#26 C:/Users/DELL/OneDrive/Desktop/Parking-Finder2-main/vendor/laravel/framework/src/Illuminate/Routing/Router.php(800): Illuminate/Routing/Router->runRouteWithinStack(Object(Illuminate/Routing/Route), Object(Illuminate/Http/Request))
#27 C:/Users/DELL/OneDrive/Desktop/Parking-Finder2-main/vendor/laravel/framework/src/Illuminate/Routing/Router.php(764): Illuminate/Routing/Router->runRoute(Object(Illuminate/Http/Request), Object(Illuminate/Routing/Route))
#28 C:/Users/DELL/OneDrive/Desktop/Parking-Finder2-main/vendor/laravel/framework/src/Illuminate/Routing/Router.php(753): Illuminate/Routing/Router->dispatchToRoute(Object(Illuminate/Http/Request))
#29 C:/Users/DELL/OneDrive/Desktop/Parking-Finder2-main/vendor/laravel/framework/src/Illuminate/Foundation/Http/Kernel.php(200): Illuminate/Routing/Router->dispatch(Object(Illuminate/Http/Request))
#30 C:/Users/DELL/OneDrive/Desktop/Parking-Finder2-main/vendor/laravel/framework/src/Illuminate/Pipeline/Pipeline.php(180): Illuminate/Foundation/Http/Kernel->Illuminate/Foundation/Http/{closure}(Object(Illuminate/Http/Request))
#31 C:/Users/DELL/OneDrive/Desktop/Parking-Finder2-main/vendor/laravel/framework/src/Illuminate/Foundation/Http/Middleware/TransformsRequest.php(21): Illuminate/Pipeline/Pipeline->Illuminate/Pipeline/{closure}(Object(Illuminate/Http/Request))
#32 C:/Users/DELL/OneDrive/Desktop/Parking-Finder2-main/vendor/laravel/framework/src/Illuminate/Foundation/Http/Middleware/ConvertEmptyStringsToNull.php(31): Illuminate/Foundation/Http/Middleware/TransformsRequest->handle(Object(Illuminate/Http/Request), Object(Closure))
#33 C:/Users/DELL/OneDrive/Desktop/Parking-Finder2-main/vendor/laravel/framework/src/Illuminate/Pipeline/Pipeline.php(219): Illuminate/Foundation/Http/Middleware/ConvertEmptyStringsToNull->handle(Object(Illuminate/Http/Request), Object(Closure))
#34 C:/Users/DELL/OneDrive/Desktop/Parking-Finder2-main/vendor/laravel/framework/src/Illuminate/Foundation/Http/Middleware/TransformsRequest.php(21): Illuminate/Pipeline/Pipeline->Illuminate/Pipeline/{closure}(Object(Illuminate/Http/Request))
#35 C:/Users/DELL/OneDrive/Desktop/Parking-Finder2-main/vendor/laravel/framework/src/Illuminate/Foundation/Http/Middleware/TrimStrings.php(51): Illuminate/Foundation/Http/Middleware/TransformsRequest->handle(Object(Illuminate/Http/Request), Object(Closure))
#36 C:/Users/DELL/OneDrive/Desktop/Parking-Finder2-main/vendor/laravel/framework/src/Illuminate/Pipeline/Pipeline.php(219): Illuminate/Foundation/Http/Middleware/TrimStrings->handle(Object(Illuminate/Http/Request), Object(Closure))
#37 C:/Users/DELL/OneDrive/Desktop/Parking-Finder2-main/vendor/laravel/framework/src/Illuminate/Http/Middleware/ValidatePostSize.php(27): Illuminate/Pipeline/Pipeline->Illuminate/Pipeline/{closure}(Object(Illuminate/Http/Request))
#38 C:/Users/DELL/OneDrive/Desktop/Parking-Finder2-main/vendor/laravel/framework/src/Illuminate/Pipeline/Pipeline.php(219): Illuminate/Http/Middleware/ValidatePostSize->handle(Object(Illuminate/Http/Request), Object(Closure))
#39 C:/Users/DELL/OneDrive/Desktop/Parking-Finder2-main/vendor/laravel/framework/src/Illuminate/Foundation/Http/Middleware/PreventRequestsDuringMaintenance.php(109): Illuminate/Pipeline/Pipeline->Illuminate/Pipeline/{closure}(Object(Illuminate/Http/Request))
#40 C:/Users/DELL/OneDrive/Desktop/Parking-Finder2-main/vendor/laravel/framework/src/Illuminate/Pipeline/Pipeline.php(219): Illuminate/Foundation/Http/Middleware/PreventRequestsDuringMaintenance->handle(Object(Illuminate/Http/Request), Object(Closure))
#41 C:/Users/DELL/OneDrive/Desktop/Parking-Finder2-main/vendor/laravel/framework/src/Illuminate/Http/Middleware/HandleCors.php(48): Illuminate/Pipeline/Pipeline->Illuminate/Pipeline/{closure}(Object(Illuminate/Http/Request))
#42 C:/Users/DELL/OneDrive/Desktop/Parking-Finder2-main/vendor/laravel/framework/src/Illuminate/Pipeline/Pipeline.php(219): Illuminate/Http/Middleware/HandleCors->handle(Object(Illuminate/Http/Request), Object(Closure))
#43 C:/Users/DELL/OneDrive/Desktop/Parking-Finder2-main/vendor/laravel/framework/src/Illuminate/Http/Middleware/TrustProxies.php(58): Illuminate/Pipeline/Pipeline->Illuminate/Pipeline/{closure}(Object(Illuminate/Http/Request))
#44 C:/Users/DELL/OneDrive/Desktop/Parking-Finder2-main/vendor/laravel/framework/src/Illuminate/Pipeline/Pipeline.php(219): Illuminate/Http/Middleware/TrustProxies->handle(Object(Illuminate/Http/Request), Object(Closure))
#45 C:/Users/DELL/OneDrive/Desktop/Parking-Finder2-main/vendor/laravel/framework/src/Illuminate/Foundation/Http/Middleware/InvokeDeferredCallbacks.php(22): Illuminate/Pipeline/Pipeline->Illuminate/Pipeline/{closure}(Object(Illuminate/Http/Request))
#46 C:/Users/DELL/OneDrive/Desktop/Parking-Finder2-main/vendor/laravel/framework/src/Illuminate/Pipeline/Pipeline.php(219): Illuminate/Foundation/Http/Middleware/InvokeDeferredCallbacks->handle(Object(Illuminate/Http/Request), Object(Closure))
#47 C:/Users/DELL/OneDrive/Desktop/Parking-Finder2-main/vendor/laravel/framework/src/Illuminate/Http/Middleware/ValidatePathEncoding.php(26): Illuminate/Pipeline/Pipeline->Illuminate/Pipeline/{closure}(Object(Illuminate/Http/Request))
#48 C:/Users/DELL/OneDrive/Desktop/Parking-Finder2-main/vendor/laravel/framework/src/Illuminate/Pipeline/Pipeline.php(219): Illuminate/Http/Middleware/ValidatePathEncoding->handle(Object(Illuminate/Http/Request), Object(Closure))
#49 C:/Users/DELL/OneDrive/Desktop/Parking-Finder2-main/vendor/laravel/framework/src/Illuminate/Pipeline/Pipeline.php(137): Illuminate/Pipeline/Pipeline->Illuminate/Pipeline/{closure}(Object(Illuminate/Http/Request))
#50 C:/Users/DELL/OneDrive/Desktop/Parking-Finder2-main/vendor/laravel/framework/src/Illuminate/Foundation/Http/Kernel.php(175): Illuminate/Pipeline/Pipeline->then(Object(Closure))
#51 C:/Users/DELL/OneDrive/Desktop/Parking-Finder2-main/vendor/laravel/framework/src/Illuminate/Foundation/Http/Kernel.php(144): Illuminate/Foundation/Http/Kernel->sendRequestThroughRouter(Object(Illuminate/Http/Request))
#52 C:/Users/DELL/OneDrive/Desktop/Parking-Finder2-main/vendor/laravel/framework/src/Illuminate/Foundation/Application.php(1220): Illuminate/Foundation/Http/Kernel->handle(Object(Illuminate/Http/Request))
#53 C:/Users/DELL/OneDrive/Desktop/Parking-Finder2-main/public/index.php(20): Illuminate/Foundation/Application->handleRequest(Object(Illuminate/Http/Request))
#54 C:/Users/DELL/OneDrive/Desktop/Parking-Finder2-main/vendor/laravel/framework/src/Illuminate/Foundation/resources/server.php(23): require_once('C://Users//DELL//O...')
#55 {main}

[previous exception] [object] (PDOException(code: 2002): SQLSTATE[HY000] [2002] No connection could be made because the target machine actively refused it at C:/Users/DELL/OneDrive/Desktop/Parking-Finder2-main/vendor/laravel/framework/src/Illuminate/Database/Connectors/Connector.php:66)
[stacktrace]
#0 C:/Users/DELL/OneDrive/Desktop/Parking-Finder2-main/vendor/laravel/framework/src/Illuminate/Database/Connectors/Connector.php(66): PDO->__construct('mysql:host=127....', 'root', Object(SensitiveParameterValue), Array)
#1 C:/Users/DELL/OneDrive/Desktop/Parking-Finder2-main/vendor/laravel/framework/src/Illuminate/Database/Connectors/Connector.php(85): Illuminate/Database/Connectors/Connector->createPdoConnection('mysql:host=127....', 'root', Object(SensitiveParameterValue), Array)
#2 C:/Users/DELL/OneDrive/Desktop/Parking-Finder2-main/vendor/laravel/framework/src/Illuminate/Database/Connectors/Connector.php(48): Illuminate/Database/Connectors/Connector->tryAgainIfCausedByLostConnection(Object(PDOException), 'mysql:host=127....', 'root', Object(SensitiveParameterValue), Array)
#3 C:/Users/DELL/OneDrive/Desktop/Parking-Finder2-main/vendor/laravel/framework/src/Illuminate/Database/Connectors/MySqlConnector.php(24): Illuminate/Database/Connectors/Connector->createConnection('mysql:host=127....', Array, Array)
#4 C:/Users/DELL/OneDrive/Desktop/Parking-Finder2-main/vendor/laravel/framework/src/Illuminate/Database/Connectors/ConnectionFactory.php(184): Illuminate/Database/Connectors/MySqlConnector->connect(Array)
#5 [internal function]: Illuminate/Database/Connectors/ConnectionFactory->Illuminate/Database/Connectors/{closure}()
#6 C:/Users/DELL/OneDrive/Desktop/Parking-Finder2-main/vendor/laravel/framework/src/Illuminate/Database/Connection.php(1250): call_user_func(Object(Closure))
#7 C:/Users/DELL/OneDrive/Desktop/Parking-Finder2-main/vendor/laravel/framework/src/Illuminate/Database/Connection.php(518): Illuminate/Database/Connection->getPdo()
#8 C:/Users/DELL/OneDrive/Desktop/Parking-Finder2-main/vendor/laravel/framework/src/Illuminate/Database/Connection.php(413): Illuminate/Database/Connection->getPdoForSelect(false)
#9 C:/Users/DELL/OneDrive/Desktop/Parking-Finder2-main/vendor/laravel/framework/src/Illuminate/Database/Connection.php(820): Illuminate/Database/Connection->Illuminate/Database/{closure}('select * from `...', Array)
#10 C:/Users/DELL/OneDrive/Desktop/Parking-Finder2-main/vendor/laravel/framework/src/Illuminate/Database/Connection.php(992): Illuminate/Database/Connection->runQueryCallback('select * from `...', Array, Object(Closure))
#11 C:/Users/DELL/OneDrive/Desktop/Parking-Finder2-main/vendor/laravel/framework/src/Illuminate/Database/Connection.php(971): Illuminate/Database/Connection->tryAgainIfCausedByLostConnection(Object(Illuminate/Database/QueryException), 'select * from `...', Array, Object(Closure))
#12 C:/Users/DELL/OneDrive/Desktop/Parking-Finder2-main/vendor/laravel/framework/src/Illuminate/Database/Connection.php(789): Illuminate/Database/Connection->handleQueryException(Object(Illuminate/Database/QueryException), 'select * from `...', Array, Object(Closure))
#13 C:/Users/DELL/OneDrive/Desktop/Parking-Finder2-main/vendor/laravel/framework/src/Illuminate/Database/Connection.php(404): Illuminate/Database/Connection->run('select * from `...', Array, Object(Closure))
#14 C:/Users/DELL/OneDrive/Desktop/Parking-Finder2-main/vendor/laravel/framework/src/Illuminate/Database/Query/Builder.php(3232): Illuminate/Database/Connection->select('select * from `...', Array, false)
#15 C:/Users/DELL/OneDrive/Desktop/Parking-Finder2-main/vendor/laravel/framework/src/Illuminate/Database/Query/Builder.php(3217): Illuminate/Database/Query/Builder->runSelect()
#16 C:/Users/DELL/OneDrive/Desktop/Parking-Finder2-main/vendor/laravel/framework/src/Illuminate/Database/Query/Builder.php(3807): Illuminate/Database/Query/Builder->Illuminate/Database/Query/{closure}()
#17 C:/Users/DELL/OneDrive/Desktop/Parking-Finder2-main/vendor/laravel/framework/src/Illuminate/Database/Query/Builder.php(3216): Illuminate/Database/Query/Builder->onceWithColumns(Array, Object(Closure))
#18 C:/Users/DELL/OneDrive/Desktop/Parking-Finder2-main/vendor/laravel/framework/src/Illuminate/Database/Concerns/BuildsQueries.php(366): Illuminate/Database/Query/Builder->get(Array)
#19 C:/Users/DELL/OneDrive/Desktop/Parking-Finder2-main/vendor/laravel/framework/src/Illuminate/Database/Query/Builder.php(3139): Illuminate/Database/Query/Builder->first(Array)
#20 C:/Users/DELL/OneDrive/Desktop/Parking-Finder2-main/vendor/laravel/framework/src/Illuminate/Session/DatabaseSessionHandler.php(96): Illuminate/Database/Query/Builder->find('mWcEL5CCd9KjN5A...')
#21 C:/Users/DELL/OneDrive/Desktop/Parking-Finder2-main/vendor/laravel/framework/src/Illuminate/Session/Store.php(126): Illuminate/Session/DatabaseSessionHandler->read('mWcEL5CCd9KjN5A...')
#22 C:/Users/DELL/OneDrive/Desktop/Parking-Finder2-main/vendor/laravel/framework/src/Illuminate/Session/Store.php(114): Illuminate/Session/Store->readFromHandler()
#23 C:/Users/DELL/OneDrive/Desktop/Parking-Finder2-main/vendor/laravel/framework/src/Illuminate/Session/Store.php(98): Illuminate/Session/Store->loadSession()
#24 C:/Users/DELL/OneDrive/Desktop/Parking-Finder2-main/vendor/laravel/framework/src/Illuminate/Session/Middleware/StartSession.php(146): Illuminate/Session/Store->start()
#25 C:/Users/DELL/OneDrive/Desktop/Parking-Finder2-main/vendor/laravel/framework/src/Illuminate/Support/helpers.php(390): Illuminate/Session/Middleware/StartSession->Illuminate/Session/Middleware/{closure}(Object(Illuminate/Session/Store))
#26 C:/Users/DELL/OneDrive/Desktop/Parking-Finder2-main/vendor/laravel/framework/src/Illuminate/Session/Middleware/StartSession.php(143): tap(Object(Illuminate/Session/Store), Object(Closure))
#27 C:/Users/DELL/OneDrive/Desktop/Parking-Finder2-main/vendor/laravel/framework/src/Illuminate/Session/Middleware/StartSession.php(115): Illuminate/Session/Middleware/StartSession->startSession(Object(Illuminate/Http/Request), Object(Illuminate/Session/Store))
#28 C:/Users/DELL/OneDrive/Desktop/Parking-Finder2-main/vendor/laravel/framework/src/Illuminate/Session/Middleware/StartSession.php(63): Illuminate/Session/Middleware/StartSession->handleStatefulRequest(Object(Illuminate/Http/Request), Object(Illuminate/Session/Store), Object(Closure))
#29 C:/Users/DELL/OneDrive/Desktop/Parking-Finder2-main/vendor/laravel/framework/src/Illuminate/Pipeline/Pipeline.php(219): Illuminate/Session/Middleware/StartSession->handle(Object(Illuminate/Http/Request), Object(Closure))
#30 C:/Users/DELL/OneDrive/Desktop/Parking-Finder2-main/vendor/laravel/framework/src/Illuminate/Cookie/Middleware/AddQueuedCookiesToResponse.php(36): Illuminate/Pipeline/Pipeline->Illuminate/Pipeline/{closure}(Object(Illuminate/Http/Request))
#31 C:/Users/DELL/OneDrive/Desktop/Parking-Finder2-main/vendor/laravel/framework/src/Illuminate/Pipeline/Pipeline.php(219): Illuminate/Cookie/Middleware/AddQueuedCookiesToResponse->handle(Object(Illuminate/Http/Request), Object(Closure))
#32 C:/Users/DELL/OneDrive/Desktop/Parking-Finder2-main/vendor/laravel/framework/src/Illuminate/Cookie/Middleware/EncryptCookies.php(74): Illuminate/Pipeline/Pipeline->Illuminate/Pipeline/{closure}(Object(Illuminate/Http/Request))
#33 C:/Users/DELL/OneDrive/Desktop/Parking-Finder2-main/vendor/laravel/framework/src/Illuminate/Pipeline/Pipeline.php(219): Illuminate/Cookie/Middleware/EncryptCookies->handle(Object(Illuminate/Http/Request), Object(Closure))
#34 C:/Users/DELL/OneDrive/Desktop/Parking-Finder2-main/vendor/laravel/framework/src/Illuminate/Pipeline/Pipeline.php(137): Illuminate/Pipeline/Pipeline->Illuminate/Pipeline/{closure}(Object(Illuminate/Http/Request))
#35 C:/Users/DELL/OneDrive/Desktop/Parking-Finder2-main/vendor/laravel/framework/src/Illuminate/Routing/Router.php(821): Illuminate/Pipeline/Pipeline->then(Object(Closure))
#36 C:/Users/DELL/OneDrive/Desktop/Parking-Finder2-main/vendor/laravel/framework/src/Illuminate/Routing/Router.php(800): Illuminate/Routing/Router->runRouteWithinStack(Object(Illuminate/Routing/Route), Object(Illuminate/Http/Request))
#37 C:/Users/DELL/OneDrive/Desktop/Parking-Finder2-main/vendor/laravel/framework/src/Illuminate/Routing/Router.php(764): Illuminate/Routing/Router->runRoute(Object(Illuminate/Http/Request), Object(Illuminate/Routing/Route))
#38 C:/Users/DELL/OneDrive/Desktop/Parking-Finder2-main/vendor/laravel/framework/src/Illuminate/Routing/Router.php(753): Illuminate/Routing/Router->dispatchToRoute(Object(Illuminate/Http/Request))
#39 C:/Users/DELL/OneDrive/Desktop/Parking-Finder2-main/vendor/laravel/framework/src/Illuminate/Foundation/Http/Kernel.php(200): Illuminate/Routing/Router->dispatch(Object(Illuminate/Http/Request))
#40 C:/Users/DELL/OneDrive/Desktop/Parking-Finder2-main/vendor/laravel/framework/src/Illuminate/Pipeline/Pipeline.php(180): Illuminate/Foundation/Http/Kernel->Illuminate/Foundation/Http/{closure}(Object(Illuminate/Http/Request))
#41 C:/Users/DELL/OneDrive/Desktop/Parking-Finder2-main/vendor/laravel/framework/src/Illuminate/Foundation/Http/Middleware/TransformsRequest.php(21): Illuminate/Pipeline/Pipeline->Illuminate/Pipeline/{closure}(Object(Illuminate/Http/Request))
#42 C:/Users/DELL/OneDrive/Desktop/Parking-Finder2-main/vendor/laravel/framework/src/Illuminate/Foundation/Http/Middleware/ConvertEmptyStringsToNull.php(31): Illuminate/Foundation/Http/Middleware/TransformsRequest->handle(Object(Illuminate/Http/Request), Object(Closure))
#43 C:/Users/DELL/OneDrive/Desktop/Parking-Finder2-main/vendor/laravel/framework/src/Illuminate/Pipeline/Pipeline.php(219): Illuminate/Foundation/Http/Middleware/ConvertEmptyStringsToNull->handle(Object(Illuminate/Http/Request), Object(Closure))
#44 C:/Users/DELL/OneDrive/Desktop/Parking-Finder2-main/vendor/laravel/framework/src/Illuminate/Foundation/Http/Middleware/TransformsRequest.php(21): Illuminate/Pipeline/Pipeline->Illuminate/Pipeline/{closure}(Object(Illuminate/Http/Request))
#45 C:/Users/DELL/OneDrive/Desktop/Parking-Finder2-main/vendor/laravel/framework/src/Illuminate/Foundation/Http/Middleware/TrimStrings.php(51): Illuminate/Foundation/Http/Middleware/TransformsRequest->handle(Object(Illuminate/Http/Request), Object(Closure))
#46 C:/Users/DELL/OneDrive/Desktop/Parking-Finder2-main/vendor/laravel/framework/src/Illuminate/Pipeline/Pipeline.php(219): Illuminate/Foundation/Http/Middleware/TrimStrings->handle(Object(Illuminate/Http/Request), Object(Closure))
#47 C:/Users/DELL/OneDrive/Desktop/Parking-Finder2-main/vendor/laravel/framework/src/Illuminate/Http/Middleware/ValidatePostSize.php(27): Illuminate/Pipeline/Pipeline->Illuminate/Pipeline/{closure}(Object(Illuminate/Http/Request))
#48 C:/Users/DELL/OneDrive/Desktop/Parking-Finder2-main/vendor/laravel/framework/src/Illuminate/Pipeline/Pipeline.php(219): Illuminate/Http/Middleware/ValidatePostSize->handle(Object(Illuminate/Http/Request), Object(Closure))
#49 C:/Users/DELL/OneDrive/Desktop/Parking-Finder2-main/vendor/laravel/framework/src/Illuminate/Foundation/Http/Middleware/PreventRequestsDuringMaintenance.php(109): Illuminate/Pipeline/Pipeline->Illuminate/Pipeline/{closure}(Object(Illuminate/Http/Request))
#50 C:/Users/DELL/OneDrive/Desktop/Parking-Finder2-main/vendor/laravel/framework/src/Illuminate/Pipeline/Pipeline.php(219): Illuminate/Foundation/Http/Middleware/PreventRequestsDuringMaintenance->handle(Object(Illuminate/Http/Request), Object(Closure))
#51 C:/Users/DELL/OneDrive/Desktop/Parking-Finder2-main/vendor/laravel/framework/src/Illuminate/Http/Middleware/HandleCors.php(48): Illuminate/Pipeline/Pipeline->Illuminate/Pipeline/{closure}(Object(Illuminate/Http/Request))
#52 C:/Users/DELL/OneDrive/Desktop/Parking-Finder2-main/vendor/laravel/framework/src/Illuminate/Pipeline/Pipeline.php(219): Illuminate/Http/Middleware/HandleCors->handle(Object(Illuminate/Http/Request), Object(Closure))
#53 C:/Users/DELL/OneDrive/Desktop/Parking-Finder2-main/vendor/laravel/framework/src/Illuminate/Http/Middleware/TrustProxies.php(58): Illuminate/Pipeline/Pipeline->Illuminate/Pipeline/{closure}(Object(Illuminate/Http/Request))
#54 C:/Users/DELL/OneDrive/Desktop/Parking-Finder2-main/vendor/laravel/framework/src/Illuminate/Pipeline/Pipeline.php(219): Illuminate/Http/Middleware/TrustProxies->handle(Object(Illuminate/Http/Request), Object(Closure))
#55 C:/Users/DELL/OneDrive/Desktop/Parking-Finder2-main/vendor/laravel/framework/src/Illuminate/Foundation/Http/Middleware/InvokeDeferredCallbacks.php(22): Illuminate/Pipeline/Pipeline->Illuminate/Pipeline/{closure}(Object(Illuminate/Http/Request))
#56 C:/Users/DELL/OneDrive/Desktop/Parking-Finder2-main/vendor/laravel/framework/src/Illuminate/Pipeline/Pipeline.php(219): Illuminate/Foundation/Http/Middleware/InvokeDeferredCallbacks->handle(Object(Illuminate/Http/Request), Object(Closure))
#57 C:/Users/DELL/OneDrive/Desktop/Parking-Finder2-main/vendor/laravel/framework/src/Illuminate/Http/Middleware/ValidatePathEncoding.php(26): Illuminate/Pipeline/Pipeline->Illuminate/Pipeline/{closure}(Object(Illuminate/Http/Request))
#58 C:/Users/DELL/OneDrive/Desktop/Parking-Finder2-main/vendor/laravel/framework/src/Illuminate/Pipeline/Pipeline.php(219): Illuminate/Http/Middleware/ValidatePathEncoding->handle(Object(Illuminate/Http/Request), Object(Closure))
#59 C:/Users/DELL/OneDrive/Desktop/Parking-Finder2-main/vendor/laravel/framework/src/Illuminate/Pipeline/Pipeline.php(137): Illuminate/Pipeline/Pipeline->Illuminate/Pipeline/{closure}(Object(Illuminate/Http/Request))
#60 C:/Users/DELL/OneDrive/Desktop/Parking-Finder2-main/vendor/laravel/framework/src/Illuminate/Foundation/Http/Kernel.php(175): Illuminate/Pipeline/Pipeline->then(Object(Closure))
#61 C:/Users/DELL/OneDrive/Desktop/Parking-Finder2-main/vendor/laravel/framework/src/Illuminate/Foundation/Http/Kernel.php(144): Illuminate/Foundation/Http/Kernel->sendRequestThroughRouter(Object(Illuminate/Http/Request))
#62 C:/Users/DELL/OneDrive/Desktop/Parking-Finder2-main/vendor/laravel/framework/src/Illuminate/Foundation/Application.php(1220): Illuminate/Foundation/Http/Kernel->handle(Object(Illuminate/Http/Request))
#63 C:/Users/DELL/OneDrive/Desktop/Parking-Finder2-main/public/index.php(20): Illuminate/Foundation/Application->handleRequest(Object(Illuminate/Http/Request))
#64 C:/Users/DELL/OneDrive/Desktop/Parking-Finder2-main/vendor/laravel/framework/src/Illuminate/Foundation/resources/server.php(23): require_once('C://Users//DELL//O...')
#65 {main}
"} 
[2026-01-19 19:08:27] local.ERROR: SQLSTATE[HY000]: General error: 1005 Can't create table `laravel`.`reservations` (errno: 150 "Foreign key constraint is incorrectly formed") (Connection: mysql, Host: 127.0.0.1, Port: 3306, Database: laravel, SQL: alter table `reservations` add constraint `reservations_spot_id_foreign` foreign key (`spot_id`) references `spots` (`id`) on delete cascade) {"exception":"[object] (Illuminate\\Database\\QueryException(code: HY000): SQLSTATE[HY000]: General error: 1005 Can't create table `laravel`.`reservations` (errno: 150 \"Foreign key constraint is incorrectly formed\") (Connection: mysql, Host: 127.0.0.1, Port: 3306, Database: laravel, SQL: alter table `reservations` add constraint `reservations_spot_id_foreign` foreign key (`spot_id`) references `spots` (`id`) on delete cascade) at C:/Users/DELL/OneDrive/Desktop/Parking-Finder2-main/vendor/laravel/framework/src/Illuminate/Database/Connection.php:831)
[stacktrace]
#0 C:/Users/DELL/OneDrive/Desktop/Parking-Finder2-main/vendor/laravel/framework/src/Illuminate/Database/Connection.php(787): Illuminate/Database/Connection->runQueryCallback('alter table `re...', Array, Object(Closure))
#1 C:/Users/DELL/OneDrive/Desktop/Parking-Finder2-main/vendor/laravel/framework/src/Illuminate/Database/Connection.php(566): Illuminate/Database/Connection->run('alter table `re...', Array, Object(Closure))
#2 C:/Users/DELL/OneDrive/Desktop/Parking-Finder2-main/vendor/laravel/framework/src/Illuminate/Database/Schema/Blueprint.php(121): Illuminate/Database/Connection->statement('alter table `re...')
#3 C:/Users/DELL/OneDrive/Desktop/Parking-Finder2-main/vendor/laravel/framework/src/Illuminate/Database/Schema/Builder.php(650): Illuminate/Database/Schema/Blueprint->build()
#4 C:/Users/DELL/OneDrive/Desktop/Parking-Finder2-main/vendor/laravel/framework/src/Illuminate/Database/Schema/Builder.php(504): Illuminate/Database/Schema/Builder->build(Object(Illuminate/Database/Schema/Blueprint))
#5 C:/Users/DELL/OneDrive/Desktop/Parking-Finder2-main/vendor/laravel/framework/src/Illuminate/Support/Facades/Facade.php(363): Illuminate/Database/Schema/Builder->create('reservations', Object(Closure))
#6 C:/Users/DELL/OneDrive/Desktop/Parking-Finder2-main/database/migrations/2026_01_12_145825_create_reservations_table.php(14): Illuminate/Support/Facades/Facade::__callStatic('create', Array)
#7 C:/Users/DELL/OneDrive/Desktop/Parking-Finder2-main/vendor/laravel/framework/src/Illuminate/Database/Migrations/Migrator.php(517): Illuminate/Database/Migrations/Migration@anonymous->up()
#8 C:/Users/DELL/OneDrive/Desktop/Parking-Finder2-main/vendor/laravel/framework/src/Illuminate/Database/Migrations/Migrator.php(442): Illuminate/Database/Migrations/Migrator->runMethod(Object(Illuminate/Database/MySqlConnection), Object(Illuminate/Database/Migrations/Migration@anonymous), 'up')
#9 C:/Users/DELL/OneDrive/Desktop/Parking-Finder2-main/vendor/laravel/framework/src/Illuminate/Database/Migrations/Migrator.php(451): Illuminate/Database/Migrations/Migrator->Illuminate/Database/Migrations/{closure}()
#10 C:/Users/DELL/OneDrive/Desktop/Parking-Finder2-main/vendor/laravel/framework/src/Illuminate/Database/Migrations/Migrator.php(253): Illuminate/Database/Migrations/Migrator->runMigration(Object(Illuminate/Database/Migrations/Migration@anonymous), 'up')
#11 C:/Users/DELL/OneDrive/Desktop/Parking-Finder2-main/vendor/laravel/framework/src/Illuminate/Console/View/Components/Task.php(41): Illuminate/Database/Migrations/Migrator->Illuminate/Database/Migrations/{closure}()
#12 C:/Users/DELL/OneDrive/Desktop/Parking-Finder2-main/vendor/laravel/framework/src/Illuminate/Database/Migrations/Migrator.php(812): Illuminate/Console/View/Components/Task->render('2026_01_12_1458...', Object(Closure))
#13 C:/Users/DELL/OneDrive/Desktop/Parking-Finder2-main/vendor/laravel/framework/src/Illuminate/Database/Migrations/Migrator.php(253): Illuminate/Database/Migrations/Migrator->write('Illuminate//Cons...', '2026_01_12_1458...', Object(Closure))
#14 C:/Users/DELL/OneDrive/Desktop/Parking-Finder2-main/vendor/laravel/framework/src/Illuminate/Database/Migrations/Migrator.php(211): Illuminate/Database/Migrations/Migrator->runUp('C://Users//DELL//O...', 1, false)
#15 C:/Users/DELL/OneDrive/Desktop/Parking-Finder2-main/vendor/laravel/framework/src/Illuminate/Database/Migrations/Migrator.php(138): Illuminate/Database/Migrations/Migrator->runPending(Array, Array)
#16 C:/Users/DELL/OneDrive/Desktop/Parking-Finder2-main/vendor/laravel/framework/src/Illuminate/Database/Console/Migrations/MigrateCommand.php(116): Illuminate/Database/Migrations/Migrator->run(Array, Array)
#17 C:/Users/DELL/OneDrive/Desktop/Parking-Finder2-main/vendor/laravel/framework/src/Illuminate/Database/Migrations/Migrator.php(669): Illuminate/Database/Console/Migrations/MigrateCommand->Illuminate/Database/Console/Migrations/{closure}()
#18 C:/Users/DELL/OneDrive/Desktop/Parking-Finder2-main/vendor/laravel/framework/src/Illuminate/Database/Console/Migrations/MigrateCommand.php(109): Illuminate/Database/Migrations/Migrator->usingConnection(NULL, Object(Closure))
#19 C:/Users/DELL/OneDrive/Desktop/Parking-Finder2-main/vendor/laravel/framework/src/Illuminate/Database/Console/Migrations/MigrateCommand.php(88): Illuminate/Database/Console/Migrations/MigrateCommand->runMigrations()
#20 C:/Users/DELL/OneDrive/Desktop/Parking-Finder2-main/vendor/laravel/framework/src/Illuminate/Container/BoundMethod.php(36): Illuminate/Database/Console/Migrations/MigrateCommand->handle()
#21 C:/Users/DELL/OneDrive/Desktop/Parking-Finder2-main/vendor/laravel/framework/src/Illuminate/Container/Util.php(43): Illuminate/Container/BoundMethod::Illuminate/Container/{closure}()
#22 C:/Users/DELL/OneDrive/Desktop/Parking-Finder2-main/vendor/laravel/framework/src/Illuminate/Container/BoundMethod.php(96): Illuminate/Container/Util::unwrapIfClosure(Object(Closure))
#23 C:/Users/DELL/OneDrive/Desktop/Parking-Finder2-main/vendor/laravel/framework/src/Illuminate/Container/BoundMethod.php(35): Illuminate/Container/BoundMethod::callBoundMethod(Object(Illuminate/Foundation/Application), Array, Object(Closure))
#24 C:/Users/DELL/OneDrive/Desktop/Parking-Finder2-main/vendor/laravel/framework/src/Illuminate/Container/Container.php(799): Illuminate/Container/BoundMethod::call(Object(Illuminate/Foundation/Application), Array, Array, NULL)
#25 C:/Users/DELL/OneDrive/Desktop/Parking-Finder2-main/vendor/laravel/framework/src/Illuminate/Console/Command.php(211): Illuminate/Container/Container->call(Array)
#26 C:/Users/DELL/OneDrive/Desktop/Parking-Finder2-main/vendor/symfony/console/Command/Command.php(341): Illuminate/Console/Command->execute(Object(Symfony/Component/Console/Input/ArrayInput), Object(Illuminate/Console/OutputStyle))
#27 C:/Users/DELL/OneDrive/Desktop/Parking-Finder2-main/vendor/laravel/framework/src/Illuminate/Console/Command.php(180): Symfony/Component/Console/Command/Command->run(Object(Symfony/Component/Console/Input/ArrayInput), Object(Illuminate/Console/OutputStyle))
#28 C:/Users/DELL/OneDrive/Desktop/Parking-Finder2-main/vendor/laravel/framework/src/Illuminate/Console/Concerns/CallsCommands.php(68): Illuminate/Console/Command->run(Object(Symfony/Component/Console/Input/ArrayInput), Object(Illuminate/Console/OutputStyle))
#29 C:/Users/DELL/OneDrive/Desktop/Parking-Finder2-main/vendor/laravel/framework/src/Illuminate/Console/Concerns/CallsCommands.php(29): Illuminate/Console/Command->runCommand('migrate', Array, Object(Illuminate/Console/OutputStyle))
#30 C:/Users/DELL/OneDrive/Desktop/Parking-Finder2-main/vendor/laravel/framework/src/Illuminate/Database/Console/Migrations/FreshCommand.php(81): Illuminate/Console/Command->call('migrate', Array)
#31 C:/Users/DELL/OneDrive/Desktop/Parking-Finder2-main/vendor/laravel/framework/src/Illuminate/Container/BoundMethod.php(36): Illuminate/Database/Console/Migrations/FreshCommand->handle()
#32 C:/Users/DELL/OneDrive/Desktop/Parking-Finder2-main/vendor/laravel/framework/src/Illuminate/Container/Util.php(43): Illuminate/Container/BoundMethod::Illuminate/Container/{closure}()
#33 C:/Users/DELL/OneDrive/Desktop/Parking-Finder2-main/vendor/laravel/framework/src/Illuminate/Container/BoundMethod.php(96): Illuminate/Container/Util::unwrapIfClosure(Object(Closure))
#34 C:/Users/DELL/OneDrive/Desktop/Parking-Finder2-main/vendor/laravel/framework/src/Illuminate/Container/BoundMethod.php(35): Illuminate/Container/BoundMethod::callBoundMethod(Object(Illuminate/Foundation/Application), Array, Object(Closure))
#35 C:/Users/DELL/OneDrive/Desktop/Parking-Finder2-main/vendor/laravel/framework/src/Illuminate/Container/Container.php(799): Illuminate/Container/BoundMethod::call(Object(Illuminate/Foundation/Application), Array, Array, NULL)
#36 C:/Users/DELL/OneDrive/Desktop/Parking-Finder2-main/vendor/laravel/framework/src/Illuminate/Console/Command.php(211): Illuminate/Container/Container->call(Array)
#37 C:/Users/DELL/OneDrive/Desktop/Parking-Finder2-main/vendor/symfony/console/Command/Command.php(341): Illuminate/Console/Command->execute(Object(Symfony/Component/Console/Input/ArgvInput), Object(Illuminate/Console/OutputStyle))
#38 C:/Users/DELL/OneDrive/Desktop/Parking-Finder2-main/vendor/laravel/framework/src/Illuminate/Console/Command.php(180): Symfony/Component/Console/Command/Command->run(Object(Symfony/Component/Console/Input/ArgvInput), Object(Illuminate/Console/OutputStyle))
#39 C:/Users/DELL/OneDrive/Desktop/Parking-Finder2-main/vendor/symfony/console/Application.php(1102): Illuminate/Console/Command->run(Object(Symfony/Component/Console/Input/ArgvInput), Object(Symfony/Component/Console/Output/ConsoleOutput))
#40 C:/Users/DELL/OneDrive/Desktop/Parking-Finder2-main/vendor/symfony/console/Application.php(356): Symfony/Component/Console/Application->doRunCommand(Object(Illuminate/Database/Console/Migrations/FreshCommand), Object(Symfony/Component/Console/Input/ArgvInput), Object(Symfony/Component/Console/Output/ConsoleOutput))
#41 C:/Users/DELL/OneDrive/Desktop/Parking-Finder2-main/vendor/symfony/console/Application.php(195): Symfony/Component/Console/Application->doRun(Object(Symfony/Component/Console/Input/ArgvInput), Object(Symfony/Component/Console/Output/ConsoleOutput))
#42 C:/Users/DELL/OneDrive/Desktop/Parking-Finder2-main/vendor/laravel/framework/src/Illuminate/Foundation/Console/Kernel.php(198): Symfony/Component/Console/Application->run(Object(Symfony/Component/Console/Input/ArgvInput), Object(Symfony/Component/Console/Output/ConsoleOutput))
#43 C:/Users/DELL/OneDrive/Desktop/Parking-Finder2-main/vendor/laravel/framework/src/Illuminate/Foundation/Application.php(1235): Illuminate/Foundation/Console/Kernel->handle(Object(Symfony/Component/Console/Input/ArgvInput), Object(Symfony/Component/Console/Output/ConsoleOutput))
#44 C:/Users/DELL/OneDrive/Desktop/Parking-Finder2-main/artisan(16): Illuminate/Foundation/Application->handleCommand(Object(Symfony/Component/Console/Input/ArgvInput))
#45 {main}

[previous exception] [object] (PDOException(code: HY000): SQLSTATE[HY000]: General error: 1005 Can't create table `laravel`.`reservations` (errno: 150 \"Foreign key constraint is incorrectly formed\") at C:/Users/DELL/OneDrive/Desktop/Parking-Finder2-main/vendor/laravel/framework/src/Illuminate/Database/Connection.php:577)
[stacktrace]
#0 C:/Users/DELL/OneDrive/Desktop/Parking-Finder2-main/vendor/laravel/framework/src/Illuminate/Database/Connection.php(577): PDOStatement->execute()
#1 C:/Users/DELL/OneDrive/Desktop/Parking-Finder2-main/vendor/laravel/framework/src/Illuminate/Database/Connection.php(820): Illuminate/Database/Connection->Illuminate/Database/{closure}('alter table `re...', Array)
#2 C:/Users/DELL/OneDrive/Desktop/Parking-Finder2-main/vendor/laravel/framework/src/Illuminate/Database/Connection.php(787): Illuminate/Database/Connection->runQueryCallback('alter table `re...', Array, Object(Closure))
#3 C:/Users/DELL/OneDrive/Desktop/Parking-Finder2-main/vendor/laravel/framework/src/Illuminate/Database/Connection.php(566): Illuminate/Database/Connection->run('alter table `re...', Array, Object(Closure))
#4 C:/Users/DELL/OneDrive/Desktop/Parking-Finder2-main/vendor/laravel/framework/src/Illuminate/Database/Schema/Blueprint.php(121): Illuminate/Database/Connection->statement('alter table `re...')
#5 C:/Users/DELL/OneDrive/Desktop/Parking-Finder2-main/vendor/laravel/framework/src/Illuminate/Database/Schema/Builder.php(650): Illuminate/Database/Schema/Blueprint->build()
#6 C:/Users/DELL/OneDrive/Desktop/Parking-Finder2-main/vendor/laravel/framework/src/Illuminate/Database/Schema/Builder.php(504): Illuminate/Database/Schema/Builder->build(Object(Illuminate/Database/Schema/Blueprint))
#7 C:/Users/DELL/OneDrive/Desktop/Parking-Finder2-main/vendor/laravel/framework/src/Illuminate/Support/Facades/Facade.php(363): Illuminate/Database/Schema/Builder->create('reservations', Object(Closure))
#8 C:/Users/DELL/OneDrive/Desktop/Parking-Finder2-main/database/migrations/2026_01_12_145825_create_reservations_table.php(14): Illuminate/Support/Facades/Facade::__callStatic('create', Array)
#9 C:/Users/DELL/OneDrive/Desktop/Parking-Finder2-main/vendor/laravel/framework/src/Illuminate/Database/Migrations/Migrator.php(517): Illuminate/Database/Migrations/Migration@anonymous->up()
#10 C:/Users/DELL/OneDrive/Desktop/Parking-Finder2-main/vendor/laravel/framework/src/Illuminate/Database/Migrations/Migrator.php(442): Illuminate/Database/Migrations/Migrator->runMethod(Object(Illuminate/Database/MySqlConnection), Object(Illuminate/Database/Migrations/Migration@anonymous), 'up')
#11 C:/Users/DELL/OneDrive/Desktop/Parking-Finder2-main/vendor/laravel/framework/src/Illuminate/Database/Migrations/Migrator.php(451): Illuminate/Database/Migrations/Migrator->Illuminate/Database/Migrations/{closure}()
#12 C:/Users/DELL/OneDrive/Desktop/Parking-Finder2-main/vendor/laravel/framework/src/Illuminate/Database/Migrations/Migrator.php(253): Illuminate/Database/Migrations/Migrator->runMigration(Object(Illuminate/Database/Migrations/Migration@anonymous), 'up')
#13 C:/Users/DELL/OneDrive/Desktop/Parking-Finder2-main/vendor/laravel/framework/src/Illuminate/Console/View/Components/Task.php(41): Illuminate/Database/Migrations/Migrator->Illuminate/Database/Migrations/{closure}()
#14 C:/Users/DELL/OneDrive/Desktop/Parking-Finder2-main/vendor/laravel/framework/src/Illuminate/Database/Migrations/Migrator.php(812): Illuminate/Console/View/Components/Task->render('2026_01_12_1458...', Object(Closure))
#15 C:/Users/DELL/OneDrive/Desktop/Parking-Finder2-main/vendor/laravel/framework/src/Illuminate/Database/Migrations/Migrator.php(253): Illuminate/Database/Migrations/Migrator->write('Illuminate//Cons...', '2026_01_12_1458...', Object(Closure))
#16 C:/Users/DELL/OneDrive/Desktop/Parking-Finder2-main/vendor/laravel/framework/src/Illuminate/Database/Migrations/Migrator.php(211): Illuminate/Database/Migrations/Migrator->runUp('C://Users//DELL//O...', 1, false)
#17 C:/Users/DELL/OneDrive/Desktop/Parking-Finder2-main/vendor/laravel/framework/src/Illuminate/Database/Migrations/Migrator.php(138): Illuminate/Database/Migrations/Migrator->runPending(Array, Array)
#18 C:/Users/DELL/OneDrive/Desktop/Parking-Finder2-main/vendor/laravel/framework/src/Illuminate/Database/Console/Migrations/MigrateCommand.php(116): Illuminate/Database/Migrations/Migrator->run(Array, Array)
#19 C:/Users/DELL/OneDrive/Desktop/Parking-Finder2-main/vendor/laravel/framework/src/Illuminate/Database/Migrations/Migrator.php(669): Illuminate/Database/Console/Migrations/MigrateCommand->Illuminate/Database/Console/Migrations/{closure}()
#20 C:/Users/DELL/OneDrive/Desktop/Parking-Finder2-main/vendor/laravel/framework/src/Illuminate/Database/Console/Migrations/MigrateCommand.php(109): Illuminate/Database/Migrations/Migrator->usingConnection(NULL, Object(Closure))
#21 C:/Users/DELL/OneDrive/Desktop/Parking-Finder2-main/vendor/laravel/framework/src/Illuminate/Database/Console/Migrations/MigrateCommand.php(88): Illuminate/Database/Console/Migrations/MigrateCommand->runMigrations()
#22 C:/Users/DELL/OneDrive/Desktop/Parking-Finder2-main/vendor/laravel/framework/src/Illuminate/Container/BoundMethod.php(36): Illuminate/Database/Console/Migrations/MigrateCommand->handle()
#23 C:/Users/DELL/OneDrive/Desktop/Parking-Finder2-main/vendor/laravel/framework/src/Illuminate/Container/Util.php(43): Illuminate/Container/BoundMethod::Illuminate/Container/{closure}()
#24 C:/Users/DELL/OneDrive/Desktop/Parking-Finder2-main/vendor/laravel/framework/src/Illuminate/Container/BoundMethod.php(96): Illuminate/Container/Util::unwrapIfClosure(Object(Closure))
#25 C:/Users/DELL/OneDrive/Desktop/Parking-Finder2-main/vendor/laravel/framework/src/Illuminate/Container/BoundMethod.php(35): Illuminate/Container/BoundMethod::callBoundMethod(Object(Illuminate/Foundation/Application), Array, Object(Closure))
#26 C:/Users/DELL/OneDrive/Desktop/Parking-Finder2-main/vendor/laravel/framework/src/Illuminate/Container/Container.php(799): Illuminate/Container/BoundMethod::call(Object(Illuminate/Foundation/Application), Array, Array, NULL)
#27 C:/Users/DELL/OneDrive/Desktop/Parking-Finder2-main/vendor/laravel/framework/src/Illuminate/Console/Command.php(211): Illuminate/Container/Container->call(Array)
#28 C:/Users/DELL/OneDrive/Desktop/Parking-Finder2-main/vendor/symfony/console/Command/Command.php(341): Illuminate/Console/Command->execute(Object(Symfony/Component/Console/Input/ArrayInput), Object(Illuminate/Console/OutputStyle))
#29 C:/Users/DELL/OneDrive/Desktop/Parking-Finder2-main/vendor/laravel/framework/src/Illuminate/Console/Command.php(180): Symfony/Component/Console/Command/Command->run(Object(Symfony/Component/Console/Input/ArrayInput), Object(Illuminate/Console/OutputStyle))
#30 C:/Users/DELL/OneDrive/Desktop/Parking-Finder2-main/vendor/laravel/framework/src/Illuminate/Console/Concerns/CallsCommands.php(68): Illuminate/Console/Command->run(Object(Symfony/Component/Console/Input/ArrayInput), Object(Illuminate/Console/OutputStyle))
#31 C:/Users/DELL/OneDrive/Desktop/Parking-Finder2-main/vendor/laravel/framework/src/Illuminate/Console/Concerns/CallsCommands.php(29): Illuminate/Console/Command->runCommand('migrate', Array, Object(Illuminate/Console/OutputStyle))
#32 C:/Users/DELL/OneDrive/Desktop/Parking-Finder2-main/vendor/laravel/framework/src/Illuminate/Database/Console/Migrations/FreshCommand.php(81): Illuminate/Console/Command->call('migrate', Array)
#33 C:/Users/DELL/OneDrive/Desktop/Parking-Finder2-main/vendor/laravel/framework/src/Illuminate/Container/BoundMethod.php(36): Illuminate/Database/Console/Migrations/FreshCommand->handle()
#34 C:/Users/DELL/OneDrive/Desktop/Parking-Finder2-main/vendor/laravel/framework/src/Illuminate/Container/Util.php(43): Illuminate/Container/BoundMethod::Illuminate/Container/{closure}()
#35 C:/Users/DELL/OneDrive/Desktop/Parking-Finder2-main/vendor/laravel/framework/src/Illuminate/Container/BoundMethod.php(96): Illuminate/Container/Util::unwrapIfClosure(Object(Closure))
#36 C:/Users/DELL/OneDrive/Desktop/Parking-Finder2-main/vendor/laravel/framework/src/Illuminate/Container/BoundMethod.php(35): Illuminate/Container/BoundMethod::callBoundMethod(Object(Illuminate/Foundation/Application), Array, Object(Closure))
#37 C:/Users/DELL/OneDrive/Desktop/Parking-Finder2-main/vendor/laravel/framework/src/Illuminate/Container/Container.php(799): Illuminate/Container/BoundMethod::call(Object(Illuminate/Foundation/Application), Array, Array, NULL)
#38 C:/Users/DELL/OneDrive/Desktop/Parking-Finder2-main/vendor/laravel/framework/src/Illuminate/Console/Command.php(211): Illuminate/Container/Container->call(Array)
#39 C:/Users/DELL/OneDrive/Desktop/Parking-Finder2-main/vendor/symfony/console/Command/Command.php(341): Illuminate/Console/Command->execute(Object(Symfony/Component/Console/Input/ArgvInput), Object(Illuminate/Console/OutputStyle))
#40 C:/Users/DELL/OneDrive/Desktop/Parking-Finder2-main/vendor/laravel/framework/src/Illuminate/Console/Command.php(180): Symfony/Component/Console/Command/Command->run(Object(Symfony/Component/Console/Input/ArgvInput), Object(Illuminate/Console/OutputStyle))
#41 C:/Users/DELL/OneDrive/Desktop/Parking-Finder2-main/vendor/symfony/console/Application.php(1102): Illuminate/Console/Command->run(Object(Symfony/Component/Console/Input/ArgvInput), Object(Symfony/Component/Console/Output/ConsoleOutput))
#42 C:/Users/DELL/OneDrive/Desktop/Parking-Finder2-main/vendor/symfony/console/Application.php(356): Symfony/Component/Console/Application->doRunCommand(Object(Illuminate/Database/Console/Migrations/FreshCommand), Object(Symfony/Component/Console/Input/ArgvInput), Object(Symfony/Component/Console/Output/ConsoleOutput))
#43 C:/Users/DELL/OneDrive/Desktop/Parking-Finder2-main/vendor/symfony/console/Application.php(195): Symfony/Component/Console/Application->doRun(Object(Symfony/Component/Console/Input/ArgvInput), Object(Symfony/Component/Console/Output/ConsoleOutput))
#44 C:/Users/DELL/OneDrive/Desktop/Parking-Finder2-main/vendor/laravel/framework/src/Illuminate/Foundation/Console/Kernel.php(198): Symfony/Component/Console/Application->run(Object(Symfony/Component/Console/Input/ArgvInput), Object(Symfony/Component/Console/Output/ConsoleOutput))
#45 C:/Users/DELL/OneDrive/Desktop/Parking-Finder2-main/vendor/laravel/framework/src/Illuminate/Foundation/Application.php(1235): Illuminate/Foundation/Console/Kernel->handle(Object(Symfony/Component/Console/Input/ArgvInput), Object(Symfony/Component/Console/Output/ConsoleOutput))
#46 C:/Users/DELL/OneDrive/Desktop/Parking-Finder2-main/artisan(16): Illuminate/Foundation/Application->handleCommand(Object(Symfony/Component/Console/Input/ArgvInput))
#47 {main}
"} 
[2026-01-19 19:11:08] local.ERROR: SQLSTATE[HY000]: General error: 1005 Can't create table `laravel`.`reservations` (errno: 150 "Foreign key constraint is incorrectly formed") (Connection: mysql, Host: 127.0.0.1, Port: 3306, Database: laravel, SQL: alter table `reservations` add constraint `reservations_spot_id_foreign` foreign key (`spot_id`) references `spots` (`id`) on delete cascade) {"exception":"[object] (Illuminate\\Database\\QueryException(code: HY000): SQLSTATE[HY000]: General error: 1005 Can't create table `laravel`.`reservations` (errno: 150 \"Foreign key constraint is incorrectly formed\") (Connection: mysql, Host: 127.0.0.1, Port: 3306, Database: laravel, SQL: alter table `reservations` add constraint `reservations_spot_id_foreign` foreign key (`spot_id`) references `spots` (`id`) on delete cascade) at C:/Users/DELL/OneDrive/Desktop/Parking-Finder2-main/vendor/laravel/framework/src/Illuminate/Database/Connection.php:831)
[stacktrace]
#0 C:/Users/DELL/OneDrive/Desktop/Parking-Finder2-main/vendor/laravel/framework/src/Illuminate/Database/Connection.php(787): Illuminate/Database/Connection->runQueryCallback('alter table `re...', Array, Object(Closure))
#1 C:/Users/DELL/OneDrive/Desktop/Parking-Finder2-main/vendor/laravel/framework/src/Illuminate/Database/Connection.php(566): Illuminate/Database/Connection->run('alter table `re...', Array, Object(Closure))
#2 C:/Users/DELL/OneDrive/Desktop/Parking-Finder2-main/vendor/laravel/framework/src/Illuminate/Database/Schema/Blueprint.php(121): Illuminate/Database/Connection->statement('alter table `re...')
#3 C:/Users/DELL/OneDrive/Desktop/Parking-Finder2-main/vendor/laravel/framework/src/Illuminate/Database/Schema/Builder.php(650): Illuminate/Database/Schema/Blueprint->build()
#4 C:/Users/DELL/OneDrive/Desktop/Parking-Finder2-main/vendor/laravel/framework/src/Illuminate/Database/Schema/Builder.php(504): Illuminate/Database/Schema/Builder->build(Object(Illuminate/Database/Schema/Blueprint))
#5 C:/Users/DELL/OneDrive/Desktop/Parking-Finder2-main/vendor/laravel/framework/src/Illuminate/Support/Facades/Facade.php(363): Illuminate/Database/Schema/Builder->create('reservations', Object(Closure))
#6 C:/Users/DELL/OneDrive/Desktop/Parking-Finder2-main/database/migrations/2026_01_12_145825_create_reservations_table.php(14): Illuminate/Support/Facades/Facade::__callStatic('create', Array)
#7 C:/Users/DELL/OneDrive/Desktop/Parking-Finder2-main/vendor/laravel/framework/src/Illuminate/Database/Migrations/Migrator.php(517): Illuminate/Database/Migrations/Migration@anonymous->up()
#8 C:/Users/DELL/OneDrive/Desktop/Parking-Finder2-main/vendor/laravel/framework/src/Illuminate/Database/Migrations/Migrator.php(442): Illuminate/Database/Migrations/Migrator->runMethod(Object(Illuminate/Database/MySqlConnection), Object(Illuminate/Database/Migrations/Migration@anonymous), 'up')
#9 C:/Users/DELL/OneDrive/Desktop/Parking-Finder2-main/vendor/laravel/framework/src/Illuminate/Database/Migrations/Migrator.php(451): Illuminate/Database/Migrations/Migrator->Illuminate/Database/Migrations/{closure}()
#10 C:/Users/DELL/OneDrive/Desktop/Parking-Finder2-main/vendor/laravel/framework/src/Illuminate/Database/Migrations/Migrator.php(253): Illuminate/Database/Migrations/Migrator->runMigration(Object(Illuminate/Database/Migrations/Migration@anonymous), 'up')
#11 C:/Users/DELL/OneDrive/Desktop/Parking-Finder2-main/vendor/laravel/framework/src/Illuminate/Console/View/Components/Task.php(41): Illuminate/Database/Migrations/Migrator->Illuminate/Database/Migrations/{closure}()
#12 C:/Users/DELL/OneDrive/Desktop/Parking-Finder2-main/vendor/laravel/framework/src/Illuminate/Database/Migrations/Migrator.php(812): Illuminate/Console/View/Components/Task->render('2026_01_12_1458...', Object(Closure))
#13 C:/Users/DELL/OneDrive/Desktop/Parking-Finder2-main/vendor/laravel/framework/src/Illuminate/Database/Migrations/Migrator.php(253): Illuminate/Database/Migrations/Migrator->write('Illuminate//Cons...', '2026_01_12_1458...', Object(Closure))
#14 C:/Users/DELL/OneDrive/Desktop/Parking-Finder2-main/vendor/laravel/framework/src/Illuminate/Database/Migrations/Migrator.php(211): Illuminate/Database/Migrations/Migrator->runUp('C://Users//DELL//O...', 1, false)
#15 C:/Users/DELL/OneDrive/Desktop/Parking-Finder2-main/vendor/laravel/framework/src/Illuminate/Database/Migrations/Migrator.php(138): Illuminate/Database/Migrations/Migrator->runPending(Array, Array)
#16 C:/Users/DELL/OneDrive/Desktop/Parking-Finder2-main/vendor/laravel/framework/src/Illuminate/Database/Console/Migrations/MigrateCommand.php(116): Illuminate/Database/Migrations/Migrator->run(Array, Array)
#17 C:/Users/DELL/OneDrive/Desktop/Parking-Finder2-main/vendor/laravel/framework/src/Illuminate/Database/Migrations/Migrator.php(669): Illuminate/Database/Console/Migrations/MigrateCommand->Illuminate/Database/Console/Migrations/{closure}()
#18 C:/Users/DELL/OneDrive/Desktop/Parking-Finder2-main/vendor/laravel/framework/src/Illuminate/Database/Console/Migrations/MigrateCommand.php(109): Illuminate/Database/Migrations/Migrator->usingConnection(NULL, Object(Closure))
#19 C:/Users/DELL/OneDrive/Desktop/Parking-Finder2-main/vendor/laravel/framework/src/Illuminate/Database/Console/Migrations/MigrateCommand.php(88): Illuminate/Database/Console/Migrations/MigrateCommand->runMigrations()
#20 C:/Users/DELL/OneDrive/Desktop/Parking-Finder2-main/vendor/laravel/framework/src/Illuminate/Container/BoundMethod.php(36): Illuminate/Database/Console/Migrations/MigrateCommand->handle()
#21 C:/Users/DELL/OneDrive/Desktop/Parking-Finder2-main/vendor/laravel/framework/src/Illuminate/Container/Util.php(43): Illuminate/Container/BoundMethod::Illuminate/Container/{closure}()
#22 C:/Users/DELL/OneDrive/Desktop/Parking-Finder2-main/vendor/laravel/framework/src/Illuminate/Container/BoundMethod.php(96): Illuminate/Container/Util::unwrapIfClosure(Object(Closure))
#23 C:/Users/DELL/OneDrive/Desktop/Parking-Finder2-main/vendor/laravel/framework/src/Illuminate/Container/BoundMethod.php(35): Illuminate/Container/BoundMethod::callBoundMethod(Object(Illuminate/Foundation/Application), Array, Object(Closure))
#24 C:/Users/DELL/OneDrive/Desktop/Parking-Finder2-main/vendor/laravel/framework/src/Illuminate/Container/Container.php(799): Illuminate/Container/BoundMethod::call(Object(Illuminate/Foundation/Application), Array, Array, NULL)
#25 C:/Users/DELL/OneDrive/Desktop/Parking-Finder2-main/vendor/laravel/framework/src/Illuminate/Console/Command.php(211): Illuminate/Container/Container->call(Array)
#26 C:/Users/DELL/OneDrive/Desktop/Parking-Finder2-main/vendor/symfony/console/Command/Command.php(341): Illuminate/Console/Command->execute(Object(Symfony/Component/Console/Input/ArrayInput), Object(Illuminate/Console/OutputStyle))
#27 C:/Users/DELL/OneDrive/Desktop/Parking-Finder2-main/vendor/laravel/framework/src/Illuminate/Console/Command.php(180): Symfony/Component/Console/Command/Command->run(Object(Symfony/Component/Console/Input/ArrayInput), Object(Illuminate/Console/OutputStyle))
#28 C:/Users/DELL/OneDrive/Desktop/Parking-Finder2-main/vendor/laravel/framework/src/Illuminate/Console/Concerns/CallsCommands.php(68): Illuminate/Console/Command->run(Object(Symfony/Component/Console/Input/ArrayInput), Object(Illuminate/Console/OutputStyle))
#29 C:/Users/DELL/OneDrive/Desktop/Parking-Finder2-main/vendor/laravel/framework/src/Illuminate/Console/Concerns/CallsCommands.php(29): Illuminate/Console/Command->runCommand('migrate', Array, Object(Illuminate/Console/OutputStyle))
#30 C:/Users/DELL/OneDrive/Desktop/Parking-Finder2-main/vendor/laravel/framework/src/Illuminate/Database/Console/Migrations/FreshCommand.php(81): Illuminate/Console/Command->call('migrate', Array)
#31 C:/Users/DELL/OneDrive/Desktop/Parking-Finder2-main/vendor/laravel/framework/src/Illuminate/Container/BoundMethod.php(36): Illuminate/Database/Console/Migrations/FreshCommand->handle()
#32 C:/Users/DELL/OneDrive/Desktop/Parking-Finder2-main/vendor/laravel/framework/src/Illuminate/Container/Util.php(43): Illuminate/Container/BoundMethod::Illuminate/Container/{closure}()
#33 C:/Users/DELL/OneDrive/Desktop/Parking-Finder2-main/vendor/laravel/framework/src/Illuminate/Container/BoundMethod.php(96): Illuminate/Container/Util::unwrapIfClosure(Object(Closure))
#34 C:/Users/DELL/OneDrive/Desktop/Parking-Finder2-main/vendor/laravel/framework/src/Illuminate/Container/BoundMethod.php(35): Illuminate/Container/BoundMethod::callBoundMethod(Object(Illuminate/Foundation/Application), Array, Object(Closure))
#35 C:/Users/DELL/OneDrive/Desktop/Parking-Finder2-main/vendor/laravel/framework/src/Illuminate/Container/Container.php(799): Illuminate/Container/BoundMethod::call(Object(Illuminate/Foundation/Application), Array, Array, NULL)
#36 C:/Users/DELL/OneDrive/Desktop/Parking-Finder2-main/vendor/laravel/framework/src/Illuminate/Console/Command.php(211): Illuminate/Container/Container->call(Array)
#37 C:/Users/DELL/OneDrive/Desktop/Parking-Finder2-main/vendor/symfony/console/Command/Command.php(341): Illuminate/Console/Command->execute(Object(Symfony/Component/Console/Input/ArgvInput), Object(Illuminate/Console/OutputStyle))
#38 C:/Users/DELL/OneDrive/Desktop/Parking-Finder2-main/vendor/laravel/framework/src/Illuminate/Console/Command.php(180): Symfony/Component/Console/Command/Command->run(Object(Symfony/Component/Console/Input/ArgvInput), Object(Illuminate/Console/OutputStyle))
#39 C:/Users/DELL/OneDrive/Desktop/Parking-Finder2-main/vendor/symfony/console/Application.php(1102): Illuminate/Console/Command->run(Object(Symfony/Component/Console/Input/ArgvInput), Object(Symfony/Component/Console/Output/ConsoleOutput))
#40 C:/Users/DELL/OneDrive/Desktop/Parking-Finder2-main/vendor/symfony/console/Application.php(356): Symfony/Component/Console/Application->doRunCommand(Object(Illuminate/Database/Console/Migrations/FreshCommand), Object(Symfony/Component/Console/Input/ArgvInput), Object(Symfony/Component/Console/Output/ConsoleOutput))
#41 C:/Users/DELL/OneDrive/Desktop/Parking-Finder2-main/vendor/symfony/console/Application.php(195): Symfony/Component/Console/Application->doRun(Object(Symfony/Component/Console/Input/ArgvInput), Object(Symfony/Component/Console/Output/ConsoleOutput))
#42 C:/Users/DELL/OneDrive/Desktop/Parking-Finder2-main/vendor/laravel/framework/src/Illuminate/Foundation/Console/Kernel.php(198): Symfony/Component/Console/Application->run(Object(Symfony/Component/Console/Input/ArgvInput), Object(Symfony/Component/Console/Output/ConsoleOutput))
#43 C:/Users/DELL/OneDrive/Desktop/Parking-Finder2-main/vendor/laravel/framework/src/Illuminate/Foundation/Application.php(1235): Illuminate/Foundation/Console/Kernel->handle(Object(Symfony/Component/Console/Input/ArgvInput), Object(Symfony/Component/Console/Output/ConsoleOutput))
#44 C:/Users/DELL/OneDrive/Desktop/Parking-Finder2-main/artisan(16): Illuminate/Foundation/Application->handleCommand(Object(Symfony/Component/Console/Input/ArgvInput))
#45 {main}

[previous exception] [object] (PDOException(code: HY000): SQLSTATE[HY000]: General error: 1005 Can't create table `laravel`.`reservations` (errno: 150 \"Foreign key constraint is incorrectly formed\") at C:/Users/DELL/OneDrive/Desktop/Parking-Finder2-main/vendor/laravel/framework/src/Illuminate/Database/Connection.php:577)
[stacktrace]
#0 C:/Users/DELL/OneDrive/Desktop/Parking-Finder2-main/vendor/laravel/framework/src/Illuminate/Database/Connection.php(577): PDOStatement->execute()
#1 C:/Users/DELL/OneDrive/Desktop/Parking-Finder2-main/vendor/laravel/framework/src/Illuminate/Database/Connection.php(820): Illuminate/Database/Connection->Illuminate/Database/{closure}('alter table `re...', Array)
#2 C:/Users/DELL/OneDrive/Desktop/Parking-Finder2-main/vendor/laravel/framework/src/Illuminate/Database/Connection.php(787): Illuminate/Database/Connection->runQueryCallback('alter table `re...', Array, Object(Closure))
#3 C:/Users/DELL/OneDrive/Desktop/Parking-Finder2-main/vendor/laravel/framework/src/Illuminate/Database/Connection.php(566): Illuminate/Database/Connection->run('alter table `re...', Array, Object(Closure))
#4 C:/Users/DELL/OneDrive/Desktop/Parking-Finder2-main/vendor/laravel/framework/src/Illuminate/Database/Schema/Blueprint.php(121): Illuminate/Database/Connection->statement('alter table `re...')
#5 C:/Users/DELL/OneDrive/Desktop/Parking-Finder2-main/vendor/laravel/framework/src/Illuminate/Database/Schema/Builder.php(650): Illuminate/Database/Schema/Blueprint->build()
#6 C:/Users/DELL/OneDrive/Desktop/Parking-Finder2-main/vendor/laravel/framework/src/Illuminate/Database/Schema/Builder.php(504): Illuminate/Database/Schema/Builder->build(Object(Illuminate/Database/Schema/Blueprint))
#7 C:/Users/DELL/OneDrive/Desktop/Parking-Finder2-main/vendor/laravel/framework/src/Illuminate/Support/Facades/Facade.php(363): Illuminate/Database/Schema/Builder->create('reservations', Object(Closure))
#8 C:/Users/DELL/OneDrive/Desktop/Parking-Finder2-main/database/migrations/2026_01_12_145825_create_reservations_table.php(14): Illuminate/Support/Facades/Facade::__callStatic('create', Array)
#9 C:/Users/DELL/OneDrive/Desktop/Parking-Finder2-main/vendor/laravel/framework/src/Illuminate/Database/Migrations/Migrator.php(517): Illuminate/Database/Migrations/Migration@anonymous->up()
#10 C:/Users/DELL/OneDrive/Desktop/Parking-Finder2-main/vendor/laravel/framework/src/Illuminate/Database/Migrations/Migrator.php(442): Illuminate/Database/Migrations/Migrator->runMethod(Object(Illuminate/Database/MySqlConnection), Object(Illuminate/Database/Migrations/Migration@anonymous), 'up')
#11 C:/Users/DELL/OneDrive/Desktop/Parking-Finder2-main/vendor/laravel/framework/src/Illuminate/Database/Migrations/Migrator.php(451): Illuminate/Database/Migrations/Migrator->Illuminate/Database/Migrations/{closure}()
#12 C:/Users/DELL/OneDrive/Desktop/Parking-Finder2-main/vendor/laravel/framework/src/Illuminate/Database/Migrations/Migrator.php(253): Illuminate/Database/Migrations/Migrator->runMigration(Object(Illuminate/Database/Migrations/Migration@anonymous), 'up')
#13 C:/Users/DELL/OneDrive/Desktop/Parking-Finder2-main/vendor/laravel/framework/src/Illuminate/Console/View/Components/Task.php(41): Illuminate/Database/Migrations/Migrator->Illuminate/Database/Migrations/{closure}()
#14 C:/Users/DELL/OneDrive/Desktop/Parking-Finder2-main/vendor/laravel/framework/src/Illuminate/Database/Migrations/Migrator.php(812): Illuminate/Console/View/Components/Task->render('2026_01_12_1458...', Object(Closure))
#15 C:/Users/DELL/OneDrive/Desktop/Parking-Finder2-main/vendor/laravel/framework/src/Illuminate/Database/Migrations/Migrator.php(253): Illuminate/Database/Migrations/Migrator->write('Illuminate//Cons...', '2026_01_12_1458...', Object(Closure))
#16 C:/Users/DELL/OneDrive/Desktop/Parking-Finder2-main/vendor/laravel/framework/src/Illuminate/Database/Migrations/Migrator.php(211): Illuminate/Database/Migrations/Migrator->runUp('C://Users//DELL//O...', 1, false)
#17 C:/Users/DELL/OneDrive/Desktop/Parking-Finder2-main/vendor/laravel/framework/src/Illuminate/Database/Migrations/Migrator.php(138): Illuminate/Database/Migrations/Migrator->runPending(Array, Array)
#18 C:/Users/DELL/OneDrive/Desktop/Parking-Finder2-main/vendor/laravel/framework/src/Illuminate/Database/Console/Migrations/MigrateCommand.php(116): Illuminate/Database/Migrations/Migrator->run(Array, Array)
#19 C:/Users/DELL/OneDrive/Desktop/Parking-Finder2-main/vendor/laravel/framework/src/Illuminate/Database/Migrations/Migrator.php(669): Illuminate/Database/Console/Migrations/MigrateCommand->Illuminate/Database/Console/Migrations/{closure}()
#20 C:/Users/DELL/OneDrive/Desktop/Parking-Finder2-main/vendor/laravel/framework/src/Illuminate/Database/Console/Migrations/MigrateCommand.php(109): Illuminate/Database/Migrations/Migrator->usingConnection(NULL, Object(Closure))
#21 C:/Users/DELL/OneDrive/Desktop/Parking-Finder2-main/vendor/laravel/framework/src/Illuminate/Database/Console/Migrations/MigrateCommand.php(88): Illuminate/Database/Console/Migrations/MigrateCommand->runMigrations()
#22 C:/Users/DELL/OneDrive/Desktop/Parking-Finder2-main/vendor/laravel/framework/src/Illuminate/Container/BoundMethod.php(36): Illuminate/Database/Console/Migrations/MigrateCommand->handle()
#23 C:/Users/DELL/OneDrive/Desktop/Parking-Finder2-main/vendor/laravel/framework/src/Illuminate/Container/Util.php(43): Illuminate/Container/BoundMethod::Illuminate/Container/{closure}()
#24 C:/Users/DELL/OneDrive/Desktop/Parking-Finder2-main/vendor/laravel/framework/src/Illuminate/Container/BoundMethod.php(96): Illuminate/Container/Util::unwrapIfClosure(Object(Closure))
#25 C:/Users/DELL/OneDrive/Desktop/Parking-Finder2-main/vendor/laravel/framework/src/Illuminate/Container/BoundMethod.php(35): Illuminate/Container/BoundMethod::callBoundMethod(Object(Illuminate/Foundation/Application), Array, Object(Closure))
#26 C:/Users/DELL/OneDrive/Desktop/Parking-Finder2-main/vendor/laravel/framework/src/Illuminate/Container/Container.php(799): Illuminate/Container/BoundMethod::call(Object(Illuminate/Foundation/Application), Array, Array, NULL)
#27 C:/Users/DELL/OneDrive/Desktop/Parking-Finder2-main/vendor/laravel/framework/src/Illuminate/Console/Command.php(211): Illuminate/Container/Container->call(Array)
#28 C:/Users/DELL/OneDrive/Desktop/Parking-Finder2-main/vendor/symfony/console/Command/Command.php(341): Illuminate/Console/Command->execute(Object(Symfony/Component/Console/Input/ArrayInput), Object(Illuminate/Console/OutputStyle))
#29 C:/Users/DELL/OneDrive/Desktop/Parking-Finder2-main/vendor/laravel/framework/src/Illuminate/Console/Command.php(180): Symfony/Component/Console/Command/Command->run(Object(Symfony/Component/Console/Input/ArrayInput), Object(Illuminate/Console/OutputStyle))
#30 C:/Users/DELL/OneDrive/Desktop/Parking-Finder2-main/vendor/laravel/framework/src/Illuminate/Console/Concerns/CallsCommands.php(68): Illuminate/Console/Command->run(Object(Symfony/Component/Console/Input/ArrayInput), Object(Illuminate/Console/OutputStyle))
#31 C:/Users/DELL/OneDrive/Desktop/Parking-Finder2-main/vendor/laravel/framework/src/Illuminate/Console/Concerns/CallsCommands.php(29): Illuminate/Console/Command->runCommand('migrate', Array, Object(Illuminate/Console/OutputStyle))
#32 C:/Users/DELL/OneDrive/Desktop/Parking-Finder2-main/vendor/laravel/framework/src/Illuminate/Database/Console/Migrations/FreshCommand.php(81): Illuminate/Console/Command->call('migrate', Array)
#33 C:/Users/DELL/OneDrive/Desktop/Parking-Finder2-main/vendor/laravel/framework/src/Illuminate/Container/BoundMethod.php(36): Illuminate/Database/Console/Migrations/FreshCommand->handle()
#34 C:/Users/DELL/OneDrive/Desktop/Parking-Finder2-main/vendor/laravel/framework/src/Illuminate/Container/Util.php(43): Illuminate/Container/BoundMethod::Illuminate/Container/{closure}()
#35 C:/Users/DELL/OneDrive/Desktop/Parking-Finder2-main/vendor/laravel/framework/src/Illuminate/Container/BoundMethod.php(96): Illuminate/Container/Util::unwrapIfClosure(Object(Closure))
#36 C:/Users/DELL/OneDrive/Desktop/Parking-Finder2-main/vendor/laravel/framework/src/Illuminate/Container/BoundMethod.php(35): Illuminate/Container/BoundMethod::callBoundMethod(Object(Illuminate/Foundation/Application), Array, Object(Closure))
#37 C:/Users/DELL/OneDrive/Desktop/Parking-Finder2-main/vendor/laravel/framework/src/Illuminate/Container/Container.php(799): Illuminate/Container/BoundMethod::call(Object(Illuminate/Foundation/Application), Array, Array, NULL)
#38 C:/Users/DELL/OneDrive/Desktop/Parking-Finder2-main/vendor/laravel/framework/src/Illuminate/Console/Command.php(211): Illuminate/Container/Container->call(Array)
#39 C:/Users/DELL/OneDrive/Desktop/Parking-Finder2-main/vendor/symfony/console/Command/Command.php(341): Illuminate/Console/Command->execute(Object(Symfony/Component/Console/Input/ArgvInput), Object(Illuminate/Console/OutputStyle))
#40 C:/Users/DELL/OneDrive/Desktop/Parking-Finder2-main/vendor/laravel/framework/src/Illuminate/Console/Command.php(180): Symfony/Component/Console/Command/Command->run(Object(Symfony/Component/Console/Input/ArgvInput), Object(Illuminate/Console/OutputStyle))
#41 C:/Users/DELL/OneDrive/Desktop/Parking-Finder2-main/vendor/symfony/console/Application.php(1102): Illuminate/Console/Command->run(Object(Symfony/Component/Console/Input/ArgvInput), Object(Symfony/Component/Console/Output/ConsoleOutput))
#42 C:/Users/DELL/OneDrive/Desktop/Parking-Finder2-main/vendor/symfony/console/Application.php(356): Symfony/Component/Console/Application->doRunCommand(Object(Illuminate/Database/Console/Migrations/FreshCommand), Object(Symfony/Component/Console/Input/ArgvInput), Object(Symfony/Component/Console/Output/ConsoleOutput))
#43 C:/Users/DELL/OneDrive/Desktop/Parking-Finder2-main/vendor/symfony/console/Application.php(195): Symfony/Component/Console/Application->doRun(Object(Symfony/Component/Console/Input/ArgvInput), Object(Symfony/Component/Console/Output/ConsoleOutput))
#44 C:/Users/DELL/OneDrive/Desktop/Parking-Finder2-main/vendor/laravel/framework/src/Illuminate/Foundation/Console/Kernel.php(198): Symfony/Component/Console/Application->run(Object(Symfony/Component/Console/Input/ArgvInput), Object(Symfony/Component/Console/Output/ConsoleOutput))
#45 C:/Users/DELL/OneDrive/Desktop/Parking-Finder2-main/vendor/laravel/framework/src/Illuminate/Foundation/Application.php(1235): Illuminate/Foundation/Console/Kernel->handle(Object(Symfony/Component/Console/Input/ArgvInput), Object(Symfony/Component/Console/Output/ConsoleOutput))
#46 C:/Users/DELL/OneDrive/Desktop/Parking-Finder2-main/artisan(16): Illuminate/Foundation/Application->handleCommand(Object(Symfony/Component/Console/Input/ArgvInput))
#47 {main}
"} 
[2026-01-19 19:14:15] local.ERROR: SQLSTATE[HY000]: General error: 1005 Can't create table `laravel`.`reservations` (errno: 150 "Foreign key constraint is incorrectly formed") (Connection: mysql, Host: 127.0.0.1, Port: 3306, Database: laravel, SQL: alter table `reservations` add constraint `reservations_spot_id_foreign` foreign key (`spot_id`) references `spots` (`id`) on delete cascade) {"exception":"[object] (Illuminate\\Database\\QueryException(code: HY000): SQLSTATE[HY000]: General error: 1005 Can't create table `laravel`.`reservations` (errno: 150 \"Foreign key constraint is incorrectly formed\") (Connection: mysql, Host: 127.0.0.1, Port: 3306, Database: laravel, SQL: alter table `reservations` add constraint `reservations_spot_id_foreign` foreign key (`spot_id`) references `spots` (`id`) on delete cascade) at C:/Users/DELL/OneDrive/Desktop/Parking-Finder2-main/vendor/laravel/framework/src/Illuminate/Database/Connection.php:831)
[stacktrace]
#0 C:/Users/DELL/OneDrive/Desktop/Parking-Finder2-main/vendor/laravel/framework/src/Illuminate/Database/Connection.php(787): Illuminate/Database/Connection->runQueryCallback('alter table `re...', Array, Object(Closure))
#1 C:/Users/DELL/OneDrive/Desktop/Parking-Finder2-main/vendor/laravel/framework/src/Illuminate/Database/Connection.php(566): Illuminate/Database/Connection->run('alter table `re...', Array, Object(Closure))
#2 C:/Users/DELL/OneDrive/Desktop/Parking-Finder2-main/vendor/laravel/framework/src/Illuminate/Database/Schema/Blueprint.php(121): Illuminate/Database/Connection->statement('alter table `re...')
#3 C:/Users/DELL/OneDrive/Desktop/Parking-Finder2-main/vendor/laravel/framework/src/Illuminate/Database/Schema/Builder.php(650): Illuminate/Database/Schema/Blueprint->build()
#4 C:/Users/DELL/OneDrive/Desktop/Parking-Finder2-main/vendor/laravel/framework/src/Illuminate/Database/Schema/Builder.php(504): Illuminate/Database/Schema/Builder->build(Object(Illuminate/Database/Schema/Blueprint))
#5 C:/Users/DELL/OneDrive/Desktop/Parking-Finder2-main/vendor/laravel/framework/src/Illuminate/Support/Facades/Facade.php(363): Illuminate/Database/Schema/Builder->create('reservations', Object(Closure))
#6 C:/Users/DELL/OneDrive/Desktop/Parking-Finder2-main/database/migrations/2026_01_12_145825_create_reservations_table.php(14): Illuminate/Support/Facades/Facade::__callStatic('create', Array)
#7 C:/Users/DELL/OneDrive/Desktop/Parking-Finder2-main/vendor/laravel/framework/src/Illuminate/Database/Migrations/Migrator.php(517): Illuminate/Database/Migrations/Migration@anonymous->up()
#8 C:/Users/DELL/OneDrive/Desktop/Parking-Finder2-main/vendor/laravel/framework/src/Illuminate/Database/Migrations/Migrator.php(442): Illuminate/Database/Migrations/Migrator->runMethod(Object(Illuminate/Database/MySqlConnection), Object(Illuminate/Database/Migrations/Migration@anonymous), 'up')
#9 C:/Users/DELL/OneDrive/Desktop/Parking-Finder2-main/vendor/laravel/framework/src/Illuminate/Database/Migrations/Migrator.php(451): Illuminate/Database/Migrations/Migrator->Illuminate/Database/Migrations/{closure}()
#10 C:/Users/DELL/OneDrive/Desktop/Parking-Finder2-main/vendor/laravel/framework/src/Illuminate/Database/Migrations/Migrator.php(253): Illuminate/Database/Migrations/Migrator->runMigration(Object(Illuminate/Database/Migrations/Migration@anonymous), 'up')
#11 C:/Users/DELL/OneDrive/Desktop/Parking-Finder2-main/vendor/laravel/framework/src/Illuminate/Console/View/Components/Task.php(41): Illuminate/Database/Migrations/Migrator->Illuminate/Database/Migrations/{closure}()
#12 C:/Users/DELL/OneDrive/Desktop/Parking-Finder2-main/vendor/laravel/framework/src/Illuminate/Database/Migrations/Migrator.php(812): Illuminate/Console/View/Components/Task->render('2026_01_12_1458...', Object(Closure))
#13 C:/Users/DELL/OneDrive/Desktop/Parking-Finder2-main/vendor/laravel/framework/src/Illuminate/Database/Migrations/Migrator.php(253): Illuminate/Database/Migrations/Migrator->write('Illuminate//Cons...', '2026_01_12_1458...', Object(Closure))
#14 C:/Users/DELL/OneDrive/Desktop/Parking-Finder2-main/vendor/laravel/framework/src/Illuminate/Database/Migrations/Migrator.php(211): Illuminate/Database/Migrations/Migrator->runUp('C://Users//DELL//O...', 1, false)
#15 C:/Users/DELL/OneDrive/Desktop/Parking-Finder2-main/vendor/laravel/framework/src/Illuminate/Database/Migrations/Migrator.php(138): Illuminate/Database/Migrations/Migrator->runPending(Array, Array)
#16 C:/Users/DELL/OneDrive/Desktop/Parking-Finder2-main/vendor/laravel/framework/src/Illuminate/Database/Console/Migrations/MigrateCommand.php(116): Illuminate/Database/Migrations/Migrator->run(Array, Array)
#17 C:/Users/DELL/OneDrive/Desktop/Parking-Finder2-main/vendor/laravel/framework/src/Illuminate/Database/Migrations/Migrator.php(669): Illuminate/Database/Console/Migrations/MigrateCommand->Illuminate/Database/Console/Migrations/{closure}()
#18 C:/Users/DELL/OneDrive/Desktop/Parking-Finder2-main/vendor/laravel/framework/src/Illuminate/Database/Console/Migrations/MigrateCommand.php(109): Illuminate/Database/Migrations/Migrator->usingConnection(NULL, Object(Closure))
#19 C:/Users/DELL/OneDrive/Desktop/Parking-Finder2-main/vendor/laravel/framework/src/Illuminate/Database/Console/Migrations/MigrateCommand.php(88): Illuminate/Database/Console/Migrations/MigrateCommand->runMigrations()
#20 C:/Users/DELL/OneDrive/Desktop/Parking-Finder2-main/vendor/laravel/framework/src/Illuminate/Container/BoundMethod.php(36): Illuminate/Database/Console/Migrations/MigrateCommand->handle()
#21 C:/Users/DELL/OneDrive/Desktop/Parking-Finder2-main/vendor/laravel/framework/src/Illuminate/Container/Util.php(43): Illuminate/Container/BoundMethod::Illuminate/Container/{closure}()
#22 C:/Users/DELL/OneDrive/Desktop/Parking-Finder2-main/vendor/laravel/framework/src/Illuminate/Container/BoundMethod.php(96): Illuminate/Container/Util::unwrapIfClosure(Object(Closure))
#23 C:/Users/DELL/OneDrive/Desktop/Parking-Finder2-main/vendor/laravel/framework/src/Illuminate/Container/BoundMethod.php(35): Illuminate/Container/BoundMethod::callBoundMethod(Object(Illuminate/Foundation/Application), Array, Object(Closure))
#24 C:/Users/DELL/OneDrive/Desktop/Parking-Finder2-main/vendor/laravel/framework/src/Illuminate/Container/Container.php(799): Illuminate/Container/BoundMethod::call(Object(Illuminate/Foundation/Application), Array, Array, NULL)
#25 C:/Users/DELL/OneDrive/Desktop/Parking-Finder2-main/vendor/laravel/framework/src/Illuminate/Console/Command.php(211): Illuminate/Container/Container->call(Array)
#26 C:/Users/DELL/OneDrive/Desktop/Parking-Finder2-main/vendor/symfony/console/Command/Command.php(341): Illuminate/Console/Command->execute(Object(Symfony/Component/Console/Input/ArrayInput), Object(Illuminate/Console/OutputStyle))
#27 C:/Users/DELL/OneDrive/Desktop/Parking-Finder2-main/vendor/laravel/framework/src/Illuminate/Console/Command.php(180): Symfony/Component/Console/Command/Command->run(Object(Symfony/Component/Console/Input/ArrayInput), Object(Illuminate/Console/OutputStyle))
#28 C:/Users/DELL/OneDrive/Desktop/Parking-Finder2-main/vendor/laravel/framework/src/Illuminate/Console/Concerns/CallsCommands.php(68): Illuminate/Console/Command->run(Object(Symfony/Component/Console/Input/ArrayInput), Object(Illuminate/Console/OutputStyle))
#29 C:/Users/DELL/OneDrive/Desktop/Parking-Finder2-main/vendor/laravel/framework/src/Illuminate/Console/Concerns/CallsCommands.php(29): Illuminate/Console/Command->runCommand('migrate', Array, Object(Illuminate/Console/OutputStyle))
#30 C:/Users/DELL/OneDrive/Desktop/Parking-Finder2-main/vendor/laravel/framework/src/Illuminate/Database/Console/Migrations/FreshCommand.php(81): Illuminate/Console/Command->call('migrate', Array)
#31 C:/Users/DELL/OneDrive/Desktop/Parking-Finder2-main/vendor/laravel/framework/src/Illuminate/Container/BoundMethod.php(36): Illuminate/Database/Console/Migrations/FreshCommand->handle()
#32 C:/Users/DELL/OneDrive/Desktop/Parking-Finder2-main/vendor/laravel/framework/src/Illuminate/Container/Util.php(43): Illuminate/Container/BoundMethod::Illuminate/Container/{closure}()
#33 C:/Users/DELL/OneDrive/Desktop/Parking-Finder2-main/vendor/laravel/framework/src/Illuminate/Container/BoundMethod.php(96): Illuminate/Container/Util::unwrapIfClosure(Object(Closure))
#34 C:/Users/DELL/OneDrive/Desktop/Parking-Finder2-main/vendor/laravel/framework/src/Illuminate/Container/BoundMethod.php(35): Illuminate/Container/BoundMethod::callBoundMethod(Object(Illuminate/Foundation/Application), Array, Object(Closure))
#35 C:/Users/DELL/OneDrive/Desktop/Parking-Finder2-main/vendor/laravel/framework/src/Illuminate/Container/Container.php(799): Illuminate/Container/BoundMethod::call(Object(Illuminate/Foundation/Application), Array, Array, NULL)
#36 C:/Users/DELL/OneDrive/Desktop/Parking-Finder2-main/vendor/laravel/framework/src/Illuminate/Console/Command.php(211): Illuminate/Container/Container->call(Array)
#37 C:/Users/DELL/OneDrive/Desktop/Parking-Finder2-main/vendor/symfony/console/Command/Command.php(341): Illuminate/Console/Command->execute(Object(Symfony/Component/Console/Input/ArgvInput), Object(Illuminate/Console/OutputStyle))
#38 C:/Users/DELL/OneDrive/Desktop/Parking-Finder2-main/vendor/laravel/framework/src/Illuminate/Console/Command.php(180): Symfony/Component/Console/Command/Command->run(Object(Symfony/Component/Console/Input/ArgvInput), Object(Illuminate/Console/OutputStyle))
#39 C:/Users/DELL/OneDrive/Desktop/Parking-Finder2-main/vendor/symfony/console/Application.php(1102): Illuminate/Console/Command->run(Object(Symfony/Component/Console/Input/ArgvInput), Object(Symfony/Component/Console/Output/ConsoleOutput))
#40 C:/Users/DELL/OneDrive/Desktop/Parking-Finder2-main/vendor/symfony/console/Application.php(356): Symfony/Component/Console/Application->doRunCommand(Object(Illuminate/Database/Console/Migrations/FreshCommand), Object(Symfony/Component/Console/Input/ArgvInput), Object(Symfony/Component/Console/Output/ConsoleOutput))
#41 C:/Users/DELL/OneDrive/Desktop/Parking-Finder2-main/vendor/symfony/console/Application.php(195): Symfony/Component/Console/Application->doRun(Object(Symfony/Component/Console/Input/ArgvInput), Object(Symfony/Component/Console/Output/ConsoleOutput))
#42 C:/Users/DELL/OneDrive/Desktop/Parking-Finder2-main/vendor/laravel/framework/src/Illuminate/Foundation/Console/Kernel.php(198): Symfony/Component/Console/Application->run(Object(Symfony/Component/Console/Input/ArgvInput), Object(Symfony/Component/Console/Output/ConsoleOutput))
#43 C:/Users/DELL/OneDrive/Desktop/Parking-Finder2-main/vendor/laravel/framework/src/Illuminate/Foundation/Application.php(1235): Illuminate/Foundation/Console/Kernel->handle(Object(Symfony/Component/Console/Input/ArgvInput), Object(Symfony/Component/Console/Output/ConsoleOutput))
#44 C:/Users/DELL/OneDrive/Desktop/Parking-Finder2-main/artisan(16): Illuminate/Foundation/Application->handleCommand(Object(Symfony/Component/Console/Input/ArgvInput))
#45 {main}

[previous exception] [object] (PDOException(code: HY000): SQLSTATE[HY000]: General error: 1005 Can't create table `laravel`.`reservations` (errno: 150 \"Foreign key constraint is incorrectly formed\") at C:/Users/DELL/OneDrive/Desktop/Parking-Finder2-main/vendor/laravel/framework/src/Illuminate/Database/Connection.php:577)
[stacktrace]
#0 C:/Users/DELL/OneDrive/Desktop/Parking-Finder2-main/vendor/laravel/framework/src/Illuminate/Database/Connection.php(577): PDOStatement->execute()
#1 C:/Users/DELL/OneDrive/Desktop/Parking-Finder2-main/vendor/laravel/framework/src/Illuminate/Database/Connection.php(820): Illuminate/Database/Connection->Illuminate/Database/{closure}('alter table `re...', Array)
#2 C:/Users/DELL/OneDrive/Desktop/Parking-Finder2-main/vendor/laravel/framework/src/Illuminate/Database/Connection.php(787): Illuminate/Database/Connection->runQueryCallback('alter table `re...', Array, Object(Closure))
#3 C:/Users/DELL/OneDrive/Desktop/Parking-Finder2-main/vendor/laravel/framework/src/Illuminate/Database/Connection.php(566): Illuminate/Database/Connection->run('alter table `re...', Array, Object(Closure))
#4 C:/Users/DELL/OneDrive/Desktop/Parking-Finder2-main/vendor/laravel/framework/src/Illuminate/Database/Schema/Blueprint.php(121): Illuminate/Database/Connection->statement('alter table `re...')
#5 C:/Users/DELL/OneDrive/Desktop/Parking-Finder2-main/vendor/laravel/framework/src/Illuminate/Database/Schema/Builder.php(650): Illuminate/Database/Schema/Blueprint->build()
#6 C:/Users/DELL/OneDrive/Desktop/Parking-Finder2-main/vendor/laravel/framework/src/Illuminate/Database/Schema/Builder.php(504): Illuminate/Database/Schema/Builder->build(Object(Illuminate/Database/Schema/Blueprint))
#7 C:/Users/DELL/OneDrive/Desktop/Parking-Finder2-main/vendor/laravel/framework/src/Illuminate/Support/Facades/Facade.php(363): Illuminate/Database/Schema/Builder->create('reservations', Object(Closure))
#8 C:/Users/DELL/OneDrive/Desktop/Parking-Finder2-main/database/migrations/2026_01_12_145825_create_reservations_table.php(14): Illuminate/Support/Facades/Facade::__callStatic('create', Array)
#9 C:/Users/DELL/OneDrive/Desktop/Parking-Finder2-main/vendor/laravel/framework/src/Illuminate/Database/Migrations/Migrator.php(517): Illuminate/Database/Migrations/Migration@anonymous->up()
#10 C:/Users/DELL/OneDrive/Desktop/Parking-Finder2-main/vendor/laravel/framework/src/Illuminate/Database/Migrations/Migrator.php(442): Illuminate/Database/Migrations/Migrator->runMethod(Object(Illuminate/Database/MySqlConnection), Object(Illuminate/Database/Migrations/Migration@anonymous), 'up')
#11 C:/Users/DELL/OneDrive/Desktop/Parking-Finder2-main/vendor/laravel/framework/src/Illuminate/Database/Migrations/Migrator.php(451): Illuminate/Database/Migrations/Migrator->Illuminate/Database/Migrations/{closure}()
#12 C:/Users/DELL/OneDrive/Desktop/Parking-Finder2-main/vendor/laravel/framework/src/Illuminate/Database/Migrations/Migrator.php(253): Illuminate/Database/Migrations/Migrator->runMigration(Object(Illuminate/Database/Migrations/Migration@anonymous), 'up')
#13 C:/Users/DELL/OneDrive/Desktop/Parking-Finder2-main/vendor/laravel/framework/src/Illuminate/Console/View/Components/Task.php(41): Illuminate/Database/Migrations/Migrator->Illuminate/Database/Migrations/{closure}()
#14 C:/Users/DELL/OneDrive/Desktop/Parking-Finder2-main/vendor/laravel/framework/src/Illuminate/Database/Migrations/Migrator.php(812): Illuminate/Console/View/Components/Task->render('2026_01_12_1458...', Object(Closure))
#15 C:/Users/DELL/OneDrive/Desktop/Parking-Finder2-main/vendor/laravel/framework/src/Illuminate/Database/Migrations/Migrator.php(253): Illuminate/Database/Migrations/Migrator->write('Illuminate//Cons...', '2026_01_12_1458...', Object(Closure))
#16 C:/Users/DELL/OneDrive/Desktop/Parking-Finder2-main/vendor/laravel/framework/src/Illuminate/Database/Migrations/Migrator.php(211): Illuminate/Database/Migrations/Migrator->runUp('C://Users//DELL//O...', 1, false)
#17 C:/Users/DELL/OneDrive/Desktop/Parking-Finder2-main/vendor/laravel/framework/src/Illuminate/Database/Migrations/Migrator.php(138): Illuminate/Database/Migrations/Migrator->runPending(Array, Array)
#18 C:/Users/DELL/OneDrive/Desktop/Parking-Finder2-main/vendor/laravel/framework/src/Illuminate/Database/Console/Migrations/MigrateCommand.php(116): Illuminate/Database/Migrations/Migrator->run(Array, Array)
#19 C:/Users/DELL/OneDrive/Desktop/Parking-Finder2-main/vendor/laravel/framework/src/Illuminate/Database/Migrations/Migrator.php(669): Illuminate/Database/Console/Migrations/MigrateCommand->Illuminate/Database/Console/Migrations/{closure}()
#20 C:/Users/DELL/OneDrive/Desktop/Parking-Finder2-main/vendor/laravel/framework/src/Illuminate/Database/Console/Migrations/MigrateCommand.php(109): Illuminate/Database/Migrations/Migrator->usingConnection(NULL, Object(Closure))
#21 C:/Users/DELL/OneDrive/Desktop/Parking-Finder2-main/vendor/laravel/framework/src/Illuminate/Database/Console/Migrations/MigrateCommand.php(88): Illuminate/Database/Console/Migrations/MigrateCommand->runMigrations()
#22 C:/Users/DELL/OneDrive/Desktop/Parking-Finder2-main/vendor/laravel/framework/src/Illuminate/Container/BoundMethod.php(36): Illuminate/Database/Console/Migrations/MigrateCommand->handle()
#23 C:/Users/DELL/OneDrive/Desktop/Parking-Finder2-main/vendor/laravel/framework/src/Illuminate/Container/Util.php(43): Illuminate/Container/BoundMethod::Illuminate/Container/{closure}()
#24 C:/Users/DELL/OneDrive/Desktop/Parking-Finder2-main/vendor/laravel/framework/src/Illuminate/Container/BoundMethod.php(96): Illuminate/Container/Util::unwrapIfClosure(Object(Closure))
#25 C:/Users/DELL/OneDrive/Desktop/Parking-Finder2-main/vendor/laravel/framework/src/Illuminate/Container/BoundMethod.php(35): Illuminate/Container/BoundMethod::callBoundMethod(Object(Illuminate/Foundation/Application), Array, Object(Closure))
#26 C:/Users/DELL/OneDrive/Desktop/Parking-Finder2-main/vendor/laravel/framework/src/Illuminate/Container/Container.php(799): Illuminate/Container/BoundMethod::call(Object(Illuminate/Foundation/Application), Array, Array, NULL)
#27 C:/Users/DELL/OneDrive/Desktop/Parking-Finder2-main/vendor/laravel/framework/src/Illuminate/Console/Command.php(211): Illuminate/Container/Container->call(Array)
#28 C:/Users/DELL/OneDrive/Desktop/Parking-Finder2-main/vendor/symfony/console/Command/Command.php(341): Illuminate/Console/Command->execute(Object(Symfony/Component/Console/Input/ArrayInput), Object(Illuminate/Console/OutputStyle))
#29 C:/Users/DELL/OneDrive/Desktop/Parking-Finder2-main/vendor/laravel/framework/src/Illuminate/Console/Command.php(180): Symfony/Component/Console/Command/Command->run(Object(Symfony/Component/Console/Input/ArrayInput), Object(Illuminate/Console/OutputStyle))
#30 C:/Users/DELL/OneDrive/Desktop/Parking-Finder2-main/vendor/laravel/framework/src/Illuminate/Console/Concerns/CallsCommands.php(68): Illuminate/Console/Command->run(Object(Symfony/Component/Console/Input/ArrayInput), Object(Illuminate/Console/OutputStyle))
#31 C:/Users/DELL/OneDrive/Desktop/Parking-Finder2-main/vendor/laravel/framework/src/Illuminate/Console/Concerns/CallsCommands.php(29): Illuminate/Console/Command->runCommand('migrate', Array, Object(Illuminate/Console/OutputStyle))
#32 C:/Users/DELL/OneDrive/Desktop/Parking-Finder2-main/vendor/laravel/framework/src/Illuminate/Database/Console/Migrations/FreshCommand.php(81): Illuminate/Console/Command->call('migrate', Array)
#33 C:/Users/DELL/OneDrive/Desktop/Parking-Finder2-main/vendor/laravel/framework/src/Illuminate/Container/BoundMethod.php(36): Illuminate/Database/Console/Migrations/FreshCommand->handle()
#34 C:/Users/DELL/OneDrive/Desktop/Parking-Finder2-main/vendor/laravel/framework/src/Illuminate/Container/Util.php(43): Illuminate/Container/BoundMethod::Illuminate/Container/{closure}()
#35 C:/Users/DELL/OneDrive/Desktop/Parking-Finder2-main/vendor/laravel/framework/src/Illuminate/Container/BoundMethod.php(96): Illuminate/Container/Util::unwrapIfClosure(Object(Closure))
#36 C:/Users/DELL/OneDrive/Desktop/Parking-Finder2-main/vendor/laravel/framework/src/Illuminate/Container/BoundMethod.php(35): Illuminate/Container/BoundMethod::callBoundMethod(Object(Illuminate/Foundation/Application), Array, Object(Closure))
#37 C:/Users/DELL/OneDrive/Desktop/Parking-Finder2-main/vendor/laravel/framework/src/Illuminate/Container/Container.php(799): Illuminate/Container/BoundMethod::call(Object(Illuminate/Foundation/Application), Array, Array, NULL)
#38 C:/Users/DELL/OneDrive/Desktop/Parking-Finder2-main/vendor/laravel/framework/src/Illuminate/Console/Command.php(211): Illuminate/Container/Container->call(Array)
#39 C:/Users/DELL/OneDrive/Desktop/Parking-Finder2-main/vendor/symfony/console/Command/Command.php(341): Illuminate/Console/Command->execute(Object(Symfony/Component/Console/Input/ArgvInput), Object(Illuminate/Console/OutputStyle))
#40 C:/Users/DELL/OneDrive/Desktop/Parking-Finder2-main/vendor/laravel/framework/src/Illuminate/Console/Command.php(180): Symfony/Component/Console/Command/Command->run(Object(Symfony/Component/Console/Input/ArgvInput), Object(Illuminate/Console/OutputStyle))
#41 C:/Users/DELL/OneDrive/Desktop/Parking-Finder2-main/vendor/symfony/console/Application.php(1102): Illuminate/Console/Command->run(Object(Symfony/Component/Console/Input/ArgvInput), Object(Symfony/Component/Console/Output/ConsoleOutput))
#42 C:/Users/DELL/OneDrive/Desktop/Parking-Finder2-main/vendor/symfony/console/Application.php(356): Symfony/Component/Console/Application->doRunCommand(Object(Illuminate/Database/Console/Migrations/FreshCommand), Object(Symfony/Component/Console/Input/ArgvInput), Object(Symfony/Component/Console/Output/ConsoleOutput))
#43 C:/Users/DELL/OneDrive/Desktop/Parking-Finder2-main/vendor/symfony/console/Application.php(195): Symfony/Component/Console/Application->doRun(Object(Symfony/Component/Console/Input/ArgvInput), Object(Symfony/Component/Console/Output/ConsoleOutput))
#44 C:/Users/DELL/OneDrive/Desktop/Parking-Finder2-main/vendor/laravel/framework/src/Illuminate/Foundation/Console/Kernel.php(198): Symfony/Component/Console/Application->run(Object(Symfony/Component/Console/Input/ArgvInput), Object(Symfony/Component/Console/Output/ConsoleOutput))
#45 C:/Users/DELL/OneDrive/Desktop/Parking-Finder2-main/vendor/laravel/framework/src/Illuminate/Foundation/Application.php(1235): Illuminate/Foundation/Console/Kernel->handle(Object(Symfony/Component/Console/Input/ArgvInput), Object(Symfony/Component/Console/Output/ConsoleOutput))
#46 C:/Users/DELL/OneDrive/Desktop/Parking-Finder2-main/artisan(16): Illuminate/Foundation/Application->handleCommand(Object(Symfony/Component/Console/Input/ArgvInput))
#47 {main}
"} 
[2026-01-19 19:15:16] local.ERROR: SQLSTATE[HY000]: General error: 1005 Can't create table `laravel`.`reservations` (errno: 150 "Foreign key constraint is incorrectly formed") (Connection: mysql, Host: 127.0.0.1, Port: 3306, Database: laravel, SQL: alter table `reservations` add constraint `reservations_spot_id_foreign` foreign key (`spot_id`) references `spots` (`id`) on delete cascade) {"exception":"[object] (Illuminate\\Database\\QueryException(code: HY000): SQLSTATE[HY000]: General error: 1005 Can't create table `laravel`.`reservations` (errno: 150 \"Foreign key constraint is incorrectly formed\") (Connection: mysql, Host: 127.0.0.1, Port: 3306, Database: laravel, SQL: alter table `reservations` add constraint `reservations_spot_id_foreign` foreign key (`spot_id`) references `spots` (`id`) on delete cascade) at C:/Users/DELL/OneDrive/Desktop/Parking-Finder2-main/vendor/laravel/framework/src/Illuminate/Database/Connection.php:831)
[stacktrace]
#0 C:/Users/DELL/OneDrive/Desktop/Parking-Finder2-main/vendor/laravel/framework/src/Illuminate/Database/Connection.php(787): Illuminate/Database/Connection->runQueryCallback('alter table `re...', Array, Object(Closure))
#1 C:/Users/DELL/OneDrive/Desktop/Parking-Finder2-main/vendor/laravel/framework/src/Illuminate/Database/Connection.php(566): Illuminate/Database/Connection->run('alter table `re...', Array, Object(Closure))
#2 C:/Users/DELL/OneDrive/Desktop/Parking-Finder2-main/vendor/laravel/framework/src/Illuminate/Database/Schema/Blueprint.php(121): Illuminate/Database/Connection->statement('alter table `re...')
#3 C:/Users/DELL/OneDrive/Desktop/Parking-Finder2-main/vendor/laravel/framework/src/Illuminate/Database/Schema/Builder.php(650): Illuminate/Database/Schema/Blueprint->build()
#4 C:/Users/DELL/OneDrive/Desktop/Parking-Finder2-main/vendor/laravel/framework/src/Illuminate/Database/Schema/Builder.php(504): Illuminate/Database/Schema/Builder->build(Object(Illuminate/Database/Schema/Blueprint))
#5 C:/Users/DELL/OneDrive/Desktop/Parking-Finder2-main/vendor/laravel/framework/src/Illuminate/Support/Facades/Facade.php(363): Illuminate/Database/Schema/Builder->create('reservations', Object(Closure))
#6 C:/Users/DELL/OneDrive/Desktop/Parking-Finder2-main/database/migrations/2026_01_12_145825_create_reservations_table.php(14): Illuminate/Support/Facades/Facade::__callStatic('create', Array)
#7 C:/Users/DELL/OneDrive/Desktop/Parking-Finder2-main/vendor/laravel/framework/src/Illuminate/Database/Migrations/Migrator.php(517): Illuminate/Database/Migrations/Migration@anonymous->up()
#8 C:/Users/DELL/OneDrive/Desktop/Parking-Finder2-main/vendor/laravel/framework/src/Illuminate/Database/Migrations/Migrator.php(442): Illuminate/Database/Migrations/Migrator->runMethod(Object(Illuminate/Database/MySqlConnection), Object(Illuminate/Database/Migrations/Migration@anonymous), 'up')
#9 C:/Users/DELL/OneDrive/Desktop/Parking-Finder2-main/vendor/laravel/framework/src/Illuminate/Database/Migrations/Migrator.php(451): Illuminate/Database/Migrations/Migrator->Illuminate/Database/Migrations/{closure}()
#10 C:/Users/DELL/OneDrive/Desktop/Parking-Finder2-main/vendor/laravel/framework/src/Illuminate/Database/Migrations/Migrator.php(253): Illuminate/Database/Migrations/Migrator->runMigration(Object(Illuminate/Database/Migrations/Migration@anonymous), 'up')
#11 C:/Users/DELL/OneDrive/Desktop/Parking-Finder2-main/vendor/laravel/framework/src/Illuminate/Console/View/Components/Task.php(41): Illuminate/Database/Migrations/Migrator->Illuminate/Database/Migrations/{closure}()
#12 C:/Users/DELL/OneDrive/Desktop/Parking-Finder2-main/vendor/laravel/framework/src/Illuminate/Database/Migrations/Migrator.php(812): Illuminate/Console/View/Components/Task->render('2026_01_12_1458...', Object(Closure))
#13 C:/Users/DELL/OneDrive/Desktop/Parking-Finder2-main/vendor/laravel/framework/src/Illuminate/Database/Migrations/Migrator.php(253): Illuminate/Database/Migrations/Migrator->write('Illuminate//Cons...', '2026_01_12_1458...', Object(Closure))
#14 C:/Users/DELL/OneDrive/Desktop/Parking-Finder2-main/vendor/laravel/framework/src/Illuminate/Database/Migrations/Migrator.php(211): Illuminate/Database/Migrations/Migrator->runUp('C://Users//DELL//O...', 1, false)
#15 C:/Users/DELL/OneDrive/Desktop/Parking-Finder2-main/vendor/laravel/framework/src/Illuminate/Database/Migrations/Migrator.php(138): Illuminate/Database/Migrations/Migrator->runPending(Array, Array)
#16 C:/Users/DELL/OneDrive/Desktop/Parking-Finder2-main/vendor/laravel/framework/src/Illuminate/Database/Console/Migrations/MigrateCommand.php(116): Illuminate/Database/Migrations/Migrator->run(Array, Array)
#17 C:/Users/DELL/OneDrive/Desktop/Parking-Finder2-main/vendor/laravel/framework/src/Illuminate/Database/Migrations/Migrator.php(669): Illuminate/Database/Console/Migrations/MigrateCommand->Illuminate/Database/Console/Migrations/{closure}()
#18 C:/Users/DELL/OneDrive/Desktop/Parking-Finder2-main/vendor/laravel/framework/src/Illuminate/Database/Console/Migrations/MigrateCommand.php(109): Illuminate/Database/Migrations/Migrator->usingConnection(NULL, Object(Closure))
#19 C:/Users/DELL/OneDrive/Desktop/Parking-Finder2-main/vendor/laravel/framework/src/Illuminate/Database/Console/Migrations/MigrateCommand.php(88): Illuminate/Database/Console/Migrations/MigrateCommand->runMigrations()
#20 C:/Users/DELL/OneDrive/Desktop/Parking-Finder2-main/vendor/laravel/framework/src/Illuminate/Container/BoundMethod.php(36): Illuminate/Database/Console/Migrations/MigrateCommand->handle()
#21 C:/Users/DELL/OneDrive/Desktop/Parking-Finder2-main/vendor/laravel/framework/src/Illuminate/Container/Util.php(43): Illuminate/Container/BoundMethod::Illuminate/Container/{closure}()
#22 C:/Users/DELL/OneDrive/Desktop/Parking-Finder2-main/vendor/laravel/framework/src/Illuminate/Container/BoundMethod.php(96): Illuminate/Container/Util::unwrapIfClosure(Object(Closure))
#23 C:/Users/DELL/OneDrive/Desktop/Parking-Finder2-main/vendor/laravel/framework/src/Illuminate/Container/BoundMethod.php(35): Illuminate/Container/BoundMethod::callBoundMethod(Object(Illuminate/Foundation/Application), Array, Object(Closure))
#24 C:/Users/DELL/OneDrive/Desktop/Parking-Finder2-main/vendor/laravel/framework/src/Illuminate/Container/Container.php(799): Illuminate/Container/BoundMethod::call(Object(Illuminate/Foundation/Application), Array, Array, NULL)
#25 C:/Users/DELL/OneDrive/Desktop/Parking-Finder2-main/vendor/laravel/framework/src/Illuminate/Console/Command.php(211): Illuminate/Container/Container->call(Array)
#26 C:/Users/DELL/OneDrive/Desktop/Parking-Finder2-main/vendor/symfony/console/Command/Command.php(341): Illuminate/Console/Command->execute(Object(Symfony/Component/Console/Input/ArrayInput), Object(Illuminate/Console/OutputStyle))
#27 C:/Users/DELL/OneDrive/Desktop/Parking-Finder2-main/vendor/laravel/framework/src/Illuminate/Console/Command.php(180): Symfony/Component/Console/Command/Command->run(Object(Symfony/Component/Console/Input/ArrayInput), Object(Illuminate/Console/OutputStyle))
#28 C:/Users/DELL/OneDrive/Desktop/Parking-Finder2-main/vendor/laravel/framework/src/Illuminate/Console/Concerns/CallsCommands.php(68): Illuminate/Console/Command->run(Object(Symfony/Component/Console/Input/ArrayInput), Object(Illuminate/Console/OutputStyle))
#29 C:/Users/DELL/OneDrive/Desktop/Parking-Finder2-main/vendor/laravel/framework/src/Illuminate/Console/Concerns/CallsCommands.php(29): Illuminate/Console/Command->runCommand('migrate', Array, Object(Illuminate/Console/OutputStyle))
#30 C:/Users/DELL/OneDrive/Desktop/Parking-Finder2-main/vendor/laravel/framework/src/Illuminate/Database/Console/Migrations/FreshCommand.php(81): Illuminate/Console/Command->call('migrate', Array)
#31 C:/Users/DELL/OneDrive/Desktop/Parking-Finder2-main/vendor/laravel/framework/src/Illuminate/Container/BoundMethod.php(36): Illuminate/Database/Console/Migrations/FreshCommand->handle()
#32 C:/Users/DELL/OneDrive/Desktop/Parking-Finder2-main/vendor/laravel/framework/src/Illuminate/Container/Util.php(43): Illuminate/Container/BoundMethod::Illuminate/Container/{closure}()
#33 C:/Users/DELL/OneDrive/Desktop/Parking-Finder2-main/vendor/laravel/framework/src/Illuminate/Container/BoundMethod.php(96): Illuminate/Container/Util::unwrapIfClosure(Object(Closure))
#34 C:/Users/DELL/OneDrive/Desktop/Parking-Finder2-main/vendor/laravel/framework/src/Illuminate/Container/BoundMethod.php(35): Illuminate/Container/BoundMethod::callBoundMethod(Object(Illuminate/Foundation/Application), Array, Object(Closure))
#35 C:/Users/DELL/OneDrive/Desktop/Parking-Finder2-main/vendor/laravel/framework/src/Illuminate/Container/Container.php(799): Illuminate/Container/BoundMethod::call(Object(Illuminate/Foundation/Application), Array, Array, NULL)
#36 C:/Users/DELL/OneDrive/Desktop/Parking-Finder2-main/vendor/laravel/framework/src/Illuminate/Console/Command.php(211): Illuminate/Container/Container->call(Array)
#37 C:/Users/DELL/OneDrive/Desktop/Parking-Finder2-main/vendor/symfony/console/Command/Command.php(341): Illuminate/Console/Command->execute(Object(Symfony/Component/Console/Input/ArgvInput), Object(Illuminate/Console/OutputStyle))
#38 C:/Users/DELL/OneDrive/Desktop/Parking-Finder2-main/vendor/laravel/framework/src/Illuminate/Console/Command.php(180): Symfony/Component/Console/Command/Command->run(Object(Symfony/Component/Console/Input/ArgvInput), Object(Illuminate/Console/OutputStyle))
#39 C:/Users/DELL/OneDrive/Desktop/Parking-Finder2-main/vendor/symfony/console/Application.php(1102): Illuminate/Console/Command->run(Object(Symfony/Component/Console/Input/ArgvInput), Object(Symfony/Component/Console/Output/ConsoleOutput))
#40 C:/Users/DELL/OneDrive/Desktop/Parking-Finder2-main/vendor/symfony/console/Application.php(356): Symfony/Component/Console/Application->doRunCommand(Object(Illuminate/Database/Console/Migrations/FreshCommand), Object(Symfony/Component/Console/Input/ArgvInput), Object(Symfony/Component/Console/Output/ConsoleOutput))
#41 C:/Users/DELL/OneDrive/Desktop/Parking-Finder2-main/vendor/symfony/console/Application.php(195): Symfony/Component/Console/Application->doRun(Object(Symfony/Component/Console/Input/ArgvInput), Object(Symfony/Component/Console/Output/ConsoleOutput))
#42 C:/Users/DELL/OneDrive/Desktop/Parking-Finder2-main/vendor/laravel/framework/src/Illuminate/Foundation/Console/Kernel.php(198): Symfony/Component/Console/Application->run(Object(Symfony/Component/Console/Input/ArgvInput), Object(Symfony/Component/Console/Output/ConsoleOutput))
#43 C:/Users/DELL/OneDrive/Desktop/Parking-Finder2-main/vendor/laravel/framework/src/Illuminate/Foundation/Application.php(1235): Illuminate/Foundation/Console/Kernel->handle(Object(Symfony/Component/Console/Input/ArgvInput), Object(Symfony/Component/Console/Output/ConsoleOutput))
#44 C:/Users/DELL/OneDrive/Desktop/Parking-Finder2-main/artisan(16): Illuminate/Foundation/Application->handleCommand(Object(Symfony/Component/Console/Input/ArgvInput))
#45 {main}

[previous exception] [object] (PDOException(code: HY000): SQLSTATE[HY000]: General error: 1005 Can't create table `laravel`.`reservations` (errno: 150 \"Foreign key constraint is incorrectly formed\") at C:/Users/DELL/OneDrive/Desktop/Parking-Finder2-main/vendor/laravel/framework/src/Illuminate/Database/Connection.php:577)
[stacktrace]
#0 C:/Users/DELL/OneDrive/Desktop/Parking-Finder2-main/vendor/laravel/framework/src/Illuminate/Database/Connection.php(577): PDOStatement->execute()
#1 C:/Users/DELL/OneDrive/Desktop/Parking-Finder2-main/vendor/laravel/framework/src/Illuminate/Database/Connection.php(820): Illuminate/Database/Connection->Illuminate/Database/{closure}('alter table `re...', Array)
#2 C:/Users/DELL/OneDrive/Desktop/Parking-Finder2-main/vendor/laravel/framework/src/Illuminate/Database/Connection.php(787): Illuminate/Database/Connection->runQueryCallback('alter table `re...', Array, Object(Closure))
#3 C:/Users/DELL/OneDrive/Desktop/Parking-Finder2-main/vendor/laravel/framework/src/Illuminate/Database/Connection.php(566): Illuminate/Database/Connection->run('alter table `re...', Array, Object(Closure))
#4 C:/Users/DELL/OneDrive/Desktop/Parking-Finder2-main/vendor/laravel/framework/src/Illuminate/Database/Schema/Blueprint.php(121): Illuminate/Database/Connection->statement('alter table `re...')
#5 C:/Users/DELL/OneDrive/Desktop/Parking-Finder2-main/vendor/laravel/framework/src/Illuminate/Database/Schema/Builder.php(650): Illuminate/Database/Schema/Blueprint->build()
#6 C:/Users/DELL/OneDrive/Desktop/Parking-Finder2-main/vendor/laravel/framework/src/Illuminate/Database/Schema/Builder.php(504): Illuminate/Database/Schema/Builder->build(Object(Illuminate/Database/Schema/Blueprint))
#7 C:/Users/DELL/OneDrive/Desktop/Parking-Finder2-main/vendor/laravel/framework/src/Illuminate/Support/Facades/Facade.php(363): Illuminate/Database/Schema/Builder->create('reservations', Object(Closure))
#8 C:/Users/DELL/OneDrive/Desktop/Parking-Finder2-main/database/migrations/2026_01_12_145825_create_reservations_table.php(14): Illuminate/Support/Facades/Facade::__callStatic('create', Array)
#9 C:/Users/DELL/OneDrive/Desktop/Parking-Finder2-main/vendor/laravel/framework/src/Illuminate/Database/Migrations/Migrator.php(517): Illuminate/Database/Migrations/Migration@anonymous->up()
#10 C:/Users/DELL/OneDrive/Desktop/Parking-Finder2-main/vendor/laravel/framework/src/Illuminate/Database/Migrations/Migrator.php(442): Illuminate/Database/Migrations/Migrator->runMethod(Object(Illuminate/Database/MySqlConnection), Object(Illuminate/Database/Migrations/Migration@anonymous), 'up')
#11 C:/Users/DELL/OneDrive/Desktop/Parking-Finder2-main/vendor/laravel/framework/src/Illuminate/Database/Migrations/Migrator.php(451): Illuminate/Database/Migrations/Migrator->Illuminate/Database/Migrations/{closure}()
#12 C:/Users/DELL/OneDrive/Desktop/Parking-Finder2-main/vendor/laravel/framework/src/Illuminate/Database/Migrations/Migrator.php(253): Illuminate/Database/Migrations/Migrator->runMigration(Object(Illuminate/Database/Migrations/Migration@anonymous), 'up')
#13 C:/Users/DELL/OneDrive/Desktop/Parking-Finder2-main/vendor/laravel/framework/src/Illuminate/Console/View/Components/Task.php(41): Illuminate/Database/Migrations/Migrator->Illuminate/Database/Migrations/{closure}()
#14 C:/Users/DELL/OneDrive/Desktop/Parking-Finder2-main/vendor/laravel/framework/src/Illuminate/Database/Migrations/Migrator.php(812): Illuminate/Console/View/Components/Task->render('2026_01_12_1458...', Object(Closure))
#15 C:/Users/DELL/OneDrive/Desktop/Parking-Finder2-main/vendor/laravel/framework/src/Illuminate/Database/Migrations/Migrator.php(253): Illuminate/Database/Migrations/Migrator->write('Illuminate//Cons...', '2026_01_12_1458...', Object(Closure))
#16 C:/Users/DELL/OneDrive/Desktop/Parking-Finder2-main/vendor/laravel/framework/src/Illuminate/Database/Migrations/Migrator.php(211): Illuminate/Database/Migrations/Migrator->runUp('C://Users//DELL//O...', 1, false)
#17 C:/Users/DELL/OneDrive/Desktop/Parking-Finder2-main/vendor/laravel/framework/src/Illuminate/Database/Migrations/Migrator.php(138): Illuminate/Database/Migrations/Migrator->runPending(Array, Array)
#18 C:/Users/DELL/OneDrive/Desktop/Parking-Finder2-main/vendor/laravel/framework/src/Illuminate/Database/Console/Migrations/MigrateCommand.php(116): Illuminate/Database/Migrations/Migrator->run(Array, Array)
#19 C:/Users/DELL/OneDrive/Desktop/Parking-Finder2-main/vendor/laravel/framework/src/Illuminate/Database/Migrations/Migrator.php(669): Illuminate/Database/Console/Migrations/MigrateCommand->Illuminate/Database/Console/Migrations/{closure}()
#20 C:/Users/DELL/OneDrive/Desktop/Parking-Finder2-main/vendor/laravel/framework/src/Illuminate/Database/Console/Migrations/MigrateCommand.php(109): Illuminate/Database/Migrations/Migrator->usingConnection(NULL, Object(Closure))
#21 C:/Users/DELL/OneDrive/Desktop/Parking-Finder2-main/vendor/laravel/framework/src/Illuminate/Database/Console/Migrations/MigrateCommand.php(88): Illuminate/Database/Console/Migrations/MigrateCommand->runMigrations()
#22 C:/Users/DELL/OneDrive/Desktop/Parking-Finder2-main/vendor/laravel/framework/src/Illuminate/Container/BoundMethod.php(36): Illuminate/Database/Console/Migrations/MigrateCommand->handle()
#23 C:/Users/DELL/OneDrive/Desktop/Parking-Finder2-main/vendor/laravel/framework/src/Illuminate/Container/Util.php(43): Illuminate/Container/BoundMethod::Illuminate/Container/{closure}()
#24 C:/Users/DELL/OneDrive/Desktop/Parking-Finder2-main/vendor/laravel/framework/src/Illuminate/Container/BoundMethod.php(96): Illuminate/Container/Util::unwrapIfClosure(Object(Closure))
#25 C:/Users/DELL/OneDrive/Desktop/Parking-Finder2-main/vendor/laravel/framework/src/Illuminate/Container/BoundMethod.php(35): Illuminate/Container/BoundMethod::callBoundMethod(Object(Illuminate/Foundation/Application), Array, Object(Closure))
#26 C:/Users/DELL/OneDrive/Desktop/Parking-Finder2-main/vendor/laravel/framework/src/Illuminate/Container/Container.php(799): Illuminate/Container/BoundMethod::call(Object(Illuminate/Foundation/Application), Array, Array, NULL)
#27 C:/Users/DELL/OneDrive/Desktop/Parking-Finder2-main/vendor/laravel/framework/src/Illuminate/Console/Command.php(211): Illuminate/Container/Container->call(Array)
#28 C:/Users/DELL/OneDrive/Desktop/Parking-Finder2-main/vendor/symfony/console/Command/Command.php(341): Illuminate/Console/Command->execute(Object(Symfony/Component/Console/Input/ArrayInput), Object(Illuminate/Console/OutputStyle))
#29 C:/Users/DELL/OneDrive/Desktop/Parking-Finder2-main/vendor/laravel/framework/src/Illuminate/Console/Command.php(180): Symfony/Component/Console/Command/Command->run(Object(Symfony/Component/Console/Input/ArrayInput), Object(Illuminate/Console/OutputStyle))
#30 C:/Users/DELL/OneDrive/Desktop/Parking-Finder2-main/vendor/laravel/framework/src/Illuminate/Console/Concerns/CallsCommands.php(68): Illuminate/Console/Command->run(Object(Symfony/Component/Console/Input/ArrayInput), Object(Illuminate/Console/OutputStyle))
#31 C:/Users/DELL/OneDrive/Desktop/Parking-Finder2-main/vendor/laravel/framework/src/Illuminate/Console/Concerns/CallsCommands.php(29): Illuminate/Console/Command->runCommand('migrate', Array, Object(Illuminate/Console/OutputStyle))
#32 C:/Users/DELL/OneDrive/Desktop/Parking-Finder2-main/vendor/laravel/framework/src/Illuminate/Database/Console/Migrations/FreshCommand.php(81): Illuminate/Console/Command->call('migrate', Array)
#33 C:/Users/DELL/OneDrive/Desktop/Parking-Finder2-main/vendor/laravel/framework/src/Illuminate/Container/BoundMethod.php(36): Illuminate/Database/Console/Migrations/FreshCommand->handle()
#34 C:/Users/DELL/OneDrive/Desktop/Parking-Finder2-main/vendor/laravel/framework/src/Illuminate/Container/Util.php(43): Illuminate/Container/BoundMethod::Illuminate/Container/{closure}()
#35 C:/Users/DELL/OneDrive/Desktop/Parking-Finder2-main/vendor/laravel/framework/src/Illuminate/Container/BoundMethod.php(96): Illuminate/Container/Util::unwrapIfClosure(Object(Closure))
#36 C:/Users/DELL/OneDrive/Desktop/Parking-Finder2-main/vendor/laravel/framework/src/Illuminate/Container/BoundMethod.php(35): Illuminate/Container/BoundMethod::callBoundMethod(Object(Illuminate/Foundation/Application), Array, Object(Closure))
#37 C:/Users/DELL/OneDrive/Desktop/Parking-Finder2-main/vendor/laravel/framework/src/Illuminate/Container/Container.php(799): Illuminate/Container/BoundMethod::call(Object(Illuminate/Foundation/Application), Array, Array, NULL)
#38 C:/Users/DELL/OneDrive/Desktop/Parking-Finder2-main/vendor/laravel/framework/src/Illuminate/Console/Command.php(211): Illuminate/Container/Container->call(Array)
#39 C:/Users/DELL/OneDrive/Desktop/Parking-Finder2-main/vendor/symfony/console/Command/Command.php(341): Illuminate/Console/Command->execute(Object(Symfony/Component/Console/Input/ArgvInput), Object(Illuminate/Console/OutputStyle))
#40 C:/Users/DELL/OneDrive/Desktop/Parking-Finder2-main/vendor/laravel/framework/src/Illuminate/Console/Command.php(180): Symfony/Component/Console/Command/Command->run(Object(Symfony/Component/Console/Input/ArgvInput), Object(Illuminate/Console/OutputStyle))
#41 C:/Users/DELL/OneDrive/Desktop/Parking-Finder2-main/vendor/symfony/console/Application.php(1102): Illuminate/Console/Command->run(Object(Symfony/Component/Console/Input/ArgvInput), Object(Symfony/Component/Console/Output/ConsoleOutput))
#42 C:/Users/DELL/OneDrive/Desktop/Parking-Finder2-main/vendor/symfony/console/Application.php(356): Symfony/Component/Console/Application->doRunCommand(Object(Illuminate/Database/Console/Migrations/FreshCommand), Object(Symfony/Component/Console/Input/ArgvInput), Object(Symfony/Component/Console/Output/ConsoleOutput))
#43 C:/Users/DELL/OneDrive/Desktop/Parking-Finder2-main/vendor/symfony/console/Application.php(195): Symfony/Component/Console/Application->doRun(Object(Symfony/Component/Console/Input/ArgvInput), Object(Symfony/Component/Console/Output/ConsoleOutput))
#44 C:/Users/DELL/OneDrive/Desktop/Parking-Finder2-main/vendor/laravel/framework/src/Illuminate/Foundation/Console/Kernel.php(198): Symfony/Component/Console/Application->run(Object(Symfony/Component/Console/Input/ArgvInput), Object(Symfony/Component/Console/Output/ConsoleOutput))
#45 C:/Users/DELL/OneDrive/Desktop/Parking-Finder2-main/vendor/laravel/framework/src/Illuminate/Foundation/Application.php(1235): Illuminate/Foundation/Console/Kernel->handle(Object(Symfony/Component/Console/Input/ArgvInput), Object(Symfony/Component/Console/Output/ConsoleOutput))
#46 C:/Users/DELL/OneDrive/Desktop/Parking-Finder2-main/artisan(16): Illuminate/Foundation/Application->handleCommand(Object(Symfony/Component/Console/Input/ArgvInput))
#47 {main}
"} 
[2026-01-23 12:51:54] local.ERROR: Target class [not_admin] does not exist. {"exception":"[object] (Illuminate\\Contracts\\Container\\BindingResolutionException(code: 0): Target class [not_admin] does not exist. at C:/Users/DELL/Downloads/Parking-Finder2-stage3-auth-flow/vendor/laravel/framework/src/Illuminate/Container/Container.php:1124)
[stacktrace]
#0 C:/Users/DELL/Downloads/Parking-Finder2-stage3-auth-flow/vendor/laravel/framework/src/Illuminate/Container/Container.php(933): Illuminate/Container/Container->build('not_admin')
#1 C:/Users/DELL/Downloads/Parking-Finder2-stage3-auth-flow/vendor/laravel/framework/src/Illuminate/Foundation/Application.php(1078): Illuminate/Container/Container->resolve('not_admin', Array, true)
#2 C:/Users/DELL/Downloads/Parking-Finder2-stage3-auth-flow/vendor/laravel/framework/src/Illuminate/Container/Container.php(864): Illuminate/Foundation/Application->resolve('not_admin', Array)
#3 C:/Users/DELL/Downloads/Parking-Finder2-stage3-auth-flow/vendor/laravel/framework/src/Illuminate/Foundation/Application.php(1058): Illuminate/Container/Container->make('not_admin', Array)
#4 C:/Users/DELL/Downloads/Parking-Finder2-stage3-auth-flow/vendor/laravel/framework/src/Illuminate/Pipeline/Pipeline.php(208): Illuminate/Foundation/Application->make('not_admin')
#5 C:/Users/DELL/Downloads/Parking-Finder2-stage3-auth-flow/vendor/laravel/framework/src/Illuminate/Routing/Middleware/SubstituteBindings.php(50): Illuminate/Pipeline/Pipeline->Illuminate/Pipeline/{closure}(Object(Illuminate/Http/Request))
#6 C:/Users/DELL/Downloads/Parking-Finder2-stage3-auth-flow/vendor/laravel/framework/src/Illuminate/Pipeline/Pipeline.php(219): Illuminate/Routing/Middleware/SubstituteBindings->handle(Object(Illuminate/Http/Request), Object(Closure))
#7 C:/Users/DELL/Downloads/Parking-Finder2-stage3-auth-flow/vendor/laravel/framework/src/Illuminate/Foundation/Http/Middleware/VerifyCsrfToken.php(87): Illuminate/Pipeline/Pipeline->Illuminate/Pipeline/{closure}(Object(Illuminate/Http/Request))
#8 C:/Users/DELL/Downloads/Parking-Finder2-stage3-auth-flow/vendor/laravel/framework/src/Illuminate/Pipeline/Pipeline.php(219): Illuminate/Foundation/Http/Middleware/VerifyCsrfToken->handle(Object(Illuminate/Http/Request), Object(Closure))
#9 C:/Users/DELL/Downloads/Parking-Finder2-stage3-auth-flow/vendor/laravel/framework/src/Illuminate/View/Middleware/ShareErrorsFromSession.php(48): Illuminate/Pipeline/Pipeline->Illuminate/Pipeline/{closure}(Object(Illuminate/Http/Request))
#10 C:/Users/DELL/Downloads/Parking-Finder2-stage3-auth-flow/vendor/laravel/framework/src/Illuminate/Pipeline/Pipeline.php(219): Illuminate/View/Middleware/ShareErrorsFromSession->handle(Object(Illuminate/Http/Request), Object(Closure))
#11 C:/Users/DELL/Downloads/Parking-Finder2-stage3-auth-flow/vendor/laravel/framework/src/Illuminate/Session/Middleware/StartSession.php(120): Illuminate/Pipeline/Pipeline->Illuminate/Pipeline/{closure}(Object(Illuminate/Http/Request))
#12 C:/Users/DELL/Downloads/Parking-Finder2-stage3-auth-flow/vendor/laravel/framework/src/Illuminate/Session/Middleware/StartSession.php(63): Illuminate/Session/Middleware/StartSession->handleStatefulRequest(Object(Illuminate/Http/Request), Object(Illuminate/Session/Store), Object(Closure))
#13 C:/Users/DELL/Downloads/Parking-Finder2-stage3-auth-flow/vendor/laravel/framework/src/Illuminate/Pipeline/Pipeline.php(219): Illuminate/Session/Middleware/StartSession->handle(Object(Illuminate/Http/Request), Object(Closure))
#14 C:/Users/DELL/Downloads/Parking-Finder2-stage3-auth-flow/vendor/laravel/framework/src/Illuminate/Cookie/Middleware/AddQueuedCookiesToResponse.php(36): Illuminate/Pipeline/Pipeline->Illuminate/Pipeline/{closure}(Object(Illuminate/Http/Request))
#15 C:/Users/DELL/Downloads/Parking-Finder2-stage3-auth-flow/vendor/laravel/framework/src/Illuminate/Pipeline/Pipeline.php(219): Illuminate/Cookie/Middleware/AddQueuedCookiesToResponse->handle(Object(Illuminate/Http/Request), Object(Closure))
#16 C:/Users/DELL/Downloads/Parking-Finder2-stage3-auth-flow/vendor/laravel/framework/src/Illuminate/Cookie/Middleware/EncryptCookies.php(74): Illuminate/Pipeline/Pipeline->Illuminate/Pipeline/{closure}(Object(Illuminate/Http/Request))
#17 C:/Users/DELL/Downloads/Parking-Finder2-stage3-auth-flow/vendor/laravel/framework/src/Illuminate/Pipeline/Pipeline.php(219): Illuminate/Cookie/Middleware/EncryptCookies->handle(Object(Illuminate/Http/Request), Object(Closure))
#18 C:/Users/DELL/Downloads/Parking-Finder2-stage3-auth-flow/vendor/laravel/framework/src/Illuminate/Pipeline/Pipeline.php(137): Illuminate/Pipeline/Pipeline->Illuminate/Pipeline/{closure}(Object(Illuminate/Http/Request))
#19 C:/Users/DELL/Downloads/Parking-Finder2-stage3-auth-flow/vendor/laravel/framework/src/Illuminate/Routing/Router.php(821): Illuminate/Pipeline/Pipeline->then(Object(Closure))
#20 C:/Users/DELL/Downloads/Parking-Finder2-stage3-auth-flow/vendor/laravel/framework/src/Illuminate/Routing/Router.php(800): Illuminate/Routing/Router->runRouteWithinStack(Object(Illuminate/Routing/Route), Object(Illuminate/Http/Request))
#21 C:/Users/DELL/Downloads/Parking-Finder2-stage3-auth-flow/vendor/laravel/framework/src/Illuminate/Routing/Router.php(764): Illuminate/Routing/Router->runRoute(Object(Illuminate/Http/Request), Object(Illuminate/Routing/Route))
#22 C:/Users/DELL/Downloads/Parking-Finder2-stage3-auth-flow/vendor/laravel/framework/src/Illuminate/Routing/Router.php(753): Illuminate/Routing/Router->dispatchToRoute(Object(Illuminate/Http/Request))
#23 C:/Users/DELL/Downloads/Parking-Finder2-stage3-auth-flow/vendor/laravel/framework/src/Illuminate/Foundation/Http/Kernel.php(200): Illuminate/Routing/Router->dispatch(Object(Illuminate/Http/Request))
#24 C:/Users/DELL/Downloads/Parking-Finder2-stage3-auth-flow/vendor/laravel/framework/src/Illuminate/Pipeline/Pipeline.php(180): Illuminate/Foundation/Http/Kernel->Illuminate/Foundation/Http/{closure}(Object(Illuminate/Http/Request))
#25 C:/Users/DELL/Downloads/Parking-Finder2-stage3-auth-flow/vendor/laravel/framework/src/Illuminate/Foundation/Http/Middleware/TransformsRequest.php(21): Illuminate/Pipeline/Pipeline->Illuminate/Pipeline/{closure}(Object(Illuminate/Http/Request))
#26 C:/Users/DELL/Downloads/Parking-Finder2-stage3-auth-flow/vendor/laravel/framework/src/Illuminate/Foundation/Http/Middleware/ConvertEmptyStringsToNull.php(31): Illuminate/Foundation/Http/Middleware/TransformsRequest->handle(Object(Illuminate/Http/Request), Object(Closure))
#27 C:/Users/DELL/Downloads/Parking-Finder2-stage3-auth-flow/vendor/laravel/framework/src/Illuminate/Pipeline/Pipeline.php(219): Illuminate/Foundation/Http/Middleware/ConvertEmptyStringsToNull->handle(Object(Illuminate/Http/Request), Object(Closure))
#28 C:/Users/DELL/Downloads/Parking-Finder2-stage3-auth-flow/vendor/laravel/framework/src/Illuminate/Foundation/Http/Middleware/TransformsRequest.php(21): Illuminate/Pipeline/Pipeline->Illuminate/Pipeline/{closure}(Object(Illuminate/Http/Request))
#29 C:/Users/DELL/Downloads/Parking-Finder2-stage3-auth-flow/vendor/laravel/framework/src/Illuminate/Foundation/Http/Middleware/TrimStrings.php(51): Illuminate/Foundation/Http/Middleware/TransformsRequest->handle(Object(Illuminate/Http/Request), Object(Closure))
#30 C:/Users/DELL/Downloads/Parking-Finder2-stage3-auth-flow/vendor/laravel/framework/src/Illuminate/Pipeline/Pipeline.php(219): Illuminate/Foundation/Http/Middleware/TrimStrings->handle(Object(Illuminate/Http/Request), Object(Closure))
#31 C:/Users/DELL/Downloads/Parking-Finder2-stage3-auth-flow/vendor/laravel/framework/src/Illuminate/Http/Middleware/ValidatePostSize.php(27): Illuminate/Pipeline/Pipeline->Illuminate/Pipeline/{closure}(Object(Illuminate/Http/Request))
#32 C:/Users/DELL/Downloads/Parking-Finder2-stage3-auth-flow/vendor/laravel/framework/src/Illuminate/Pipeline/Pipeline.php(219): Illuminate/Http/Middleware/ValidatePostSize->handle(Object(Illuminate/Http/Request), Object(Closure))
#33 C:/Users/DELL/Downloads/Parking-Finder2-stage3-auth-flow/vendor/laravel/framework/src/Illuminate/Foundation/Http/Middleware/PreventRequestsDuringMaintenance.php(109): Illuminate/Pipeline/Pipeline->Illuminate/Pipeline/{closure}(Object(Illuminate/Http/Request))
#34 C:/Users/DELL/Downloads/Parking-Finder2-stage3-auth-flow/vendor/laravel/framework/src/Illuminate/Pipeline/Pipeline.php(219): Illuminate/Foundation/Http/Middleware/PreventRequestsDuringMaintenance->handle(Object(Illuminate/Http/Request), Object(Closure))
#35 C:/Users/DELL/Downloads/Parking-Finder2-stage3-auth-flow/vendor/laravel/framework/src/Illuminate/Http/Middleware/HandleCors.php(48): Illuminate/Pipeline/Pipeline->Illuminate/Pipeline/{closure}(Object(Illuminate/Http/Request))
#36 C:/Users/DELL/Downloads/Parking-Finder2-stage3-auth-flow/vendor/laravel/framework/src/Illuminate/Pipeline/Pipeline.php(219): Illuminate/Http/Middleware/HandleCors->handle(Object(Illuminate/Http/Request), Object(Closure))
#37 C:/Users/DELL/Downloads/Parking-Finder2-stage3-auth-flow/vendor/laravel/framework/src/Illuminate/Http/Middleware/TrustProxies.php(58): Illuminate/Pipeline/Pipeline->Illuminate/Pipeline/{closure}(Object(Illuminate/Http/Request))
#38 C:/Users/DELL/Downloads/Parking-Finder2-stage3-auth-flow/vendor/laravel/framework/src/Illuminate/Pipeline/Pipeline.php(219): Illuminate/Http/Middleware/TrustProxies->handle(Object(Illuminate/Http/Request), Object(Closure))
#39 C:/Users/DELL/Downloads/Parking-Finder2-stage3-auth-flow/vendor/laravel/framework/src/Illuminate/Foundation/Http/Middleware/InvokeDeferredCallbacks.php(22): Illuminate/Pipeline/Pipeline->Illuminate/Pipeline/{closure}(Object(Illuminate/Http/Request))
#40 C:/Users/DELL/Downloads/Parking-Finder2-stage3-auth-flow/vendor/laravel/framework/src/Illuminate/Pipeline/Pipeline.php(219): Illuminate/Foundation/Http/Middleware/InvokeDeferredCallbacks->handle(Object(Illuminate/Http/Request), Object(Closure))
#41 C:/Users/DELL/Downloads/Parking-Finder2-stage3-auth-flow/vendor/laravel/framework/src/Illuminate/Http/Middleware/ValidatePathEncoding.php(26): Illuminate/Pipeline/Pipeline->Illuminate/Pipeline/{closure}(Object(Illuminate/Http/Request))
#42 C:/Users/DELL/Downloads/Parking-Finder2-stage3-auth-flow/vendor/laravel/framework/src/Illuminate/Pipeline/Pipeline.php(219): Illuminate/Http/Middleware/ValidatePathEncoding->handle(Object(Illuminate/Http/Request), Object(Closure))
#43 C:/Users/DELL/Downloads/Parking-Finder2-stage3-auth-flow/vendor/laravel/framework/src/Illuminate/Pipeline/Pipeline.php(137): Illuminate/Pipeline/Pipeline->Illuminate/Pipeline/{closure}(Object(Illuminate/Http/Request))
#44 C:/Users/DELL/Downloads/Parking-Finder2-stage3-auth-flow/vendor/laravel/framework/src/Illuminate/Foundation/Http/Kernel.php(175): Illuminate/Pipeline/Pipeline->then(Object(Closure))
#45 C:/Users/DELL/Downloads/Parking-Finder2-stage3-auth-flow/vendor/laravel/framework/src/Illuminate/Foundation/Http/Kernel.php(144): Illuminate/Foundation/Http/Kernel->sendRequestThroughRouter(Object(Illuminate/Http/Request))
#46 C:/Users/DELL/Downloads/Parking-Finder2-stage3-auth-flow/vendor/laravel/framework/src/Illuminate/Foundation/Application.php(1220): Illuminate/Foundation/Http/Kernel->handle(Object(Illuminate/Http/Request))
#47 C:/Users/DELL/Downloads/Parking-Finder2-stage3-auth-flow/public/index.php(20): Illuminate/Foundation/Application->handleRequest(Object(Illuminate/Http/Request))
#48 C:/Users/DELL/Downloads/Parking-Finder2-stage3-auth-flow/vendor/laravel/framework/src/Illuminate/Foundation/resources/server.php(23): require_once('C://Users//DELL//D...')
#49 {main}

[previous exception] [object] (ReflectionException(code: -1): Class \"not_admin\" does not exist at C:/Users/DELL/Downloads/Parking-Finder2-stage3-auth-flow/vendor/laravel/framework/src/Illuminate/Container/Container.php:1122)
[stacktrace]
#0 C:/Users/DELL/Downloads/Parking-Finder2-stage3-auth-flow/vendor/laravel/framework/src/Illuminate/Container/Container.php(1122): ReflectionClass->__construct('not_admin')
#1 C:/Users/DELL/Downloads/Parking-Finder2-stage3-auth-flow/vendor/laravel/framework/src/Illuminate/Container/Container.php(933): Illuminate/Container/Container->build('not_admin')
#2 C:/Users/DELL/Downloads/Parking-Finder2-stage3-auth-flow/vendor/laravel/framework/src/Illuminate/Foundation/Application.php(1078): Illuminate/Container/Container->resolve('not_admin', Array, true)
#3 C:/Users/DELL/Downloads/Parking-Finder2-stage3-auth-flow/vendor/laravel/framework/src/Illuminate/Container/Container.php(864): Illuminate/Foundation/Application->resolve('not_admin', Array)
#4 C:/Users/DELL/Downloads/Parking-Finder2-stage3-auth-flow/vendor/laravel/framework/src/Illuminate/Foundation/Application.php(1058): Illuminate/Container/Container->make('not_admin', Array)
#5 C:/Users/DELL/Downloads/Parking-Finder2-stage3-auth-flow/vendor/laravel/framework/src/Illuminate/Pipeline/Pipeline.php(208): Illuminate/Foundation/Application->make('not_admin')
#6 C:/Users/DELL/Downloads/Parking-Finder2-stage3-auth-flow/vendor/laravel/framework/src/Illuminate/Routing/Middleware/SubstituteBindings.php(50): Illuminate/Pipeline/Pipeline->Illuminate/Pipeline/{closure}(Object(Illuminate/Http/Request))
#7 C:/Users/DELL/Downloads/Parking-Finder2-stage3-auth-flow/vendor/laravel/framework/src/Illuminate/Pipeline/Pipeline.php(219): Illuminate/Routing/Middleware/SubstituteBindings->handle(Object(Illuminate/Http/Request), Object(Closure))
#8 C:/Users/DELL/Downloads/Parking-Finder2-stage3-auth-flow/vendor/laravel/framework/src/Illuminate/Foundation/Http/Middleware/VerifyCsrfToken.php(87): Illuminate/Pipeline/Pipeline->Illuminate/Pipeline/{closure}(Object(Illuminate/Http/Request))
#9 C:/Users/DELL/Downloads/Parking-Finder2-stage3-auth-flow/vendor/laravel/framework/src/Illuminate/Pipeline/Pipeline.php(219): Illuminate/Foundation/Http/Middleware/VerifyCsrfToken->handle(Object(Illuminate/Http/Request), Object(Closure))
#10 C:/Users/DELL/Downloads/Parking-Finder2-stage3-auth-flow/vendor/laravel/framework/src/Illuminate/View/Middleware/ShareErrorsFromSession.php(48): Illuminate/Pipeline/Pipeline->Illuminate/Pipeline/{closure}(Object(Illuminate/Http/Request))
#11 C:/Users/DELL/Downloads/Parking-Finder2-stage3-auth-flow/vendor/laravel/framework/src/Illuminate/Pipeline/Pipeline.php(219): Illuminate/View/Middleware/ShareErrorsFromSession->handle(Object(Illuminate/Http/Request), Object(Closure))
#12 C:/Users/DELL/Downloads/Parking-Finder2-stage3-auth-flow/vendor/laravel/framework/src/Illuminate/Session/Middleware/StartSession.php(120): Illuminate/Pipeline/Pipeline->Illuminate/Pipeline/{closure}(Object(Illuminate/Http/Request))
#13 C:/Users/DELL/Downloads/Parking-Finder2-stage3-auth-flow/vendor/laravel/framework/src/Illuminate/Session/Middleware/StartSession.php(63): Illuminate/Session/Middleware/StartSession->handleStatefulRequest(Object(Illuminate/Http/Request), Object(Illuminate/Session/Store), Object(Closure))
#14 C:/Users/DELL/Downloads/Parking-Finder2-stage3-auth-flow/vendor/laravel/framework/src/Illuminate/Pipeline/Pipeline.php(219): Illuminate/Session/Middleware/StartSession->handle(Object(Illuminate/Http/Request), Object(Closure))
#15 C:/Users/DELL/Downloads/Parking-Finder2-stage3-auth-flow/vendor/laravel/framework/src/Illuminate/Cookie/Middleware/AddQueuedCookiesToResponse.php(36): Illuminate/Pipeline/Pipeline->Illuminate/Pipeline/{closure}(Object(Illuminate/Http/Request))
#16 C:/Users/DELL/Downloads/Parking-Finder2-stage3-auth-flow/vendor/laravel/framework/src/Illuminate/Pipeline/Pipeline.php(219): Illuminate/Cookie/Middleware/AddQueuedCookiesToResponse->handle(Object(Illuminate/Http/Request), Object(Closure))
#17 C:/Users/DELL/Downloads/Parking-Finder2-stage3-auth-flow/vendor/laravel/framework/src/Illuminate/Cookie/Middleware/EncryptCookies.php(74): Illuminate/Pipeline/Pipeline->Illuminate/Pipeline/{closure}(Object(Illuminate/Http/Request))
#18 C:/Users/DELL/Downloads/Parking-Finder2-stage3-auth-flow/vendor/laravel/framework/src/Illuminate/Pipeline/Pipeline.php(219): Illuminate/Cookie/Middleware/EncryptCookies->handle(Object(Illuminate/Http/Request), Object(Closure))
#19 C:/Users/DELL/Downloads/Parking-Finder2-stage3-auth-flow/vendor/laravel/framework/src/Illuminate/Pipeline/Pipeline.php(137): Illuminate/Pipeline/Pipeline->Illuminate/Pipeline/{closure}(Object(Illuminate/Http/Request))
#20 C:/Users/DELL/Downloads/Parking-Finder2-stage3-auth-flow/vendor/laravel/framework/src/Illuminate/Routing/Router.php(821): Illuminate/Pipeline/Pipeline->then(Object(Closure))
#21 C:/Users/DELL/Downloads/Parking-Finder2-stage3-auth-flow/vendor/laravel/framework/src/Illuminate/Routing/Router.php(800): Illuminate/Routing/Router->runRouteWithinStack(Object(Illuminate/Routing/Route), Object(Illuminate/Http/Request))
#22 C:/Users/DELL/Downloads/Parking-Finder2-stage3-auth-flow/vendor/laravel/framework/src/Illuminate/Routing/Router.php(764): Illuminate/Routing/Router->runRoute(Object(Illuminate/Http/Request), Object(Illuminate/Routing/Route))
#23 C:/Users/DELL/Downloads/Parking-Finder2-stage3-auth-flow/vendor/laravel/framework/src/Illuminate/Routing/Router.php(753): Illuminate/Routing/Router->dispatchToRoute(Object(Illuminate/Http/Request))
#24 C:/Users/DELL/Downloads/Parking-Finder2-stage3-auth-flow/vendor/laravel/framework/src/Illuminate/Foundation/Http/Kernel.php(200): Illuminate/Routing/Router->dispatch(Object(Illuminate/Http/Request))
#25 C:/Users/DELL/Downloads/Parking-Finder2-stage3-auth-flow/vendor/laravel/framework/src/Illuminate/Pipeline/Pipeline.php(180): Illuminate/Foundation/Http/Kernel->Illuminate/Foundation/Http/{closure}(Object(Illuminate/Http/Request))
#26 C:/Users/DELL/Downloads/Parking-Finder2-stage3-auth-flow/vendor/laravel/framework/src/Illuminate/Foundation/Http/Middleware/TransformsRequest.php(21): Illuminate/Pipeline/Pipeline->Illuminate/Pipeline/{closure}(Object(Illuminate/Http/Request))
#27 C:/Users/DELL/Downloads/Parking-Finder2-stage3-auth-flow/vendor/laravel/framework/src/Illuminate/Foundation/Http/Middleware/ConvertEmptyStringsToNull.php(31): Illuminate/Foundation/Http/Middleware/TransformsRequest->handle(Object(Illuminate/Http/Request), Object(Closure))
#28 C:/Users/DELL/Downloads/Parking-Finder2-stage3-auth-flow/vendor/laravel/framework/src/Illuminate/Pipeline/Pipeline.php(219): Illuminate/Foundation/Http/Middleware/ConvertEmptyStringsToNull->handle(Object(Illuminate/Http/Request), Object(Closure))
#29 C:/Users/DELL/Downloads/Parking-Finder2-stage3-auth-flow/vendor/laravel/framework/src/Illuminate/Foundation/Http/Middleware/TransformsRequest.php(21): Illuminate/Pipeline/Pipeline->Illuminate/Pipeline/{closure}(Object(Illuminate/Http/Request))
#30 C:/Users/DELL/Downloads/Parking-Finder2-stage3-auth-flow/vendor/laravel/framework/src/Illuminate/Foundation/Http/Middleware/TrimStrings.php(51): Illuminate/Foundation/Http/Middleware/TransformsRequest->handle(Object(Illuminate/Http/Request), Object(Closure))
#31 C:/Users/DELL/Downloads/Parking-Finder2-stage3-auth-flow/vendor/laravel/framework/src/Illuminate/Pipeline/Pipeline.php(219): Illuminate/Foundation/Http/Middleware/TrimStrings->handle(Object(Illuminate/Http/Request), Object(Closure))
#32 C:/Users/DELL/Downloads/Parking-Finder2-stage3-auth-flow/vendor/laravel/framework/src/Illuminate/Http/Middleware/ValidatePostSize.php(27): Illuminate/Pipeline/Pipeline->Illuminate/Pipeline/{closure}(Object(Illuminate/Http/Request))
#33 C:/Users/DELL/Downloads/Parking-Finder2-stage3-auth-flow/vendor/laravel/framework/src/Illuminate/Pipeline/Pipeline.php(219): Illuminate/Http/Middleware/ValidatePostSize->handle(Object(Illuminate/Http/Request), Object(Closure))
#34 C:/Users/DELL/Downloads/Parking-Finder2-stage3-auth-flow/vendor/laravel/framework/src/Illuminate/Foundation/Http/Middleware/PreventRequestsDuringMaintenance.php(109): Illuminate/Pipeline/Pipeline->Illuminate/Pipeline/{closure}(Object(Illuminate/Http/Request))
#35 C:/Users/DELL/Downloads/Parking-Finder2-stage3-auth-flow/vendor/laravel/framework/src/Illuminate/Pipeline/Pipeline.php(219): Illuminate/Foundation/Http/Middleware/PreventRequestsDuringMaintenance->handle(Object(Illuminate/Http/Request), Object(Closure))
#36 C:/Users/DELL/Downloads/Parking-Finder2-stage3-auth-flow/vendor/laravel/framework/src/Illuminate/Http/Middleware/HandleCors.php(48): Illuminate/Pipeline/Pipeline->Illuminate/Pipeline/{closure}(Object(Illuminate/Http/Request))
#37 C:/Users/DELL/Downloads/Parking-Finder2-stage3-auth-flow/vendor/laravel/framework/src/Illuminate/Pipeline/Pipeline.php(219): Illuminate/Http/Middleware/HandleCors->handle(Object(Illuminate/Http/Request), Object(Closure))
#38 C:/Users/DELL/Downloads/Parking-Finder2-stage3-auth-flow/vendor/laravel/framework/src/Illuminate/Http/Middleware/TrustProxies.php(58): Illuminate/Pipeline/Pipeline->Illuminate/Pipeline/{closure}(Object(Illuminate/Http/Request))
#39 C:/Users/DELL/Downloads/Parking-Finder2-stage3-auth-flow/vendor/laravel/framework/src/Illuminate/Pipeline/Pipeline.php(219): Illuminate/Http/Middleware/TrustProxies->handle(Object(Illuminate/Http/Request), Object(Closure))
#40 C:/Users/DELL/Downloads/Parking-Finder2-stage3-auth-flow/vendor/laravel/framework/src/Illuminate/Foundation/Http/Middleware/InvokeDeferredCallbacks.php(22): Illuminate/Pipeline/Pipeline->Illuminate/Pipeline/{closure}(Object(Illuminate/Http/Request))
#41 C:/Users/DELL/Downloads/Parking-Finder2-stage3-auth-flow/vendor/laravel/framework/src/Illuminate/Pipeline/Pipeline.php(219): Illuminate/Foundation/Http/Middleware/InvokeDeferredCallbacks->handle(Object(Illuminate/Http/Request), Object(Closure))
#42 C:/Users/DELL/Downloads/Parking-Finder2-stage3-auth-flow/vendor/laravel/framework/src/Illuminate/Http/Middleware/ValidatePathEncoding.php(26): Illuminate/Pipeline/Pipeline->Illuminate/Pipeline/{closure}(Object(Illuminate/Http/Request))
#43 C:/Users/DELL/Downloads/Parking-Finder2-stage3-auth-flow/vendor/laravel/framework/src/Illuminate/Pipeline/Pipeline.php(219): Illuminate/Http/Middleware/ValidatePathEncoding->handle(Object(Illuminate/Http/Request), Object(Closure))
#44 C:/Users/DELL/Downloads/Parking-Finder2-stage3-auth-flow/vendor/laravel/framework/src/Illuminate/Pipeline/Pipeline.php(137): Illuminate/Pipeline/Pipeline->Illuminate/Pipeline/{closure}(Object(Illuminate/Http/Request))
#45 C:/Users/DELL/Downloads/Parking-Finder2-stage3-auth-flow/vendor/laravel/framework/src/Illuminate/Foundation/Http/Kernel.php(175): Illuminate/Pipeline/Pipeline->then(Object(Closure))
#46 C:/Users/DELL/Downloads/Parking-Finder2-stage3-auth-flow/vendor/laravel/framework/src/Illuminate/Foundation/Http/Kernel.php(144): Illuminate/Foundation/Http/Kernel->sendRequestThroughRouter(Object(Illuminate/Http/Request))
#47 C:/Users/DELL/Downloads/Parking-Finder2-stage3-auth-flow/vendor/laravel/framework/src/Illuminate/Foundation/Application.php(1220): Illuminate/Foundation/Http/Kernel->handle(Object(Illuminate/Http/Request))
#48 C:/Users/DELL/Downloads/Parking-Finder2-stage3-auth-flow/public/index.php(20): Illuminate/Foundation/Application->handleRequest(Object(Illuminate/Http/Request))
#49 C:/Users/DELL/Downloads/Parking-Finder2-stage3-auth-flow/vendor/laravel/framework/src/Illuminate/Foundation/resources/server.php(23): require_once('C://Users//DELL//D...')
#50 {main}
"} 
[2026-01-23 12:53:12] local.ERROR: Target class [not_admin] does not exist. {"exception":"[object] (Illuminate\\Contracts\\Container\\BindingResolutionException(code: 0): Target class [not_admin] does not exist. at C:/Users/DELL/Downloads/Parking-Finder2-stage3-auth-flow/vendor/laravel/framework/src/Illuminate/Container/Container.php:1124)
[stacktrace]
#0 C:/Users/DELL/Downloads/Parking-Finder2-stage3-auth-flow/vendor/laravel/framework/src/Illuminate/Container/Container.php(933): Illuminate/Container/Container->build('not_admin')
#1 C:/Users/DELL/Downloads/Parking-Finder2-stage3-auth-flow/vendor/laravel/framework/src/Illuminate/Foundation/Application.php(1078): Illuminate/Container/Container->resolve('not_admin', Array, true)
#2 C:/Users/DELL/Downloads/Parking-Finder2-stage3-auth-flow/vendor/laravel/framework/src/Illuminate/Container/Container.php(864): Illuminate/Foundation/Application->resolve('not_admin', Array)
#3 C:/Users/DELL/Downloads/Parking-Finder2-stage3-auth-flow/vendor/laravel/framework/src/Illuminate/Foundation/Application.php(1058): Illuminate/Container/Container->make('not_admin', Array)
#4 C:/Users/DELL/Downloads/Parking-Finder2-stage3-auth-flow/vendor/laravel/framework/src/Illuminate/Pipeline/Pipeline.php(208): Illuminate/Foundation/Application->make('not_admin')
#5 C:/Users/DELL/Downloads/Parking-Finder2-stage3-auth-flow/vendor/laravel/framework/src/Illuminate/Routing/Middleware/SubstituteBindings.php(50): Illuminate/Pipeline/Pipeline->Illuminate/Pipeline/{closure}(Object(Illuminate/Http/Request))
#6 C:/Users/DELL/Downloads/Parking-Finder2-stage3-auth-flow/vendor/laravel/framework/src/Illuminate/Pipeline/Pipeline.php(219): Illuminate/Routing/Middleware/SubstituteBindings->handle(Object(Illuminate/Http/Request), Object(Closure))
#7 C:/Users/DELL/Downloads/Parking-Finder2-stage3-auth-flow/vendor/laravel/framework/src/Illuminate/Foundation/Http/Middleware/VerifyCsrfToken.php(87): Illuminate/Pipeline/Pipeline->Illuminate/Pipeline/{closure}(Object(Illuminate/Http/Request))
#8 C:/Users/DELL/Downloads/Parking-Finder2-stage3-auth-flow/vendor/laravel/framework/src/Illuminate/Pipeline/Pipeline.php(219): Illuminate/Foundation/Http/Middleware/VerifyCsrfToken->handle(Object(Illuminate/Http/Request), Object(Closure))
#9 C:/Users/DELL/Downloads/Parking-Finder2-stage3-auth-flow/vendor/laravel/framework/src/Illuminate/View/Middleware/ShareErrorsFromSession.php(48): Illuminate/Pipeline/Pipeline->Illuminate/Pipeline/{closure}(Object(Illuminate/Http/Request))
#10 C:/Users/DELL/Downloads/Parking-Finder2-stage3-auth-flow/vendor/laravel/framework/src/Illuminate/Pipeline/Pipeline.php(219): Illuminate/View/Middleware/ShareErrorsFromSession->handle(Object(Illuminate/Http/Request), Object(Closure))
#11 C:/Users/DELL/Downloads/Parking-Finder2-stage3-auth-flow/vendor/laravel/framework/src/Illuminate/Session/Middleware/StartSession.php(120): Illuminate/Pipeline/Pipeline->Illuminate/Pipeline/{closure}(Object(Illuminate/Http/Request))
#12 C:/Users/DELL/Downloads/Parking-Finder2-stage3-auth-flow/vendor/laravel/framework/src/Illuminate/Session/Middleware/StartSession.php(63): Illuminate/Session/Middleware/StartSession->handleStatefulRequest(Object(Illuminate/Http/Request), Object(Illuminate/Session/Store), Object(Closure))
#13 C:/Users/DELL/Downloads/Parking-Finder2-stage3-auth-flow/vendor/laravel/framework/src/Illuminate/Pipeline/Pipeline.php(219): Illuminate/Session/Middleware/StartSession->handle(Object(Illuminate/Http/Request), Object(Closure))
#14 C:/Users/DELL/Downloads/Parking-Finder2-stage3-auth-flow/vendor/laravel/framework/src/Illuminate/Cookie/Middleware/AddQueuedCookiesToResponse.php(36): Illuminate/Pipeline/Pipeline->Illuminate/Pipeline/{closure}(Object(Illuminate/Http/Request))
#15 C:/Users/DELL/Downloads/Parking-Finder2-stage3-auth-flow/vendor/laravel/framework/src/Illuminate/Pipeline/Pipeline.php(219): Illuminate/Cookie/Middleware/AddQueuedCookiesToResponse->handle(Object(Illuminate/Http/Request), Object(Closure))
#16 C:/Users/DELL/Downloads/Parking-Finder2-stage3-auth-flow/vendor/laravel/framework/src/Illuminate/Cookie/Middleware/EncryptCookies.php(74): Illuminate/Pipeline/Pipeline->Illuminate/Pipeline/{closure}(Object(Illuminate/Http/Request))
#17 C:/Users/DELL/Downloads/Parking-Finder2-stage3-auth-flow/vendor/laravel/framework/src/Illuminate/Pipeline/Pipeline.php(219): Illuminate/Cookie/Middleware/EncryptCookies->handle(Object(Illuminate/Http/Request), Object(Closure))
#18 C:/Users/DELL/Downloads/Parking-Finder2-stage3-auth-flow/vendor/laravel/framework/src/Illuminate/Pipeline/Pipeline.php(137): Illuminate/Pipeline/Pipeline->Illuminate/Pipeline/{closure}(Object(Illuminate/Http/Request))
#19 C:/Users/DELL/Downloads/Parking-Finder2-stage3-auth-flow/vendor/laravel/framework/src/Illuminate/Routing/Router.php(821): Illuminate/Pipeline/Pipeline->then(Object(Closure))
#20 C:/Users/DELL/Downloads/Parking-Finder2-stage3-auth-flow/vendor/laravel/framework/src/Illuminate/Routing/Router.php(800): Illuminate/Routing/Router->runRouteWithinStack(Object(Illuminate/Routing/Route), Object(Illuminate/Http/Request))
#21 C:/Users/DELL/Downloads/Parking-Finder2-stage3-auth-flow/vendor/laravel/framework/src/Illuminate/Routing/Router.php(764): Illuminate/Routing/Router->runRoute(Object(Illuminate/Http/Request), Object(Illuminate/Routing/Route))
#22 C:/Users/DELL/Downloads/Parking-Finder2-stage3-auth-flow/vendor/laravel/framework/src/Illuminate/Routing/Router.php(753): Illuminate/Routing/Router->dispatchToRoute(Object(Illuminate/Http/Request))
#23 C:/Users/DELL/Downloads/Parking-Finder2-stage3-auth-flow/vendor/laravel/framework/src/Illuminate/Foundation/Http/Kernel.php(200): Illuminate/Routing/Router->dispatch(Object(Illuminate/Http/Request))
#24 C:/Users/DELL/Downloads/Parking-Finder2-stage3-auth-flow/vendor/laravel/framework/src/Illuminate/Pipeline/Pipeline.php(180): Illuminate/Foundation/Http/Kernel->Illuminate/Foundation/Http/{closure}(Object(Illuminate/Http/Request))
#25 C:/Users/DELL/Downloads/Parking-Finder2-stage3-auth-flow/vendor/laravel/framework/src/Illuminate/Foundation/Http/Middleware/TransformsRequest.php(21): Illuminate/Pipeline/Pipeline->Illuminate/Pipeline/{closure}(Object(Illuminate/Http/Request))
#26 C:/Users/DELL/Downloads/Parking-Finder2-stage3-auth-flow/vendor/laravel/framework/src/Illuminate/Foundation/Http/Middleware/ConvertEmptyStringsToNull.php(31): Illuminate/Foundation/Http/Middleware/TransformsRequest->handle(Object(Illuminate/Http/Request), Object(Closure))
#27 C:/Users/DELL/Downloads/Parking-Finder2-stage3-auth-flow/vendor/laravel/framework/src/Illuminate/Pipeline/Pipeline.php(219): Illuminate/Foundation/Http/Middleware/ConvertEmptyStringsToNull->handle(Object(Illuminate/Http/Request), Object(Closure))
#28 C:/Users/DELL/Downloads/Parking-Finder2-stage3-auth-flow/vendor/laravel/framework/src/Illuminate/Foundation/Http/Middleware/TransformsRequest.php(21): Illuminate/Pipeline/Pipeline->Illuminate/Pipeline/{closure}(Object(Illuminate/Http/Request))
#29 C:/Users/DELL/Downloads/Parking-Finder2-stage3-auth-flow/vendor/laravel/framework/src/Illuminate/Foundation/Http/Middleware/TrimStrings.php(51): Illuminate/Foundation/Http/Middleware/TransformsRequest->handle(Object(Illuminate/Http/Request), Object(Closure))
#30 C:/Users/DELL/Downloads/Parking-Finder2-stage3-auth-flow/vendor/laravel/framework/src/Illuminate/Pipeline/Pipeline.php(219): Illuminate/Foundation/Http/Middleware/TrimStrings->handle(Object(Illuminate/Http/Request), Object(Closure))
#31 C:/Users/DELL/Downloads/Parking-Finder2-stage3-auth-flow/vendor/laravel/framework/src/Illuminate/Http/Middleware/ValidatePostSize.php(27): Illuminate/Pipeline/Pipeline->Illuminate/Pipeline/{closure}(Object(Illuminate/Http/Request))
#32 C:/Users/DELL/Downloads/Parking-Finder2-stage3-auth-flow/vendor/laravel/framework/src/Illuminate/Pipeline/Pipeline.php(219): Illuminate/Http/Middleware/ValidatePostSize->handle(Object(Illuminate/Http/Request), Object(Closure))
#33 C:/Users/DELL/Downloads/Parking-Finder2-stage3-auth-flow/vendor/laravel/framework/src/Illuminate/Foundation/Http/Middleware/PreventRequestsDuringMaintenance.php(109): Illuminate/Pipeline/Pipeline->Illuminate/Pipeline/{closure}(Object(Illuminate/Http/Request))
#34 C:/Users/DELL/Downloads/Parking-Finder2-stage3-auth-flow/vendor/laravel/framework/src/Illuminate/Pipeline/Pipeline.php(219): Illuminate/Foundation/Http/Middleware/PreventRequestsDuringMaintenance->handle(Object(Illuminate/Http/Request), Object(Closure))
#35 C:/Users/DELL/Downloads/Parking-Finder2-stage3-auth-flow/vendor/laravel/framework/src/Illuminate/Http/Middleware/HandleCors.php(48): Illuminate/Pipeline/Pipeline->Illuminate/Pipeline/{closure}(Object(Illuminate/Http/Request))
#36 C:/Users/DELL/Downloads/Parking-Finder2-stage3-auth-flow/vendor/laravel/framework/src/Illuminate/Pipeline/Pipeline.php(219): Illuminate/Http/Middleware/HandleCors->handle(Object(Illuminate/Http/Request), Object(Closure))
#37 C:/Users/DELL/Downloads/Parking-Finder2-stage3-auth-flow/vendor/laravel/framework/src/Illuminate/Http/Middleware/TrustProxies.php(58): Illuminate/Pipeline/Pipeline->Illuminate/Pipeline/{closure}(Object(Illuminate/Http/Request))
#38 C:/Users/DELL/Downloads/Parking-Finder2-stage3-auth-flow/vendor/laravel/framework/src/Illuminate/Pipeline/Pipeline.php(219): Illuminate/Http/Middleware/TrustProxies->handle(Object(Illuminate/Http/Request), Object(Closure))
#39 C:/Users/DELL/Downloads/Parking-Finder2-stage3-auth-flow/vendor/laravel/framework/src/Illuminate/Foundation/Http/Middleware/InvokeDeferredCallbacks.php(22): Illuminate/Pipeline/Pipeline->Illuminate/Pipeline/{closure}(Object(Illuminate/Http/Request))
#40 C:/Users/DELL/Downloads/Parking-Finder2-stage3-auth-flow/vendor/laravel/framework/src/Illuminate/Pipeline/Pipeline.php(219): Illuminate/Foundation/Http/Middleware/InvokeDeferredCallbacks->handle(Object(Illuminate/Http/Request), Object(Closure))
#41 C:/Users/DELL/Downloads/Parking-Finder2-stage3-auth-flow/vendor/laravel/framework/src/Illuminate/Http/Middleware/ValidatePathEncoding.php(26): Illuminate/Pipeline/Pipeline->Illuminate/Pipeline/{closure}(Object(Illuminate/Http/Request))
#42 C:/Users/DELL/Downloads/Parking-Finder2-stage3-auth-flow/vendor/laravel/framework/src/Illuminate/Pipeline/Pipeline.php(219): Illuminate/Http/Middleware/ValidatePathEncoding->handle(Object(Illuminate/Http/Request), Object(Closure))
#43 C:/Users/DELL/Downloads/Parking-Finder2-stage3-auth-flow/vendor/laravel/framework/src/Illuminate/Pipeline/Pipeline.php(137): Illuminate/Pipeline/Pipeline->Illuminate/Pipeline/{closure}(Object(Illuminate/Http/Request))
#44 C:/Users/DELL/Downloads/Parking-Finder2-stage3-auth-flow/vendor/laravel/framework/src/Illuminate/Foundation/Http/Kernel.php(175): Illuminate/Pipeline/Pipeline->then(Object(Closure))
#45 C:/Users/DELL/Downloads/Parking-Finder2-stage3-auth-flow/vendor/laravel/framework/src/Illuminate/Foundation/Http/Kernel.php(144): Illuminate/Foundation/Http/Kernel->sendRequestThroughRouter(Object(Illuminate/Http/Request))
#46 C:/Users/DELL/Downloads/Parking-Finder2-stage3-auth-flow/vendor/laravel/framework/src/Illuminate/Foundation/Application.php(1220): Illuminate/Foundation/Http/Kernel->handle(Object(Illuminate/Http/Request))
#47 C:/Users/DELL/Downloads/Parking-Finder2-stage3-auth-flow/public/index.php(20): Illuminate/Foundation/Application->handleRequest(Object(Illuminate/Http/Request))
#48 C:/Users/DELL/Downloads/Parking-Finder2-stage3-auth-flow/vendor/laravel/framework/src/Illuminate/Foundation/resources/server.php(23): require_once('C://Users//DELL//D...')
#49 {main}

[previous exception] [object] (ReflectionException(code: -1): Class \"not_admin\" does not exist at C:/Users/DELL/Downloads/Parking-Finder2-stage3-auth-flow/vendor/laravel/framework/src/Illuminate/Container/Container.php:1122)
[stacktrace]
#0 C:/Users/DELL/Downloads/Parking-Finder2-stage3-auth-flow/vendor/laravel/framework/src/Illuminate/Container/Container.php(1122): ReflectionClass->__construct('not_admin')
#1 C:/Users/DELL/Downloads/Parking-Finder2-stage3-auth-flow/vendor/laravel/framework/src/Illuminate/Container/Container.php(933): Illuminate/Container/Container->build('not_admin')
#2 C:/Users/DELL/Downloads/Parking-Finder2-stage3-auth-flow/vendor/laravel/framework/src/Illuminate/Foundation/Application.php(1078): Illuminate/Container/Container->resolve('not_admin', Array, true)
#3 C:/Users/DELL/Downloads/Parking-Finder2-stage3-auth-flow/vendor/laravel/framework/src/Illuminate/Container/Container.php(864): Illuminate/Foundation/Application->resolve('not_admin', Array)
#4 C:/Users/DELL/Downloads/Parking-Finder2-stage3-auth-flow/vendor/laravel/framework/src/Illuminate/Foundation/Application.php(1058): Illuminate/Container/Container->make('not_admin', Array)
#5 C:/Users/DELL/Downloads/Parking-Finder2-stage3-auth-flow/vendor/laravel/framework/src/Illuminate/Pipeline/Pipeline.php(208): Illuminate/Foundation/Application->make('not_admin')
#6 C:/Users/DELL/Downloads/Parking-Finder2-stage3-auth-flow/vendor/laravel/framework/src/Illuminate/Routing/Middleware/SubstituteBindings.php(50): Illuminate/Pipeline/Pipeline->Illuminate/Pipeline/{closure}(Object(Illuminate/Http/Request))
#7 C:/Users/DELL/Downloads/Parking-Finder2-stage3-auth-flow/vendor/laravel/framework/src/Illuminate/Pipeline/Pipeline.php(219): Illuminate/Routing/Middleware/SubstituteBindings->handle(Object(Illuminate/Http/Request), Object(Closure))
#8 C:/Users/DELL/Downloads/Parking-Finder2-stage3-auth-flow/vendor/laravel/framework/src/Illuminate/Foundation/Http/Middleware/VerifyCsrfToken.php(87): Illuminate/Pipeline/Pipeline->Illuminate/Pipeline/{closure}(Object(Illuminate/Http/Request))
#9 C:/Users/DELL/Downloads/Parking-Finder2-stage3-auth-flow/vendor/laravel/framework/src/Illuminate/Pipeline/Pipeline.php(219): Illuminate/Foundation/Http/Middleware/VerifyCsrfToken->handle(Object(Illuminate/Http/Request), Object(Closure))
#10 C:/Users/DELL/Downloads/Parking-Finder2-stage3-auth-flow/vendor/laravel/framework/src/Illuminate/View/Middleware/ShareErrorsFromSession.php(48): Illuminate/Pipeline/Pipeline->Illuminate/Pipeline/{closure}(Object(Illuminate/Http/Request))
#11 C:/Users/DELL/Downloads/Parking-Finder2-stage3-auth-flow/vendor/laravel/framework/src/Illuminate/Pipeline/Pipeline.php(219): Illuminate/View/Middleware/ShareErrorsFromSession->handle(Object(Illuminate/Http/Request), Object(Closure))
#12 C:/Users/DELL/Downloads/Parking-Finder2-stage3-auth-flow/vendor/laravel/framework/src/Illuminate/Session/Middleware/StartSession.php(120): Illuminate/Pipeline/Pipeline->Illuminate/Pipeline/{closure}(Object(Illuminate/Http/Request))
#13 C:/Users/DELL/Downloads/Parking-Finder2-stage3-auth-flow/vendor/laravel/framework/src/Illuminate/Session/Middleware/StartSession.php(63): Illuminate/Session/Middleware/StartSession->handleStatefulRequest(Object(Illuminate/Http/Request), Object(Illuminate/Session/Store), Object(Closure))
#14 C:/Users/DELL/Downloads/Parking-Finder2-stage3-auth-flow/vendor/laravel/framework/src/Illuminate/Pipeline/Pipeline.php(219): Illuminate/Session/Middleware/StartSession->handle(Object(Illuminate/Http/Request), Object(Closure))
#15 C:/Users/DELL/Downloads/Parking-Finder2-stage3-auth-flow/vendor/laravel/framework/src/Illuminate/Cookie/Middleware/AddQueuedCookiesToResponse.php(36): Illuminate/Pipeline/Pipeline->Illuminate/Pipeline/{closure}(Object(Illuminate/Http/Request))
#16 C:/Users/DELL/Downloads/Parking-Finder2-stage3-auth-flow/vendor/laravel/framework/src/Illuminate/Pipeline/Pipeline.php(219): Illuminate/Cookie/Middleware/AddQueuedCookiesToResponse->handle(Object(Illuminate/Http/Request), Object(Closure))
#17 C:/Users/DELL/Downloads/Parking-Finder2-stage3-auth-flow/vendor/laravel/framework/src/Illuminate/Cookie/Middleware/EncryptCookies.php(74): Illuminate/Pipeline/Pipeline->Illuminate/Pipeline/{closure}(Object(Illuminate/Http/Request))
#18 C:/Users/DELL/Downloads/Parking-Finder2-stage3-auth-flow/vendor/laravel/framework/src/Illuminate/Pipeline/Pipeline.php(219): Illuminate/Cookie/Middleware/EncryptCookies->handle(Object(Illuminate/Http/Request), Object(Closure))
#19 C:/Users/DELL/Downloads/Parking-Finder2-stage3-auth-flow/vendor/laravel/framework/src/Illuminate/Pipeline/Pipeline.php(137): Illuminate/Pipeline/Pipeline->Illuminate/Pipeline/{closure}(Object(Illuminate/Http/Request))
#20 C:/Users/DELL/Downloads/Parking-Finder2-stage3-auth-flow/vendor/laravel/framework/src/Illuminate/Routing/Router.php(821): Illuminate/Pipeline/Pipeline->then(Object(Closure))
#21 C:/Users/DELL/Downloads/Parking-Finder2-stage3-auth-flow/vendor/laravel/framework/src/Illuminate/Routing/Router.php(800): Illuminate/Routing/Router->runRouteWithinStack(Object(Illuminate/Routing/Route), Object(Illuminate/Http/Request))
#22 C:/Users/DELL/Downloads/Parking-Finder2-stage3-auth-flow/vendor/laravel/framework/src/Illuminate/Routing/Router.php(764): Illuminate/Routing/Router->runRoute(Object(Illuminate/Http/Request), Object(Illuminate/Routing/Route))
#23 C:/Users/DELL/Downloads/Parking-Finder2-stage3-auth-flow/vendor/laravel/framework/src/Illuminate/Routing/Router.php(753): Illuminate/Routing/Router->dispatchToRoute(Object(Illuminate/Http/Request))
#24 C:/Users/DELL/Downloads/Parking-Finder2-stage3-auth-flow/vendor/laravel/framework/src/Illuminate/Foundation/Http/Kernel.php(200): Illuminate/Routing/Router->dispatch(Object(Illuminate/Http/Request))
#25 C:/Users/DELL/Downloads/Parking-Finder2-stage3-auth-flow/vendor/laravel/framework/src/Illuminate/Pipeline/Pipeline.php(180): Illuminate/Foundation/Http/Kernel->Illuminate/Foundation/Http/{closure}(Object(Illuminate/Http/Request))
#26 C:/Users/DELL/Downloads/Parking-Finder2-stage3-auth-flow/vendor/laravel/framework/src/Illuminate/Foundation/Http/Middleware/TransformsRequest.php(21): Illuminate/Pipeline/Pipeline->Illuminate/Pipeline/{closure}(Object(Illuminate/Http/Request))
#27 C:/Users/DELL/Downloads/Parking-Finder2-stage3-auth-flow/vendor/laravel/framework/src/Illuminate/Foundation/Http/Middleware/ConvertEmptyStringsToNull.php(31): Illuminate/Foundation/Http/Middleware/TransformsRequest->handle(Object(Illuminate/Http/Request), Object(Closure))
#28 C:/Users/DELL/Downloads/Parking-Finder2-stage3-auth-flow/vendor/laravel/framework/src/Illuminate/Pipeline/Pipeline.php(219): Illuminate/Foundation/Http/Middleware/ConvertEmptyStringsToNull->handle(Object(Illuminate/Http/Request), Object(Closure))
#29 C:/Users/DELL/Downloads/Parking-Finder2-stage3-auth-flow/vendor/laravel/framework/src/Illuminate/Foundation/Http/Middleware/TransformsRequest.php(21): Illuminate/Pipeline/Pipeline->Illuminate/Pipeline/{closure}(Object(Illuminate/Http/Request))
#30 C:/Users/DELL/Downloads/Parking-Finder2-stage3-auth-flow/vendor/laravel/framework/src/Illuminate/Foundation/Http/Middleware/TrimStrings.php(51): Illuminate/Foundation/Http/Middleware/TransformsRequest->handle(Object(Illuminate/Http/Request), Object(Closure))
#31 C:/Users/DELL/Downloads/Parking-Finder2-stage3-auth-flow/vendor/laravel/framework/src/Illuminate/Pipeline/Pipeline.php(219): Illuminate/Foundation/Http/Middleware/TrimStrings->handle(Object(Illuminate/Http/Request), Object(Closure))
#32 C:/Users/DELL/Downloads/Parking-Finder2-stage3-auth-flow/vendor/laravel/framework/src/Illuminate/Http/Middleware/ValidatePostSize.php(27): Illuminate/Pipeline/Pipeline->Illuminate/Pipeline/{closure}(Object(Illuminate/Http/Request))
#33 C:/Users/DELL/Downloads/Parking-Finder2-stage3-auth-flow/vendor/laravel/framework/src/Illuminate/Pipeline/Pipeline.php(219): Illuminate/Http/Middleware/ValidatePostSize->handle(Object(Illuminate/Http/Request), Object(Closure))
#34 C:/Users/DELL/Downloads/Parking-Finder2-stage3-auth-flow/vendor/laravel/framework/src/Illuminate/Foundation/Http/Middleware/PreventRequestsDuringMaintenance.php(109): Illuminate/Pipeline/Pipeline->Illuminate/Pipeline/{closure}(Object(Illuminate/Http/Request))
#35 C:/Users/DELL/Downloads/Parking-Finder2-stage3-auth-flow/vendor/laravel/framework/src/Illuminate/Pipeline/Pipeline.php(219): Illuminate/Foundation/Http/Middleware/PreventRequestsDuringMaintenance->handle(Object(Illuminate/Http/Request), Object(Closure))
#36 C:/Users/DELL/Downloads/Parking-Finder2-stage3-auth-flow/vendor/laravel/framework/src/Illuminate/Http/Middleware/HandleCors.php(48): Illuminate/Pipeline/Pipeline->Illuminate/Pipeline/{closure}(Object(Illuminate/Http/Request))
#37 C:/Users/DELL/Downloads/Parking-Finder2-stage3-auth-flow/vendor/laravel/framework/src/Illuminate/Pipeline/Pipeline.php(219): Illuminate/Http/Middleware/HandleCors->handle(Object(Illuminate/Http/Request), Object(Closure))
#38 C:/Users/DELL/Downloads/Parking-Finder2-stage3-auth-flow/vendor/laravel/framework/src/Illuminate/Http/Middleware/TrustProxies.php(58): Illuminate/Pipeline/Pipeline->Illuminate/Pipeline/{closure}(Object(Illuminate/Http/Request))
#39 C:/Users/DELL/Downloads/Parking-Finder2-stage3-auth-flow/vendor/laravel/framework/src/Illuminate/Pipeline/Pipeline.php(219): Illuminate/Http/Middleware/TrustProxies->handle(Object(Illuminate/Http/Request), Object(Closure))
#40 C:/Users/DELL/Downloads/Parking-Finder2-stage3-auth-flow/vendor/laravel/framework/src/Illuminate/Foundation/Http/Middleware/InvokeDeferredCallbacks.php(22): Illuminate/Pipeline/Pipeline->Illuminate/Pipeline/{closure}(Object(Illuminate/Http/Request))
#41 C:/Users/DELL/Downloads/Parking-Finder2-stage3-auth-flow/vendor/laravel/framework/src/Illuminate/Pipeline/Pipeline.php(219): Illuminate/Foundation/Http/Middleware/InvokeDeferredCallbacks->handle(Object(Illuminate/Http/Request), Object(Closure))
#42 C:/Users/DELL/Downloads/Parking-Finder2-stage3-auth-flow/vendor/laravel/framework/src/Illuminate/Http/Middleware/ValidatePathEncoding.php(26): Illuminate/Pipeline/Pipeline->Illuminate/Pipeline/{closure}(Object(Illuminate/Http/Request))
#43 C:/Users/DELL/Downloads/Parking-Finder2-stage3-auth-flow/vendor/laravel/framework/src/Illuminate/Pipeline/Pipeline.php(219): Illuminate/Http/Middleware/ValidatePathEncoding->handle(Object(Illuminate/Http/Request), Object(Closure))
#44 C:/Users/DELL/Downloads/Parking-Finder2-stage3-auth-flow/vendor/laravel/framework/src/Illuminate/Pipeline/Pipeline.php(137): Illuminate/Pipeline/Pipeline->Illuminate/Pipeline/{closure}(Object(Illuminate/Http/Request))
#45 C:/Users/DELL/Downloads/Parking-Finder2-stage3-auth-flow/vendor/laravel/framework/src/Illuminate/Foundation/Http/Kernel.php(175): Illuminate/Pipeline/Pipeline->then(Object(Closure))
#46 C:/Users/DELL/Downloads/Parking-Finder2-stage3-auth-flow/vendor/laravel/framework/src/Illuminate/Foundation/Http/Kernel.php(144): Illuminate/Foundation/Http/Kernel->sendRequestThroughRouter(Object(Illuminate/Http/Request))
#47 C:/Users/DELL/Downloads/Parking-Finder2-stage3-auth-flow/vendor/laravel/framework/src/Illuminate/Foundation/Application.php(1220): Illuminate/Foundation/Http/Kernel->handle(Object(Illuminate/Http/Request))
#48 C:/Users/DELL/Downloads/Parking-Finder2-stage3-auth-flow/public/index.php(20): Illuminate/Foundation/Application->handleRequest(Object(Illuminate/Http/Request))
#49 C:/Users/DELL/Downloads/Parking-Finder2-stage3-auth-flow/vendor/laravel/framework/src/Illuminate/Foundation/resources/server.php(23): require_once('C://Users//DELL//D...')
#50 {main}
"} 
[2026-01-23 12:53:19] local.ERROR: Target class [not_admin] does not exist. {"exception":"[object] (Illuminate\\Contracts\\Container\\BindingResolutionException(code: 0): Target class [not_admin] does not exist. at C:/Users/DELL/Downloads/Parking-Finder2-stage3-auth-flow/vendor/laravel/framework/src/Illuminate/Container/Container.php:1124)
[stacktrace]
#0 C:/Users/DELL/Downloads/Parking-Finder2-stage3-auth-flow/vendor/laravel/framework/src/Illuminate/Container/Container.php(933): Illuminate/Container/Container->build('not_admin')
#1 C:/Users/DELL/Downloads/Parking-Finder2-stage3-auth-flow/vendor/laravel/framework/src/Illuminate/Foundation/Application.php(1078): Illuminate/Container/Container->resolve('not_admin', Array, true)
#2 C:/Users/DELL/Downloads/Parking-Finder2-stage3-auth-flow/vendor/laravel/framework/src/Illuminate/Container/Container.php(864): Illuminate/Foundation/Application->resolve('not_admin', Array)
#3 C:/Users/DELL/Downloads/Parking-Finder2-stage3-auth-flow/vendor/laravel/framework/src/Illuminate/Foundation/Application.php(1058): Illuminate/Container/Container->make('not_admin', Array)
#4 C:/Users/DELL/Downloads/Parking-Finder2-stage3-auth-flow/vendor/laravel/framework/src/Illuminate/Foundation/Http/Kernel.php(257): Illuminate/Foundation/Application->make('not_admin')
#5 C:/Users/DELL/Downloads/Parking-Finder2-stage3-auth-flow/vendor/laravel/framework/src/Illuminate/Foundation/Http/Kernel.php(215): Illuminate/Foundation/Http/Kernel->terminateMiddleware(Object(Illuminate/Http/Request), Object(Illuminate/Http/Response))
#6 C:/Users/DELL/Downloads/Parking-Finder2-stage3-auth-flow/vendor/laravel/framework/src/Illuminate/Foundation/Application.php(1222): Illuminate/Foundation/Http/Kernel->terminate(Object(Illuminate/Http/Request), Object(Illuminate/Http/Response))
#7 C:/Users/DELL/Downloads/Parking-Finder2-stage3-auth-flow/public/index.php(20): Illuminate/Foundation/Application->handleRequest(Object(Illuminate/Http/Request))
#8 C:/Users/DELL/Downloads/Parking-Finder2-stage3-auth-flow/vendor/laravel/framework/src/Illuminate/Foundation/resources/server.php(23): require_once('C://Users//DELL//D...')
#9 {main}

[previous exception] [object] (ReflectionException(code: -1): Class \"not_admin\" does not exist at C:/Users/DELL/Downloads/Parking-Finder2-stage3-auth-flow/vendor/laravel/framework/src/Illuminate/Container/Container.php:1122)
[stacktrace]
#0 C:/Users/DELL/Downloads/Parking-Finder2-stage3-auth-flow/vendor/laravel/framework/src/Illuminate/Container/Container.php(1122): ReflectionClass->__construct('not_admin')
#1 C:/Users/DELL/Downloads/Parking-Finder2-stage3-auth-flow/vendor/laravel/framework/src/Illuminate/Container/Container.php(933): Illuminate/Container/Container->build('not_admin')
#2 C:/Users/DELL/Downloads/Parking-Finder2-stage3-auth-flow/vendor/laravel/framework/src/Illuminate/Foundation/Application.php(1078): Illuminate/Container/Container->resolve('not_admin', Array, true)
#3 C:/Users/DELL/Downloads/Parking-Finder2-stage3-auth-flow/vendor/laravel/framework/src/Illuminate/Container/Container.php(864): Illuminate/Foundation/Application->resolve('not_admin', Array)
#4 C:/Users/DELL/Downloads/Parking-Finder2-stage3-auth-flow/vendor/laravel/framework/src/Illuminate/Foundation/Application.php(1058): Illuminate/Container/Container->make('not_admin', Array)
#5 C:/Users/DELL/Downloads/Parking-Finder2-stage3-auth-flow/vendor/laravel/framework/src/Illuminate/Foundation/Http/Kernel.php(257): Illuminate/Foundation/Application->make('not_admin')
#6 C:/Users/DELL/Downloads/Parking-Finder2-stage3-auth-flow/vendor/laravel/framework/src/Illuminate/Foundation/Http/Kernel.php(215): Illuminate/Foundation/Http/Kernel->terminateMiddleware(Object(Illuminate/Http/Request), Object(Illuminate/Http/Response))
#7 C:/Users/DELL/Downloads/Parking-Finder2-stage3-auth-flow/vendor/laravel/framework/src/Illuminate/Foundation/Application.php(1222): Illuminate/Foundation/Http/Kernel->terminate(Object(Illuminate/Http/Request), Object(Illuminate/Http/Response))
#8 C:/Users/DELL/Downloads/Parking-Finder2-stage3-auth-flow/public/index.php(20): Illuminate/Foundation/Application->handleRequest(Object(Illuminate/Http/Request))
#9 C:/Users/DELL/Downloads/Parking-Finder2-stage3-auth-flow/vendor/laravel/framework/src/Illuminate/Foundation/resources/server.php(23): require_once('C://Users//DELL//D...')
#10 {main}
"} 
[2026-01-23 13:19:13] local.ERROR: Target class [user] does not exist. {"userId":4,"exception":"[object] (Illuminate\\Contracts\\Container\\BindingResolutionException(code: 0): Target class [user] does not exist. at C:/Users/DELL/Downloads/Parking-Finder2-stage3-auth-flow/vendor/laravel/framework/src/Illuminate/Container/Container.php:1124)
[stacktrace]
#0 C:/Users/DELL/Downloads/Parking-Finder2-stage3-auth-flow/vendor/laravel/framework/src/Illuminate/Container/Container.php(933): Illuminate/Container/Container->build('user')
#1 C:/Users/DELL/Downloads/Parking-Finder2-stage3-auth-flow/vendor/laravel/framework/src/Illuminate/Foundation/Application.php(1078): Illuminate/Container/Container->resolve('user', Array, true)
#2 C:/Users/DELL/Downloads/Parking-Finder2-stage3-auth-flow/vendor/laravel/framework/src/Illuminate/Container/Container.php(864): Illuminate/Foundation/Application->resolve('user', Array)
#3 C:/Users/DELL/Downloads/Parking-Finder2-stage3-auth-flow/vendor/laravel/framework/src/Illuminate/Foundation/Application.php(1058): Illuminate/Container/Container->make('user', Array)
#4 C:/Users/DELL/Downloads/Parking-Finder2-stage3-auth-flow/vendor/laravel/framework/src/Illuminate/Pipeline/Pipeline.php(208): Illuminate/Foundation/Application->make('user')
#5 C:/Users/DELL/Downloads/Parking-Finder2-stage3-auth-flow/vendor/laravel/framework/src/Illuminate/Routing/Middleware/SubstituteBindings.php(50): Illuminate/Pipeline/Pipeline->Illuminate/Pipeline/{closure}(Object(Illuminate/Http/Request))
#6 C:/Users/DELL/Downloads/Parking-Finder2-stage3-auth-flow/vendor/laravel/framework/src/Illuminate/Pipeline/Pipeline.php(219): Illuminate/Routing/Middleware/SubstituteBindings->handle(Object(Illuminate/Http/Request), Object(Closure))
#7 C:/Users/DELL/Downloads/Parking-Finder2-stage3-auth-flow/vendor/laravel/framework/src/Illuminate/Auth/Middleware/Authenticate.php(63): Illuminate/Pipeline/Pipeline->Illuminate/Pipeline/{closure}(Object(Illuminate/Http/Request))
#8 C:/Users/DELL/Downloads/Parking-Finder2-stage3-auth-flow/vendor/laravel/framework/src/Illuminate/Pipeline/Pipeline.php(219): Illuminate/Auth/Middleware/Authenticate->handle(Object(Illuminate/Http/Request), Object(Closure))
#9 C:/Users/DELL/Downloads/Parking-Finder2-stage3-auth-flow/vendor/laravel/framework/src/Illuminate/Foundation/Http/Middleware/VerifyCsrfToken.php(87): Illuminate/Pipeline/Pipeline->Illuminate/Pipeline/{closure}(Object(Illuminate/Http/Request))
#10 C:/Users/DELL/Downloads/Parking-Finder2-stage3-auth-flow/vendor/laravel/framework/src/Illuminate/Pipeline/Pipeline.php(219): Illuminate/Foundation/Http/Middleware/VerifyCsrfToken->handle(Object(Illuminate/Http/Request), Object(Closure))
#11 C:/Users/DELL/Downloads/Parking-Finder2-stage3-auth-flow/vendor/laravel/framework/src/Illuminate/View/Middleware/ShareErrorsFromSession.php(48): Illuminate/Pipeline/Pipeline->Illuminate/Pipeline/{closure}(Object(Illuminate/Http/Request))
#12 C:/Users/DELL/Downloads/Parking-Finder2-stage3-auth-flow/vendor/laravel/framework/src/Illuminate/Pipeline/Pipeline.php(219): Illuminate/View/Middleware/ShareErrorsFromSession->handle(Object(Illuminate/Http/Request), Object(Closure))
#13 C:/Users/DELL/Downloads/Parking-Finder2-stage3-auth-flow/vendor/laravel/framework/src/Illuminate/Session/Middleware/StartSession.php(120): Illuminate/Pipeline/Pipeline->Illuminate/Pipeline/{closure}(Object(Illuminate/Http/Request))
#14 C:/Users/DELL/Downloads/Parking-Finder2-stage3-auth-flow/vendor/laravel/framework/src/Illuminate/Session/Middleware/StartSession.php(63): Illuminate/Session/Middleware/StartSession->handleStatefulRequest(Object(Illuminate/Http/Request), Object(Illuminate/Session/Store), Object(Closure))
#15 C:/Users/DELL/Downloads/Parking-Finder2-stage3-auth-flow/vendor/laravel/framework/src/Illuminate/Pipeline/Pipeline.php(219): Illuminate/Session/Middleware/StartSession->handle(Object(Illuminate/Http/Request), Object(Closure))
#16 C:/Users/DELL/Downloads/Parking-Finder2-stage3-auth-flow/vendor/laravel/framework/src/Illuminate/Cookie/Middleware/AddQueuedCookiesToResponse.php(36): Illuminate/Pipeline/Pipeline->Illuminate/Pipeline/{closure}(Object(Illuminate/Http/Request))
#17 C:/Users/DELL/Downloads/Parking-Finder2-stage3-auth-flow/vendor/laravel/framework/src/Illuminate/Pipeline/Pipeline.php(219): Illuminate/Cookie/Middleware/AddQueuedCookiesToResponse->handle(Object(Illuminate/Http/Request), Object(Closure))
#18 C:/Users/DELL/Downloads/Parking-Finder2-stage3-auth-flow/vendor/laravel/framework/src/Illuminate/Cookie/Middleware/EncryptCookies.php(74): Illuminate/Pipeline/Pipeline->Illuminate/Pipeline/{closure}(Object(Illuminate/Http/Request))
#19 C:/Users/DELL/Downloads/Parking-Finder2-stage3-auth-flow/vendor/laravel/framework/src/Illuminate/Pipeline/Pipeline.php(219): Illuminate/Cookie/Middleware/EncryptCookies->handle(Object(Illuminate/Http/Request), Object(Closure))
#20 C:/Users/DELL/Downloads/Parking-Finder2-stage3-auth-flow/vendor/laravel/framework/src/Illuminate/Pipeline/Pipeline.php(137): Illuminate/Pipeline/Pipeline->Illuminate/Pipeline/{closure}(Object(Illuminate/Http/Request))
#21 C:/Users/DELL/Downloads/Parking-Finder2-stage3-auth-flow/vendor/laravel/framework/src/Illuminate/Routing/Router.php(821): Illuminate/Pipeline/Pipeline->then(Object(Closure))
#22 C:/Users/DELL/Downloads/Parking-Finder2-stage3-auth-flow/vendor/laravel/framework/src/Illuminate/Routing/Router.php(800): Illuminate/Routing/Router->runRouteWithinStack(Object(Illuminate/Routing/Route), Object(Illuminate/Http/Request))
#23 C:/Users/DELL/Downloads/Parking-Finder2-stage3-auth-flow/vendor/laravel/framework/src/Illuminate/Routing/Router.php(764): Illuminate/Routing/Router->runRoute(Object(Illuminate/Http/Request), Object(Illuminate/Routing/Route))
#24 C:/Users/DELL/Downloads/Parking-Finder2-stage3-auth-flow/vendor/laravel/framework/src/Illuminate/Routing/Router.php(753): Illuminate/Routing/Router->dispatchToRoute(Object(Illuminate/Http/Request))
#25 C:/Users/DELL/Downloads/Parking-Finder2-stage3-auth-flow/vendor/laravel/framework/src/Illuminate/Foundation/Http/Kernel.php(200): Illuminate/Routing/Router->dispatch(Object(Illuminate/Http/Request))
#26 C:/Users/DELL/Downloads/Parking-Finder2-stage3-auth-flow/vendor/laravel/framework/src/Illuminate/Pipeline/Pipeline.php(180): Illuminate/Foundation/Http/Kernel->Illuminate/Foundation/Http/{closure}(Object(Illuminate/Http/Request))
#27 C:/Users/DELL/Downloads/Parking-Finder2-stage3-auth-flow/vendor/laravel/framework/src/Illuminate/Foundation/Http/Middleware/TransformsRequest.php(21): Illuminate/Pipeline/Pipeline->Illuminate/Pipeline/{closure}(Object(Illuminate/Http/Request))
#28 C:/Users/DELL/Downloads/Parking-Finder2-stage3-auth-flow/vendor/laravel/framework/src/Illuminate/Foundation/Http/Middleware/ConvertEmptyStringsToNull.php(31): Illuminate/Foundation/Http/Middleware/TransformsRequest->handle(Object(Illuminate/Http/Request), Object(Closure))
#29 C:/Users/DELL/Downloads/Parking-Finder2-stage3-auth-flow/vendor/laravel/framework/src/Illuminate/Pipeline/Pipeline.php(219): Illuminate/Foundation/Http/Middleware/ConvertEmptyStringsToNull->handle(Object(Illuminate/Http/Request), Object(Closure))
#30 C:/Users/DELL/Downloads/Parking-Finder2-stage3-auth-flow/vendor/laravel/framework/src/Illuminate/Foundation/Http/Middleware/TransformsRequest.php(21): Illuminate/Pipeline/Pipeline->Illuminate/Pipeline/{closure}(Object(Illuminate/Http/Request))
#31 C:/Users/DELL/Downloads/Parking-Finder2-stage3-auth-flow/vendor/laravel/framework/src/Illuminate/Foundation/Http/Middleware/TrimStrings.php(51): Illuminate/Foundation/Http/Middleware/TransformsRequest->handle(Object(Illuminate/Http/Request), Object(Closure))
#32 C:/Users/DELL/Downloads/Parking-Finder2-stage3-auth-flow/vendor/laravel/framework/src/Illuminate/Pipeline/Pipeline.php(219): Illuminate/Foundation/Http/Middleware/TrimStrings->handle(Object(Illuminate/Http/Request), Object(Closure))
#33 C:/Users/DELL/Downloads/Parking-Finder2-stage3-auth-flow/vendor/laravel/framework/src/Illuminate/Http/Middleware/ValidatePostSize.php(27): Illuminate/Pipeline/Pipeline->Illuminate/Pipeline/{closure}(Object(Illuminate/Http/Request))
#34 C:/Users/DELL/Downloads/Parking-Finder2-stage3-auth-flow/vendor/laravel/framework/src/Illuminate/Pipeline/Pipeline.php(219): Illuminate/Http/Middleware/ValidatePostSize->handle(Object(Illuminate/Http/Request), Object(Closure))
#35 C:/Users/DELL/Downloads/Parking-Finder2-stage3-auth-flow/vendor/laravel/framework/src/Illuminate/Foundation/Http/Middleware/PreventRequestsDuringMaintenance.php(109): Illuminate/Pipeline/Pipeline->Illuminate/Pipeline/{closure}(Object(Illuminate/Http/Request))
#36 C:/Users/DELL/Downloads/Parking-Finder2-stage3-auth-flow/vendor/laravel/framework/src/Illuminate/Pipeline/Pipeline.php(219): Illuminate/Foundation/Http/Middleware/PreventRequestsDuringMaintenance->handle(Object(Illuminate/Http/Request), Object(Closure))
#37 C:/Users/DELL/Downloads/Parking-Finder2-stage3-auth-flow/vendor/laravel/framework/src/Illuminate/Http/Middleware/HandleCors.php(48): Illuminate/Pipeline/Pipeline->Illuminate/Pipeline/{closure}(Object(Illuminate/Http/Request))
#38 C:/Users/DELL/Downloads/Parking-Finder2-stage3-auth-flow/vendor/laravel/framework/src/Illuminate/Pipeline/Pipeline.php(219): Illuminate/Http/Middleware/HandleCors->handle(Object(Illuminate/Http/Request), Object(Closure))
#39 C:/Users/DELL/Downloads/Parking-Finder2-stage3-auth-flow/vendor/laravel/framework/src/Illuminate/Http/Middleware/TrustProxies.php(58): Illuminate/Pipeline/Pipeline->Illuminate/Pipeline/{closure}(Object(Illuminate/Http/Request))
#40 C:/Users/DELL/Downloads/Parking-Finder2-stage3-auth-flow/vendor/laravel/framework/src/Illuminate/Pipeline/Pipeline.php(219): Illuminate/Http/Middleware/TrustProxies->handle(Object(Illuminate/Http/Request), Object(Closure))
#41 C:/Users/DELL/Downloads/Parking-Finder2-stage3-auth-flow/vendor/laravel/framework/src/Illuminate/Foundation/Http/Middleware/InvokeDeferredCallbacks.php(22): Illuminate/Pipeline/Pipeline->Illuminate/Pipeline/{closure}(Object(Illuminate/Http/Request))
#42 C:/Users/DELL/Downloads/Parking-Finder2-stage3-auth-flow/vendor/laravel/framework/src/Illuminate/Pipeline/Pipeline.php(219): Illuminate/Foundation/Http/Middleware/InvokeDeferredCallbacks->handle(Object(Illuminate/Http/Request), Object(Closure))
#43 C:/Users/DELL/Downloads/Parking-Finder2-stage3-auth-flow/vendor/laravel/framework/src/Illuminate/Http/Middleware/ValidatePathEncoding.php(26): Illuminate/Pipeline/Pipeline->Illuminate/Pipeline/{closure}(Object(Illuminate/Http/Request))
#44 C:/Users/DELL/Downloads/Parking-Finder2-stage3-auth-flow/vendor/laravel/framework/src/Illuminate/Pipeline/Pipeline.php(219): Illuminate/Http/Middleware/ValidatePathEncoding->handle(Object(Illuminate/Http/Request), Object(Closure))
#45 C:/Users/DELL/Downloads/Parking-Finder2-stage3-auth-flow/vendor/laravel/framework/src/Illuminate/Pipeline/Pipeline.php(137): Illuminate/Pipeline/Pipeline->Illuminate/Pipeline/{closure}(Object(Illuminate/Http/Request))
#46 C:/Users/DELL/Downloads/Parking-Finder2-stage3-auth-flow/vendor/laravel/framework/src/Illuminate/Foundation/Http/Kernel.php(175): Illuminate/Pipeline/Pipeline->then(Object(Closure))
#47 C:/Users/DELL/Downloads/Parking-Finder2-stage3-auth-flow/vendor/laravel/framework/src/Illuminate/Foundation/Http/Kernel.php(144): Illuminate/Foundation/Http/Kernel->sendRequestThroughRouter(Object(Illuminate/Http/Request))
#48 C:/Users/DELL/Downloads/Parking-Finder2-stage3-auth-flow/vendor/laravel/framework/src/Illuminate/Foundation/Application.php(1220): Illuminate/Foundation/Http/Kernel->handle(Object(Illuminate/Http/Request))
#49 C:/Users/DELL/Downloads/Parking-Finder2-stage3-auth-flow/public/index.php(20): Illuminate/Foundation/Application->handleRequest(Object(Illuminate/Http/Request))
#50 C:/Users/DELL/Downloads/Parking-Finder2-stage3-auth-flow/vendor/laravel/framework/src/Illuminate/Foundation/resources/server.php(23): require_once('C://Users//DELL//D...')
#51 {main}

[previous exception] [object] (ReflectionException(code: -1): Class \"user\" does not exist at C:/Users/DELL/Downloads/Parking-Finder2-stage3-auth-flow/vendor/laravel/framework/src/Illuminate/Container/Container.php:1122)
[stacktrace]
#0 C:/Users/DELL/Downloads/Parking-Finder2-stage3-auth-flow/vendor/laravel/framework/src/Illuminate/Container/Container.php(1122): ReflectionClass->__construct('user')
#1 C:/Users/DELL/Downloads/Parking-Finder2-stage3-auth-flow/vendor/laravel/framework/src/Illuminate/Container/Container.php(933): Illuminate/Container/Container->build('user')
#2 C:/Users/DELL/Downloads/Parking-Finder2-stage3-auth-flow/vendor/laravel/framework/src/Illuminate/Foundation/Application.php(1078): Illuminate/Container/Container->resolve('user', Array, true)
#3 C:/Users/DELL/Downloads/Parking-Finder2-stage3-auth-flow/vendor/laravel/framework/src/Illuminate/Container/Container.php(864): Illuminate/Foundation/Application->resolve('user', Array)
#4 C:/Users/DELL/Downloads/Parking-Finder2-stage3-auth-flow/vendor/laravel/framework/src/Illuminate/Foundation/Application.php(1058): Illuminate/Container/Container->make('user', Array)
#5 C:/Users/DELL/Downloads/Parking-Finder2-stage3-auth-flow/vendor/laravel/framework/src/Illuminate/Pipeline/Pipeline.php(208): Illuminate/Foundation/Application->make('user')
#6 C:/Users/DELL/Downloads/Parking-Finder2-stage3-auth-flow/vendor/laravel/framework/src/Illuminate/Routing/Middleware/SubstituteBindings.php(50): Illuminate/Pipeline/Pipeline->Illuminate/Pipeline/{closure}(Object(Illuminate/Http/Request))
#7 C:/Users/DELL/Downloads/Parking-Finder2-stage3-auth-flow/vendor/laravel/framework/src/Illuminate/Pipeline/Pipeline.php(219): Illuminate/Routing/Middleware/SubstituteBindings->handle(Object(Illuminate/Http/Request), Object(Closure))
#8 C:/Users/DELL/Downloads/Parking-Finder2-stage3-auth-flow/vendor/laravel/framework/src/Illuminate/Auth/Middleware/Authenticate.php(63): Illuminate/Pipeline/Pipeline->Illuminate/Pipeline/{closure}(Object(Illuminate/Http/Request))
#9 C:/Users/DELL/Downloads/Parking-Finder2-stage3-auth-flow/vendor/laravel/framework/src/Illuminate/Pipeline/Pipeline.php(219): Illuminate/Auth/Middleware/Authenticate->handle(Object(Illuminate/Http/Request), Object(Closure))
#10 C:/Users/DELL/Downloads/Parking-Finder2-stage3-auth-flow/vendor/laravel/framework/src/Illuminate/Foundation/Http/Middleware/VerifyCsrfToken.php(87): Illuminate/Pipeline/Pipeline->Illuminate/Pipeline/{closure}(Object(Illuminate/Http/Request))
#11 C:/Users/DELL/Downloads/Parking-Finder2-stage3-auth-flow/vendor/laravel/framework/src/Illuminate/Pipeline/Pipeline.php(219): Illuminate/Foundation/Http/Middleware/VerifyCsrfToken->handle(Object(Illuminate/Http/Request), Object(Closure))
#12 C:/Users/DELL/Downloads/Parking-Finder2-stage3-auth-flow/vendor/laravel/framework/src/Illuminate/View/Middleware/ShareErrorsFromSession.php(48): Illuminate/Pipeline/Pipeline->Illuminate/Pipeline/{closure}(Object(Illuminate/Http/Request))
#13 C:/Users/DELL/Downloads/Parking-Finder2-stage3-auth-flow/vendor/laravel/framework/src/Illuminate/Pipeline/Pipeline.php(219): Illuminate/View/Middleware/ShareErrorsFromSession->handle(Object(Illuminate/Http/Request), Object(Closure))
#14 C:/Users/DELL/Downloads/Parking-Finder2-stage3-auth-flow/vendor/laravel/framework/src/Illuminate/Session/Middleware/StartSession.php(120): Illuminate/Pipeline/Pipeline->Illuminate/Pipeline/{closure}(Object(Illuminate/Http/Request))
#15 C:/Users/DELL/Downloads/Parking-Finder2-stage3-auth-flow/vendor/laravel/framework/src/Illuminate/Session/Middleware/StartSession.php(63): Illuminate/Session/Middleware/StartSession->handleStatefulRequest(Object(Illuminate/Http/Request), Object(Illuminate/Session/Store), Object(Closure))
#16 C:/Users/DELL/Downloads/Parking-Finder2-stage3-auth-flow/vendor/laravel/framework/src/Illuminate/Pipeline/Pipeline.php(219): Illuminate/Session/Middleware/StartSession->handle(Object(Illuminate/Http/Request), Object(Closure))
#17 C:/Users/DELL/Downloads/Parking-Finder2-stage3-auth-flow/vendor/laravel/framework/src/Illuminate/Cookie/Middleware/AddQueuedCookiesToResponse.php(36): Illuminate/Pipeline/Pipeline->Illuminate/Pipeline/{closure}(Object(Illuminate/Http/Request))
#18 C:/Users/DELL/Downloads/Parking-Finder2-stage3-auth-flow/vendor/laravel/framework/src/Illuminate/Pipeline/Pipeline.php(219): Illuminate/Cookie/Middleware/AddQueuedCookiesToResponse->handle(Object(Illuminate/Http/Request), Object(Closure))
#19 C:/Users/DELL/Downloads/Parking-Finder2-stage3-auth-flow/vendor/laravel/framework/src/Illuminate/Cookie/Middleware/EncryptCookies.php(74): Illuminate/Pipeline/Pipeline->Illuminate/Pipeline/{closure}(Object(Illuminate/Http/Request))
#20 C:/Users/DELL/Downloads/Parking-Finder2-stage3-auth-flow/vendor/laravel/framework/src/Illuminate/Pipeline/Pipeline.php(219): Illuminate/Cookie/Middleware/EncryptCookies->handle(Object(Illuminate/Http/Request), Object(Closure))
#21 C:/Users/DELL/Downloads/Parking-Finder2-stage3-auth-flow/vendor/laravel/framework/src/Illuminate/Pipeline/Pipeline.php(137): Illuminate/Pipeline/Pipeline->Illuminate/Pipeline/{closure}(Object(Illuminate/Http/Request))
#22 C:/Users/DELL/Downloads/Parking-Finder2-stage3-auth-flow/vendor/laravel/framework/src/Illuminate/Routing/Router.php(821): Illuminate/Pipeline/Pipeline->then(Object(Closure))
#23 C:/Users/DELL/Downloads/Parking-Finder2-stage3-auth-flow/vendor/laravel/framework/src/Illuminate/Routing/Router.php(800): Illuminate/Routing/Router->runRouteWithinStack(Object(Illuminate/Routing/Route), Object(Illuminate/Http/Request))
#24 C:/Users/DELL/Downloads/Parking-Finder2-stage3-auth-flow/vendor/laravel/framework/src/Illuminate/Routing/Router.php(764): Illuminate/Routing/Router->runRoute(Object(Illuminate/Http/Request), Object(Illuminate/Routing/Route))
#25 C:/Users/DELL/Downloads/Parking-Finder2-stage3-auth-flow/vendor/laravel/framework/src/Illuminate/Routing/Router.php(753): Illuminate/Routing/Router->dispatchToRoute(Object(Illuminate/Http/Request))
#26 C:/Users/DELL/Downloads/Parking-Finder2-stage3-auth-flow/vendor/laravel/framework/src/Illuminate/Foundation/Http/Kernel.php(200): Illuminate/Routing/Router->dispatch(Object(Illuminate/Http/Request))
#27 C:/Users/DELL/Downloads/Parking-Finder2-stage3-auth-flow/vendor/laravel/framework/src/Illuminate/Pipeline/Pipeline.php(180): Illuminate/Foundation/Http/Kernel->Illuminate/Foundation/Http/{closure}(Object(Illuminate/Http/Request))
#28 C:/Users/DELL/Downloads/Parking-Finder2-stage3-auth-flow/vendor/laravel/framework/src/Illuminate/Foundation/Http/Middleware/TransformsRequest.php(21): Illuminate/Pipeline/Pipeline->Illuminate/Pipeline/{closure}(Object(Illuminate/Http/Request))
#29 C:/Users/DELL/Downloads/Parking-Finder2-stage3-auth-flow/vendor/laravel/framework/src/Illuminate/Foundation/Http/Middleware/ConvertEmptyStringsToNull.php(31): Illuminate/Foundation/Http/Middleware/TransformsRequest->handle(Object(Illuminate/Http/Request), Object(Closure))
#30 C:/Users/DELL/Downloads/Parking-Finder2-stage3-auth-flow/vendor/laravel/framework/src/Illuminate/Pipeline/Pipeline.php(219): Illuminate/Foundation/Http/Middleware/ConvertEmptyStringsToNull->handle(Object(Illuminate/Http/Request), Object(Closure))
#31 C:/Users/DELL/Downloads/Parking-Finder2-stage3-auth-flow/vendor/laravel/framework/src/Illuminate/Foundation/Http/Middleware/TransformsRequest.php(21): Illuminate/Pipeline/Pipeline->Illuminate/Pipeline/{closure}(Object(Illuminate/Http/Request))
#32 C:/Users/DELL/Downloads/Parking-Finder2-stage3-auth-flow/vendor/laravel/framework/src/Illuminate/Foundation/Http/Middleware/TrimStrings.php(51): Illuminate/Foundation/Http/Middleware/TransformsRequest->handle(Object(Illuminate/Http/Request), Object(Closure))
#33 C:/Users/DELL/Downloads/Parking-Finder2-stage3-auth-flow/vendor/laravel/framework/src/Illuminate/Pipeline/Pipeline.php(219): Illuminate/Foundation/Http/Middleware/TrimStrings->handle(Object(Illuminate/Http/Request), Object(Closure))
#34 C:/Users/DELL/Downloads/Parking-Finder2-stage3-auth-flow/vendor/laravel/framework/src/Illuminate/Http/Middleware/ValidatePostSize.php(27): Illuminate/Pipeline/Pipeline->Illuminate/Pipeline/{closure}(Object(Illuminate/Http/Request))
#35 C:/Users/DELL/Downloads/Parking-Finder2-stage3-auth-flow/vendor/laravel/framework/src/Illuminate/Pipeline/Pipeline.php(219): Illuminate/Http/Middleware/ValidatePostSize->handle(Object(Illuminate/Http/Request), Object(Closure))
#36 C:/Users/DELL/Downloads/Parking-Finder2-stage3-auth-flow/vendor/laravel/framework/src/Illuminate/Foundation/Http/Middleware/PreventRequestsDuringMaintenance.php(109): Illuminate/Pipeline/Pipeline->Illuminate/Pipeline/{closure}(Object(Illuminate/Http/Request))
#37 C:/Users/DELL/Downloads/Parking-Finder2-stage3-auth-flow/vendor/laravel/framework/src/Illuminate/Pipeline/Pipeline.php(219): Illuminate/Foundation/Http/Middleware/PreventRequestsDuringMaintenance->handle(Object(Illuminate/Http/Request), Object(Closure))
#38 C:/Users/DELL/Downloads/Parking-Finder2-stage3-auth-flow/vendor/laravel/framework/src/Illuminate/Http/Middleware/HandleCors.php(48): Illuminate/Pipeline/Pipeline->Illuminate/Pipeline/{closure}(Object(Illuminate/Http/Request))
#39 C:/Users/DELL/Downloads/Parking-Finder2-stage3-auth-flow/vendor/laravel/framework/src/Illuminate/Pipeline/Pipeline.php(219): Illuminate/Http/Middleware/HandleCors->handle(Object(Illuminate/Http/Request), Object(Closure))
#40 C:/Users/DELL/Downloads/Parking-Finder2-stage3-auth-flow/vendor/laravel/framework/src/Illuminate/Http/Middleware/TrustProxies.php(58): Illuminate/Pipeline/Pipeline->Illuminate/Pipeline/{closure}(Object(Illuminate/Http/Request))
#41 C:/Users/DELL/Downloads/Parking-Finder2-stage3-auth-flow/vendor/laravel/framework/src/Illuminate/Pipeline/Pipeline.php(219): Illuminate/Http/Middleware/TrustProxies->handle(Object(Illuminate/Http/Request), Object(Closure))
#42 C:/Users/DELL/Downloads/Parking-Finder2-stage3-auth-flow/vendor/laravel/framework/src/Illuminate/Foundation/Http/Middleware/InvokeDeferredCallbacks.php(22): Illuminate/Pipeline/Pipeline->Illuminate/Pipeline/{closure}(Object(Illuminate/Http/Request))
#43 C:/Users/DELL/Downloads/Parking-Finder2-stage3-auth-flow/vendor/laravel/framework/src/Illuminate/Pipeline/Pipeline.php(219): Illuminate/Foundation/Http/Middleware/InvokeDeferredCallbacks->handle(Object(Illuminate/Http/Request), Object(Closure))
#44 C:/Users/DELL/Downloads/Parking-Finder2-stage3-auth-flow/vendor/laravel/framework/src/Illuminate/Http/Middleware/ValidatePathEncoding.php(26): Illuminate/Pipeline/Pipeline->Illuminate/Pipeline/{closure}(Object(Illuminate/Http/Request))
#45 C:/Users/DELL/Downloads/Parking-Finder2-stage3-auth-flow/vendor/laravel/framework/src/Illuminate/Pipeline/Pipeline.php(219): Illuminate/Http/Middleware/ValidatePathEncoding->handle(Object(Illuminate/Http/Request), Object(Closure))
#46 C:/Users/DELL/Downloads/Parking-Finder2-stage3-auth-flow/vendor/laravel/framework/src/Illuminate/Pipeline/Pipeline.php(137): Illuminate/Pipeline/Pipeline->Illuminate/Pipeline/{closure}(Object(Illuminate/Http/Request))
#47 C:/Users/DELL/Downloads/Parking-Finder2-stage3-auth-flow/vendor/laravel/framework/src/Illuminate/Foundation/Http/Kernel.php(175): Illuminate/Pipeline/Pipeline->then(Object(Closure))
#48 C:/Users/DELL/Downloads/Parking-Finder2-stage3-auth-flow/vendor/laravel/framework/src/Illuminate/Foundation/Http/Kernel.php(144): Illuminate/Foundation/Http/Kernel->sendRequestThroughRouter(Object(Illuminate/Http/Request))
#49 C:/Users/DELL/Downloads/Parking-Finder2-stage3-auth-flow/vendor/laravel/framework/src/Illuminate/Foundation/Application.php(1220): Illuminate/Foundation/Http/Kernel->handle(Object(Illuminate/Http/Request))
#50 C:/Users/DELL/Downloads/Parking-Finder2-stage3-auth-flow/public/index.php(20): Illuminate/Foundation/Application->handleRequest(Object(Illuminate/Http/Request))
#51 C:/Users/DELL/Downloads/Parking-Finder2-stage3-auth-flow/vendor/laravel/framework/src/Illuminate/Foundation/resources/server.php(23): require_once('C://Users//DELL//D...')
#52 {main}
"} 
[2026-01-23 13:19:28] local.ERROR: Target class [user] does not exist. {"userId":4,"exception":"[object] (Illuminate\\Contracts\\Container\\BindingResolutionException(code: 0): Target class [user] does not exist. at C:/Users/DELL/Downloads/Parking-Finder2-stage3-auth-flow/vendor/laravel/framework/src/Illuminate/Container/Container.php:1124)
[stacktrace]
#0 C:/Users/DELL/Downloads/Parking-Finder2-stage3-auth-flow/vendor/laravel/framework/src/Illuminate/Container/Container.php(933): Illuminate/Container/Container->build('user')
#1 C:/Users/DELL/Downloads/Parking-Finder2-stage3-auth-flow/vendor/laravel/framework/src/Illuminate/Foundation/Application.php(1078): Illuminate/Container/Container->resolve('user', Array, true)
#2 C:/Users/DELL/Downloads/Parking-Finder2-stage3-auth-flow/vendor/laravel/framework/src/Illuminate/Container/Container.php(864): Illuminate/Foundation/Application->resolve('user', Array)
#3 C:/Users/DELL/Downloads/Parking-Finder2-stage3-auth-flow/vendor/laravel/framework/src/Illuminate/Foundation/Application.php(1058): Illuminate/Container/Container->make('user', Array)
#4 C:/Users/DELL/Downloads/Parking-Finder2-stage3-auth-flow/vendor/laravel/framework/src/Illuminate/Foundation/Http/Kernel.php(257): Illuminate/Foundation/Application->make('user')
#5 C:/Users/DELL/Downloads/Parking-Finder2-stage3-auth-flow/vendor/laravel/framework/src/Illuminate/Foundation/Http/Kernel.php(215): Illuminate/Foundation/Http/Kernel->terminateMiddleware(Object(Illuminate/Http/Request), Object(Illuminate/Http/Response))
#6 C:/Users/DELL/Downloads/Parking-Finder2-stage3-auth-flow/vendor/laravel/framework/src/Illuminate/Foundation/Application.php(1222): Illuminate/Foundation/Http/Kernel->terminate(Object(Illuminate/Http/Request), Object(Illuminate/Http/Response))
#7 C:/Users/DELL/Downloads/Parking-Finder2-stage3-auth-flow/public/index.php(20): Illuminate/Foundation/Application->handleRequest(Object(Illuminate/Http/Request))
#8 C:/Users/DELL/Downloads/Parking-Finder2-stage3-auth-flow/vendor/laravel/framework/src/Illuminate/Foundation/resources/server.php(23): require_once('C://Users//DELL//D...')
#9 {main}

[previous exception] [object] (ReflectionException(code: -1): Class \"user\" does not exist at C:/Users/DELL/Downloads/Parking-Finder2-stage3-auth-flow/vendor/laravel/framework/src/Illuminate/Container/Container.php:1122)
[stacktrace]
#0 C:/Users/DELL/Downloads/Parking-Finder2-stage3-auth-flow/vendor/laravel/framework/src/Illuminate/Container/Container.php(1122): ReflectionClass->__construct('user')
#1 C:/Users/DELL/Downloads/Parking-Finder2-stage3-auth-flow/vendor/laravel/framework/src/Illuminate/Container/Container.php(933): Illuminate/Container/Container->build('user')
#2 C:/Users/DELL/Downloads/Parking-Finder2-stage3-auth-flow/vendor/laravel/framework/src/Illuminate/Foundation/Application.php(1078): Illuminate/Container/Container->resolve('user', Array, true)
#3 C:/Users/DELL/Downloads/Parking-Finder2-stage3-auth-flow/vendor/laravel/framework/src/Illuminate/Container/Container.php(864): Illuminate/Foundation/Application->resolve('user', Array)
#4 C:/Users/DELL/Downloads/Parking-Finder2-stage3-auth-flow/vendor/laravel/framework/src/Illuminate/Foundation/Application.php(1058): Illuminate/Container/Container->make('user', Array)
#5 C:/Users/DELL/Downloads/Parking-Finder2-stage3-auth-flow/vendor/laravel/framework/src/Illuminate/Foundation/Http/Kernel.php(257): Illuminate/Foundation/Application->make('user')
#6 C:/Users/DELL/Downloads/Parking-Finder2-stage3-auth-flow/vendor/laravel/framework/src/Illuminate/Foundation/Http/Kernel.php(215): Illuminate/Foundation/Http/Kernel->terminateMiddleware(Object(Illuminate/Http/Request), Object(Illuminate/Http/Response))
#7 C:/Users/DELL/Downloads/Parking-Finder2-stage3-auth-flow/vendor/laravel/framework/src/Illuminate/Foundation/Application.php(1222): Illuminate/Foundation/Http/Kernel->terminate(Object(Illuminate/Http/Request), Object(Illuminate/Http/Response))
#8 C:/Users/DELL/Downloads/Parking-Finder2-stage3-auth-flow/public/index.php(20): Illuminate/Foundation/Application->handleRequest(Object(Illuminate/Http/Request))
#9 C:/Users/DELL/Downloads/Parking-Finder2-stage3-auth-flow/vendor/laravel/framework/src/Illuminate/Foundation/resources/server.php(23): require_once('C://Users//DELL//D...')
#10 {main}
"} 
[2026-01-23 14:38:41] local.ERROR: Undefined variable $s (View: C:\Users\DELL\Downloads\Parking-Finder2-stage3-auth-flow\resources\views\user\parkings\show.blade.php) {"userId":4,"exception":"[object] (Illuminate\\View\\ViewException(code: 0): Undefined variable $s (View: C:\\Users\\DELL\\Downloads\\Parking-Finder2-stage3-auth-flow\\resources\\views\\user\\parkings\\show.blade.php) at C:/Users/DELL/Downloads/Parking-Finder2-stage3-auth-flow/storage/framework/views/f049885aa0605f64bc717ee00702917b.php:63)
[stacktrace]
#0 C:/Users/DELL/Downloads/Parking-Finder2-stage3-auth-flow/vendor/laravel/framework/src/Illuminate/View/Engines/PhpEngine.php(59): Illuminate/View/Engines/CompilerEngine->handleViewException(Object(ErrorException), 1)
#1 C:/Users/DELL/Downloads/Parking-Finder2-stage3-auth-flow/vendor/laravel/framework/src/Illuminate/View/Engines/CompilerEngine.php(76): Illuminate/View/Engines/PhpEngine->evaluatePath('C://Users//DELL//D...', Array)
#2 C:/Users/DELL/Downloads/Parking-Finder2-stage3-auth-flow/vendor/laravel/framework/src/Illuminate/View/View.php(208): Illuminate/View/Engines/CompilerEngine->get('C://Users//DELL//D...', Array)
#3 C:/Users/DELL/Downloads/Parking-Finder2-stage3-auth-flow/vendor/laravel/framework/src/Illuminate/View/View.php(191): Illuminate/View/View->getContents()
#4 C:/Users/DELL/Downloads/Parking-Finder2-stage3-auth-flow/vendor/laravel/framework/src/Illuminate/View/View.php(160): Illuminate/View/View->renderContents()
#5 C:/Users/DELL/Downloads/Parking-Finder2-stage3-auth-flow/vendor/laravel/framework/src/Illuminate/Http/Response.php(78): Illuminate/View/View->render()
#6 C:/Users/DELL/Downloads/Parking-Finder2-stage3-auth-flow/vendor/laravel/framework/src/Illuminate/Http/Response.php(34): Illuminate/Http/Response->setContent(Object(Illuminate/View/View))
#7 C:/Users/DELL/Downloads/Parking-Finder2-stage3-auth-flow/vendor/laravel/framework/src/Illuminate/Routing/Router.php(939): Illuminate/Http/Response->__construct(Object(Illuminate/View/View), 200, Array)
#8 C:/Users/DELL/Downloads/Parking-Finder2-stage3-auth-flow/vendor/laravel/framework/src/Illuminate/Routing/Router.php(906): Illuminate/Routing/Router::toResponse(Object(Illuminate/Http/Request), Object(Illuminate/View/View))
#9 C:/Users/DELL/Downloads/Parking-Finder2-stage3-auth-flow/vendor/laravel/framework/src/Illuminate/Routing/Router.php(821): Illuminate/Routing/Router->prepareResponse(Object(Illuminate/Http/Request), Object(Illuminate/View/View))
#10 C:/Users/DELL/Downloads/Parking-Finder2-stage3-auth-flow/vendor/laravel/framework/src/Illuminate/Pipeline/Pipeline.php(180): Illuminate/Routing/Router->Illuminate/Routing/{closure}(Object(Illuminate/Http/Request))
#11 C:/Users/DELL/Downloads/Parking-Finder2-stage3-auth-flow/app/Http/Middleware/NotAdminMiddleware.php(18): Illuminate/Pipeline/Pipeline->Illuminate/Pipeline/{closure}(Object(Illuminate/Http/Request))
#12 C:/Users/DELL/Downloads/Parking-Finder2-stage3-auth-flow/vendor/laravel/framework/src/Illuminate/Pipeline/Pipeline.php(219): App/Http/Middleware/NotAdminMiddleware->handle(Object(Illuminate/Http/Request), Object(Closure))
#13 C:/Users/DELL/Downloads/Parking-Finder2-stage3-auth-flow/vendor/laravel/framework/src/Illuminate/Routing/Middleware/SubstituteBindings.php(50): Illuminate/Pipeline/Pipeline->Illuminate/Pipeline/{closure}(Object(Illuminate/Http/Request))
#14 C:/Users/DELL/Downloads/Parking-Finder2-stage3-auth-flow/vendor/laravel/framework/src/Illuminate/Pipeline/Pipeline.php(219): Illuminate/Routing/Middleware/SubstituteBindings->handle(Object(Illuminate/Http/Request), Object(Closure))
#15 C:/Users/DELL/Downloads/Parking-Finder2-stage3-auth-flow/vendor/laravel/framework/src/Illuminate/Foundation/Http/Middleware/VerifyCsrfToken.php(87): Illuminate/Pipeline/Pipeline->Illuminate/Pipeline/{closure}(Object(Illuminate/Http/Request))
#16 C:/Users/DELL/Downloads/Parking-Finder2-stage3-auth-flow/vendor/laravel/framework/src/Illuminate/Pipeline/Pipeline.php(219): Illuminate/Foundation/Http/Middleware/VerifyCsrfToken->handle(Object(Illuminate/Http/Request), Object(Closure))
#17 C:/Users/DELL/Downloads/Parking-Finder2-stage3-auth-flow/vendor/laravel/framework/src/Illuminate/View/Middleware/ShareErrorsFromSession.php(48): Illuminate/Pipeline/Pipeline->Illuminate/Pipeline/{closure}(Object(Illuminate/Http/Request))
#18 C:/Users/DELL/Downloads/Parking-Finder2-stage3-auth-flow/vendor/laravel/framework/src/Illuminate/Pipeline/Pipeline.php(219): Illuminate/View/Middleware/ShareErrorsFromSession->handle(Object(Illuminate/Http/Request), Object(Closure))
#19 C:/Users/DELL/Downloads/Parking-Finder2-stage3-auth-flow/vendor/laravel/framework/src/Illuminate/Session/Middleware/StartSession.php(120): Illuminate/Pipeline/Pipeline->Illuminate/Pipeline/{closure}(Object(Illuminate/Http/Request))
#20 C:/Users/DELL/Downloads/Parking-Finder2-stage3-auth-flow/vendor/laravel/framework/src/Illuminate/Session/Middleware/StartSession.php(63): Illuminate/Session/Middleware/StartSession->handleStatefulRequest(Object(Illuminate/Http/Request), Object(Illuminate/Session/Store), Object(Closure))
#21 C:/Users/DELL/Downloads/Parking-Finder2-stage3-auth-flow/vendor/laravel/framework/src/Illuminate/Pipeline/Pipeline.php(219): Illuminate/Session/Middleware/StartSession->handle(Object(Illuminate/Http/Request), Object(Closure))
#22 C:/Users/DELL/Downloads/Parking-Finder2-stage3-auth-flow/vendor/laravel/framework/src/Illuminate/Cookie/Middleware/AddQueuedCookiesToResponse.php(36): Illuminate/Pipeline/Pipeline->Illuminate/Pipeline/{closure}(Object(Illuminate/Http/Request))
#23 C:/Users/DELL/Downloads/Parking-Finder2-stage3-auth-flow/vendor/laravel/framework/src/Illuminate/Pipeline/Pipeline.php(219): Illuminate/Cookie/Middleware/AddQueuedCookiesToResponse->handle(Object(Illuminate/Http/Request), Object(Closure))
#24 C:/Users/DELL/Downloads/Parking-Finder2-stage3-auth-flow/vendor/laravel/framework/src/Illuminate/Cookie/Middleware/EncryptCookies.php(74): Illuminate/Pipeline/Pipeline->Illuminate/Pipeline/{closure}(Object(Illuminate/Http/Request))
#25 C:/Users/DELL/Downloads/Parking-Finder2-stage3-auth-flow/vendor/laravel/framework/src/Illuminate/Pipeline/Pipeline.php(219): Illuminate/Cookie/Middleware/EncryptCookies->handle(Object(Illuminate/Http/Request), Object(Closure))
#26 C:/Users/DELL/Downloads/Parking-Finder2-stage3-auth-flow/vendor/laravel/framework/src/Illuminate/Pipeline/Pipeline.php(137): Illuminate/Pipeline/Pipeline->Illuminate/Pipeline/{closure}(Object(Illuminate/Http/Request))
#27 C:/Users/DELL/Downloads/Parking-Finder2-stage3-auth-flow/vendor/laravel/framework/src/Illuminate/Routing/Router.php(821): Illuminate/Pipeline/Pipeline->then(Object(Closure))
#28 C:/Users/DELL/Downloads/Parking-Finder2-stage3-auth-flow/vendor/laravel/framework/src/Illuminate/Routing/Router.php(800): Illuminate/Routing/Router->runRouteWithinStack(Object(Illuminate/Routing/Route), Object(Illuminate/Http/Request))
#29 C:/Users/DELL/Downloads/Parking-Finder2-stage3-auth-flow/vendor/laravel/framework/src/Illuminate/Routing/Router.php(764): Illuminate/Routing/Router->runRoute(Object(Illuminate/Http/Request), Object(Illuminate/Routing/Route))
#30 C:/Users/DELL/Downloads/Parking-Finder2-stage3-auth-flow/vendor/laravel/framework/src/Illuminate/Routing/Router.php(753): Illuminate/Routing/Router->dispatchToRoute(Object(Illuminate/Http/Request))
#31 C:/Users/DELL/Downloads/Parking-Finder2-stage3-auth-flow/vendor/laravel/framework/src/Illuminate/Foundation/Http/Kernel.php(200): Illuminate/Routing/Router->dispatch(Object(Illuminate/Http/Request))
#32 C:/Users/DELL/Downloads/Parking-Finder2-stage3-auth-flow/vendor/laravel/framework/src/Illuminate/Pipeline/Pipeline.php(180): Illuminate/Foundation/Http/Kernel->Illuminate/Foundation/Http/{closure}(Object(Illuminate/Http/Request))
#33 C:/Users/DELL/Downloads/Parking-Finder2-stage3-auth-flow/vendor/laravel/framework/src/Illuminate/Foundation/Http/Middleware/TransformsRequest.php(21): Illuminate/Pipeline/Pipeline->Illuminate/Pipeline/{closure}(Object(Illuminate/Http/Request))
#34 C:/Users/DELL/Downloads/Parking-Finder2-stage3-auth-flow/vendor/laravel/framework/src/Illuminate/Foundation/Http/Middleware/ConvertEmptyStringsToNull.php(31): Illuminate/Foundation/Http/Middleware/TransformsRequest->handle(Object(Illuminate/Http/Request), Object(Closure))
#35 C:/Users/DELL/Downloads/Parking-Finder2-stage3-auth-flow/vendor/laravel/framework/src/Illuminate/Pipeline/Pipeline.php(219): Illuminate/Foundation/Http/Middleware/ConvertEmptyStringsToNull->handle(Object(Illuminate/Http/Request), Object(Closure))
#36 C:/Users/DELL/Downloads/Parking-Finder2-stage3-auth-flow/vendor/laravel/framework/src/Illuminate/Foundation/Http/Middleware/TransformsRequest.php(21): Illuminate/Pipeline/Pipeline->Illuminate/Pipeline/{closure}(Object(Illuminate/Http/Request))
#37 C:/Users/DELL/Downloads/Parking-Finder2-stage3-auth-flow/vendor/laravel/framework/src/Illuminate/Foundation/Http/Middleware/TrimStrings.php(51): Illuminate/Foundation/Http/Middleware/TransformsRequest->handle(Object(Illuminate/Http/Request), Object(Closure))
#38 C:/Users/DELL/Downloads/Parking-Finder2-stage3-auth-flow/vendor/laravel/framework/src/Illuminate/Pipeline/Pipeline.php(219): Illuminate/Foundation/Http/Middleware/TrimStrings->handle(Object(Illuminate/Http/Request), Object(Closure))
#39 C:/Users/DELL/Downloads/Parking-Finder2-stage3-auth-flow/vendor/laravel/framework/src/Illuminate/Http/Middleware/ValidatePostSize.php(27): Illuminate/Pipeline/Pipeline->Illuminate/Pipeline/{closure}(Object(Illuminate/Http/Request))
#40 C:/Users/DELL/Downloads/Parking-Finder2-stage3-auth-flow/vendor/laravel/framework/src/Illuminate/Pipeline/Pipeline.php(219): Illuminate/Http/Middleware/ValidatePostSize->handle(Object(Illuminate/Http/Request), Object(Closure))
#41 C:/Users/DELL/Downloads/Parking-Finder2-stage3-auth-flow/vendor/laravel/framework/src/Illuminate/Foundation/Http/Middleware/PreventRequestsDuringMaintenance.php(109): Illuminate/Pipeline/Pipeline->Illuminate/Pipeline/{closure}(Object(Illuminate/Http/Request))
#42 C:/Users/DELL/Downloads/Parking-Finder2-stage3-auth-flow/vendor/laravel/framework/src/Illuminate/Pipeline/Pipeline.php(219): Illuminate/Foundation/Http/Middleware/PreventRequestsDuringMaintenance->handle(Object(Illuminate/Http/Request), Object(Closure))
#43 C:/Users/DELL/Downloads/Parking-Finder2-stage3-auth-flow/vendor/laravel/framework/src/Illuminate/Http/Middleware/HandleCors.php(48): Illuminate/Pipeline/Pipeline->Illuminate/Pipeline/{closure}(Object(Illuminate/Http/Request))
#44 C:/Users/DELL/Downloads/Parking-Finder2-stage3-auth-flow/vendor/laravel/framework/src/Illuminate/Pipeline/Pipeline.php(219): Illuminate/Http/Middleware/HandleCors->handle(Object(Illuminate/Http/Request), Object(Closure))
#45 C:/Users/DELL/Downloads/Parking-Finder2-stage3-auth-flow/vendor/laravel/framework/src/Illuminate/Http/Middleware/TrustProxies.php(58): Illuminate/Pipeline/Pipeline->Illuminate/Pipeline/{closure}(Object(Illuminate/Http/Request))
#46 C:/Users/DELL/Downloads/Parking-Finder2-stage3-auth-flow/vendor/laravel/framework/src/Illuminate/Pipeline/Pipeline.php(219): Illuminate/Http/Middleware/TrustProxies->handle(Object(Illuminate/Http/Request), Object(Closure))
#47 C:/Users/DELL/Downloads/Parking-Finder2-stage3-auth-flow/vendor/laravel/framework/src/Illuminate/Foundation/Http/Middleware/InvokeDeferredCallbacks.php(22): Illuminate/Pipeline/Pipeline->Illuminate/Pipeline/{closure}(Object(Illuminate/Http/Request))
#48 C:/Users/DELL/Downloads/Parking-Finder2-stage3-auth-flow/vendor/laravel/framework/src/Illuminate/Pipeline/Pipeline.php(219): Illuminate/Foundation/Http/Middleware/InvokeDeferredCallbacks->handle(Object(Illuminate/Http/Request), Object(Closure))
#49 C:/Users/DELL/Downloads/Parking-Finder2-stage3-auth-flow/vendor/laravel/framework/src/Illuminate/Http/Middleware/ValidatePathEncoding.php(26): Illuminate/Pipeline/Pipeline->Illuminate/Pipeline/{closure}(Object(Illuminate/Http/Request))
#50 C:/Users/DELL/Downloads/Parking-Finder2-stage3-auth-flow/vendor/laravel/framework/src/Illuminate/Pipeline/Pipeline.php(219): Illuminate/Http/Middleware/ValidatePathEncoding->handle(Object(Illuminate/Http/Request), Object(Closure))
#51 C:/Users/DELL/Downloads/Parking-Finder2-stage3-auth-flow/vendor/laravel/framework/src/Illuminate/Pipeline/Pipeline.php(137): Illuminate/Pipeline/Pipeline->Illuminate/Pipeline/{closure}(Object(Illuminate/Http/Request))
#52 C:/Users/DELL/Downloads/Parking-Finder2-stage3-auth-flow/vendor/laravel/framework/src/Illuminate/Foundation/Http/Kernel.php(175): Illuminate/Pipeline/Pipeline->then(Object(Closure))
#53 C:/Users/DELL/Downloads/Parking-Finder2-stage3-auth-flow/vendor/laravel/framework/src/Illuminate/Foundation/Http/Kernel.php(144): Illuminate/Foundation/Http/Kernel->sendRequestThroughRouter(Object(Illuminate/Http/Request))
#54 C:/Users/DELL/Downloads/Parking-Finder2-stage3-auth-flow/vendor/laravel/framework/src/Illuminate/Foundation/Application.php(1220): Illuminate/Foundation/Http/Kernel->handle(Object(Illuminate/Http/Request))
#55 C:/Users/DELL/Downloads/Parking-Finder2-stage3-auth-flow/public/index.php(20): Illuminate/Foundation/Application->handleRequest(Object(Illuminate/Http/Request))
#56 C:/Users/DELL/Downloads/Parking-Finder2-stage3-auth-flow/vendor/laravel/framework/src/Illuminate/Foundation/resources/server.php(23): require_once('C://Users//DELL//D...')
#57 {main}

[previous exception] [object] (ErrorException(code: 0): Undefined variable $s at C:/Users/DELL/Downloads/Parking-Finder2-stage3-auth-flow/storage/framework/views/f049885aa0605f64bc717ee00702917b.php:63)
[stacktrace]
#0 C:/Users/DELL/Downloads/Parking-Finder2-stage3-auth-flow/vendor/laravel/framework/src/Illuminate/Foundation/Bootstrap/HandleExceptions.php(258): Illuminate/Foundation/Bootstrap/HandleExceptions->handleError(2, 'Undefined varia...', 'C://Users//DELL//D...', 63)
#1 C:/Users/DELL/Downloads/Parking-Finder2-stage3-auth-flow/storage/framework/views/f049885aa0605f64bc717ee00702917b.php(63): Illuminate/Foundation/Bootstrap/HandleExceptions->Illuminate/Foundation/Bootstrap/{closure}(2, 'Undefined varia...', 'C://Users//DELL//D...', 63)
#2 C:/Users/DELL/Downloads/Parking-Finder2-stage3-auth-flow/vendor/laravel/framework/src/Illuminate/Filesystem/Filesystem.php(123): require('C://Users//DELL//D...')
#3 C:/Users/DELL/Downloads/Parking-Finder2-stage3-auth-flow/vendor/laravel/framework/src/Illuminate/Filesystem/Filesystem.php(124): Illuminate/Filesystem/Filesystem::Illuminate/Filesystem/{closure}()
#4 C:/Users/DELL/Downloads/Parking-Finder2-stage3-auth-flow/vendor/laravel/framework/src/Illuminate/View/Engines/PhpEngine.php(57): Illuminate/Filesystem/Filesystem->getRequire('C://Users//DELL//D...', Array)
#5 C:/Users/DELL/Downloads/Parking-Finder2-stage3-auth-flow/vendor/laravel/framework/src/Illuminate/View/Engines/CompilerEngine.php(76): Illuminate/View/Engines/PhpEngine->evaluatePath('C://Users//DELL//D...', Array)
#6 C:/Users/DELL/Downloads/Parking-Finder2-stage3-auth-flow/vendor/laravel/framework/src/Illuminate/View/View.php(208): Illuminate/View/Engines/CompilerEngine->get('C://Users//DELL//D...', Array)
#7 C:/Users/DELL/Downloads/Parking-Finder2-stage3-auth-flow/vendor/laravel/framework/src/Illuminate/View/View.php(191): Illuminate/View/View->getContents()
#8 C:/Users/DELL/Downloads/Parking-Finder2-stage3-auth-flow/vendor/laravel/framework/src/Illuminate/View/View.php(160): Illuminate/View/View->renderContents()
#9 C:/Users/DELL/Downloads/Parking-Finder2-stage3-auth-flow/vendor/laravel/framework/src/Illuminate/Http/Response.php(78): Illuminate/View/View->render()
#10 C:/Users/DELL/Downloads/Parking-Finder2-stage3-auth-flow/vendor/laravel/framework/src/Illuminate/Http/Response.php(34): Illuminate/Http/Response->setContent(Object(Illuminate/View/View))
#11 C:/Users/DELL/Downloads/Parking-Finder2-stage3-auth-flow/vendor/laravel/framework/src/Illuminate/Routing/Router.php(939): Illuminate/Http/Response->__construct(Object(Illuminate/View/View), 200, Array)
#12 C:/Users/DELL/Downloads/Parking-Finder2-stage3-auth-flow/vendor/laravel/framework/src/Illuminate/Routing/Router.php(906): Illuminate/Routing/Router::toResponse(Object(Illuminate/Http/Request), Object(Illuminate/View/View))
#13 C:/Users/DELL/Downloads/Parking-Finder2-stage3-auth-flow/vendor/laravel/framework/src/Illuminate/Routing/Router.php(821): Illuminate/Routing/Router->prepareResponse(Object(Illuminate/Http/Request), Object(Illuminate/View/View))
#14 C:/Users/DELL/Downloads/Parking-Finder2-stage3-auth-flow/vendor/laravel/framework/src/Illuminate/Pipeline/Pipeline.php(180): Illuminate/Routing/Router->Illuminate/Routing/{closure}(Object(Illuminate/Http/Request))
#15 C:/Users/DELL/Downloads/Parking-Finder2-stage3-auth-flow/app/Http/Middleware/NotAdminMiddleware.php(18): Illuminate/Pipeline/Pipeline->Illuminate/Pipeline/{closure}(Object(Illuminate/Http/Request))
#16 C:/Users/DELL/Downloads/Parking-Finder2-stage3-auth-flow/vendor/laravel/framework/src/Illuminate/Pipeline/Pipeline.php(219): App/Http/Middleware/NotAdminMiddleware->handle(Object(Illuminate/Http/Request), Object(Closure))
#17 C:/Users/DELL/Downloads/Parking-Finder2-stage3-auth-flow/vendor/laravel/framework/src/Illuminate/Routing/Middleware/SubstituteBindings.php(50): Illuminate/Pipeline/Pipeline->Illuminate/Pipeline/{closure}(Object(Illuminate/Http/Request))
#18 C:/Users/DELL/Downloads/Parking-Finder2-stage3-auth-flow/vendor/laravel/framework/src/Illuminate/Pipeline/Pipeline.php(219): Illuminate/Routing/Middleware/SubstituteBindings->handle(Object(Illuminate/Http/Request), Object(Closure))
#19 C:/Users/DELL/Downloads/Parking-Finder2-stage3-auth-flow/vendor/laravel/framework/src/Illuminate/Foundation/Http/Middleware/VerifyCsrfToken.php(87): Illuminate/Pipeline/Pipeline->Illuminate/Pipeline/{closure}(Object(Illuminate/Http/Request))
#20 C:/Users/DELL/Downloads/Parking-Finder2-stage3-auth-flow/vendor/laravel/framework/src/Illuminate/Pipeline/Pipeline.php(219): Illuminate/Foundation/Http/Middleware/VerifyCsrfToken->handle(Object(Illuminate/Http/Request), Object(Closure))
#21 C:/Users/DELL/Downloads/Parking-Finder2-stage3-auth-flow/vendor/laravel/framework/src/Illuminate/View/Middleware/ShareErrorsFromSession.php(48): Illuminate/Pipeline/Pipeline->Illuminate/Pipeline/{closure}(Object(Illuminate/Http/Request))
#22 C:/Users/DELL/Downloads/Parking-Finder2-stage3-auth-flow/vendor/laravel/framework/src/Illuminate/Pipeline/Pipeline.php(219): Illuminate/View/Middleware/ShareErrorsFromSession->handle(Object(Illuminate/Http/Request), Object(Closure))
#23 C:/Users/DELL/Downloads/Parking-Finder2-stage3-auth-flow/vendor/laravel/framework/src/Illuminate/Session/Middleware/StartSession.php(120): Illuminate/Pipeline/Pipeline->Illuminate/Pipeline/{closure}(Object(Illuminate/Http/Request))
#24 C:/Users/DELL/Downloads/Parking-Finder2-stage3-auth-flow/vendor/laravel/framework/src/Illuminate/Session/Middleware/StartSession.php(63): Illuminate/Session/Middleware/StartSession->handleStatefulRequest(Object(Illuminate/Http/Request), Object(Illuminate/Session/Store), Object(Closure))
#25 C:/Users/DELL/Downloads/Parking-Finder2-stage3-auth-flow/vendor/laravel/framework/src/Illuminate/Pipeline/Pipeline.php(219): Illuminate/Session/Middleware/StartSession->handle(Object(Illuminate/Http/Request), Object(Closure))
#26 C:/Users/DELL/Downloads/Parking-Finder2-stage3-auth-flow/vendor/laravel/framework/src/Illuminate/Cookie/Middleware/AddQueuedCookiesToResponse.php(36): Illuminate/Pipeline/Pipeline->Illuminate/Pipeline/{closure}(Object(Illuminate/Http/Request))
#27 C:/Users/DELL/Downloads/Parking-Finder2-stage3-auth-flow/vendor/laravel/framework/src/Illuminate/Pipeline/Pipeline.php(219): Illuminate/Cookie/Middleware/AddQueuedCookiesToResponse->handle(Object(Illuminate/Http/Request), Object(Closure))
#28 C:/Users/DELL/Downloads/Parking-Finder2-stage3-auth-flow/vendor/laravel/framework/src/Illuminate/Cookie/Middleware/EncryptCookies.php(74): Illuminate/Pipeline/Pipeline->Illuminate/Pipeline/{closure}(Object(Illuminate/Http/Request))
#29 C:/Users/DELL/Downloads/Parking-Finder2-stage3-auth-flow/vendor/laravel/framework/src/Illuminate/Pipeline/Pipeline.php(219): Illuminate/Cookie/Middleware/EncryptCookies->handle(Object(Illuminate/Http/Request), Object(Closure))
#30 C:/Users/DELL/Downloads/Parking-Finder2-stage3-auth-flow/vendor/laravel/framework/src/Illuminate/Pipeline/Pipeline.php(137): Illuminate/Pipeline/Pipeline->Illuminate/Pipeline/{closure}(Object(Illuminate/Http/Request))
#31 C:/Users/DELL/Downloads/Parking-Finder2-stage3-auth-flow/vendor/laravel/framework/src/Illuminate/Routing/Router.php(821): Illuminate/Pipeline/Pipeline->then(Object(Closure))
#32 C:/Users/DELL/Downloads/Parking-Finder2-stage3-auth-flow/vendor/laravel/framework/src/Illuminate/Routing/Router.php(800): Illuminate/Routing/Router->runRouteWithinStack(Object(Illuminate/Routing/Route), Object(Illuminate/Http/Request))
#33 C:/Users/DELL/Downloads/Parking-Finder2-stage3-auth-flow/vendor/laravel/framework/src/Illuminate/Routing/Router.php(764): Illuminate/Routing/Router->runRoute(Object(Illuminate/Http/Request), Object(Illuminate/Routing/Route))
#34 C:/Users/DELL/Downloads/Parking-Finder2-stage3-auth-flow/vendor/laravel/framework/src/Illuminate/Routing/Router.php(753): Illuminate/Routing/Router->dispatchToRoute(Object(Illuminate/Http/Request))
#35 C:/Users/DELL/Downloads/Parking-Finder2-stage3-auth-flow/vendor/laravel/framework/src/Illuminate/Foundation/Http/Kernel.php(200): Illuminate/Routing/Router->dispatch(Object(Illuminate/Http/Request))
#36 C:/Users/DELL/Downloads/Parking-Finder2-stage3-auth-flow/vendor/laravel/framework/src/Illuminate/Pipeline/Pipeline.php(180): Illuminate/Foundation/Http/Kernel->Illuminate/Foundation/Http/{closure}(Object(Illuminate/Http/Request))
#37 C:/Users/DELL/Downloads/Parking-Finder2-stage3-auth-flow/vendor/laravel/framework/src/Illuminate/Foundation/Http/Middleware/TransformsRequest.php(21): Illuminate/Pipeline/Pipeline->Illuminate/Pipeline/{closure}(Object(Illuminate/Http/Request))
#38 C:/Users/DELL/Downloads/Parking-Finder2-stage3-auth-flow/vendor/laravel/framework/src/Illuminate/Foundation/Http/Middleware/ConvertEmptyStringsToNull.php(31): Illuminate/Foundation/Http/Middleware/TransformsRequest->handle(Object(Illuminate/Http/Request), Object(Closure))
#39 C:/Users/DELL/Downloads/Parking-Finder2-stage3-auth-flow/vendor/laravel/framework/src/Illuminate/Pipeline/Pipeline.php(219): Illuminate/Foundation/Http/Middleware/ConvertEmptyStringsToNull->handle(Object(Illuminate/Http/Request), Object(Closure))
#40 C:/Users/DELL/Downloads/Parking-Finder2-stage3-auth-flow/vendor/laravel/framework/src/Illuminate/Foundation/Http/Middleware/TransformsRequest.php(21): Illuminate/Pipeline/Pipeline->Illuminate/Pipeline/{closure}(Object(Illuminate/Http/Request))
#41 C:/Users/DELL/Downloads/Parking-Finder2-stage3-auth-flow/vendor/laravel/framework/src/Illuminate/Foundation/Http/Middleware/TrimStrings.php(51): Illuminate/Foundation/Http/Middleware/TransformsRequest->handle(Object(Illuminate/Http/Request), Object(Closure))
#42 C:/Users/DELL/Downloads/Parking-Finder2-stage3-auth-flow/vendor/laravel/framework/src/Illuminate/Pipeline/Pipeline.php(219): Illuminate/Foundation/Http/Middleware/TrimStrings->handle(Object(Illuminate/Http/Request), Object(Closure))
#43 C:/Users/DELL/Downloads/Parking-Finder2-stage3-auth-flow/vendor/laravel/framework/src/Illuminate/Http/Middleware/ValidatePostSize.php(27): Illuminate/Pipeline/Pipeline->Illuminate/Pipeline/{closure}(Object(Illuminate/Http/Request))
#44 C:/Users/DELL/Downloads/Parking-Finder2-stage3-auth-flow/vendor/laravel/framework/src/Illuminate/Pipeline/Pipeline.php(219): Illuminate/Http/Middleware/ValidatePostSize->handle(Object(Illuminate/Http/Request), Object(Closure))
#45 C:/Users/DELL/Downloads/Parking-Finder2-stage3-auth-flow/vendor/laravel/framework/src/Illuminate/Foundation/Http/Middleware/PreventRequestsDuringMaintenance.php(109): Illuminate/Pipeline/Pipeline->Illuminate/Pipeline/{closure}(Object(Illuminate/Http/Request))
#46 C:/Users/DELL/Downloads/Parking-Finder2-stage3-auth-flow/vendor/laravel/framework/src/Illuminate/Pipeline/Pipeline.php(219): Illuminate/Foundation/Http/Middleware/PreventRequestsDuringMaintenance->handle(Object(Illuminate/Http/Request), Object(Closure))
#47 C:/Users/DELL/Downloads/Parking-Finder2-stage3-auth-flow/vendor/laravel/framework/src/Illuminate/Http/Middleware/HandleCors.php(48): Illuminate/Pipeline/Pipeline->Illuminate/Pipeline/{closure}(Object(Illuminate/Http/Request))
#48 C:/Users/DELL/Downloads/Parking-Finder2-stage3-auth-flow/vendor/laravel/framework/src/Illuminate/Pipeline/Pipeline.php(219): Illuminate/Http/Middleware/HandleCors->handle(Object(Illuminate/Http/Request), Object(Closure))
#49 C:/Users/DELL/Downloads/Parking-Finder2-stage3-auth-flow/vendor/laravel/framework/src/Illuminate/Http/Middleware/TrustProxies.php(58): Illuminate/Pipeline/Pipeline->Illuminate/Pipeline/{closure}(Object(Illuminate/Http/Request))
#50 C:/Users/DELL/Downloads/Parking-Finder2-stage3-auth-flow/vendor/laravel/framework/src/Illuminate/Pipeline/Pipeline.php(219): Illuminate/Http/Middleware/TrustProxies->handle(Object(Illuminate/Http/Request), Object(Closure))
#51 C:/Users/DELL/Downloads/Parking-Finder2-stage3-auth-flow/vendor/laravel/framework/src/Illuminate/Foundation/Http/Middleware/InvokeDeferredCallbacks.php(22): Illuminate/Pipeline/Pipeline->Illuminate/Pipeline/{closure}(Object(Illuminate/Http/Request))
#52 C:/Users/DELL/Downloads/Parking-Finder2-stage3-auth-flow/vendor/laravel/framework/src/Illuminate/Pipeline/Pipeline.php(219): Illuminate/Foundation/Http/Middleware/InvokeDeferredCallbacks->handle(Object(Illuminate/Http/Request), Object(Closure))
#53 C:/Users/DELL/Downloads/Parking-Finder2-stage3-auth-flow/vendor/laravel/framework/src/Illuminate/Http/Middleware/ValidatePathEncoding.php(26): Illuminate/Pipeline/Pipeline->Illuminate/Pipeline/{closure}(Object(Illuminate/Http/Request))
#54 C:/Users/DELL/Downloads/Parking-Finder2-stage3-auth-flow/vendor/laravel/framework/src/Illuminate/Pipeline/Pipeline.php(219): Illuminate/Http/Middleware/ValidatePathEncoding->handle(Object(Illuminate/Http/Request), Object(Closure))
#55 C:/Users/DELL/Downloads/Parking-Finder2-stage3-auth-flow/vendor/laravel/framework/src/Illuminate/Pipeline/Pipeline.php(137): Illuminate/Pipeline/Pipeline->Illuminate/Pipeline/{closure}(Object(Illuminate/Http/Request))
#56 C:/Users/DELL/Downloads/Parking-Finder2-stage3-auth-flow/vendor/laravel/framework/src/Illuminate/Foundation/Http/Kernel.php(175): Illuminate/Pipeline/Pipeline->then(Object(Closure))
#57 C:/Users/DELL/Downloads/Parking-Finder2-stage3-auth-flow/vendor/laravel/framework/src/Illuminate/Foundation/Http/Kernel.php(144): Illuminate/Foundation/Http/Kernel->sendRequestThroughRouter(Object(Illuminate/Http/Request))
#58 C:/Users/DELL/Downloads/Parking-Finder2-stage3-auth-flow/vendor/laravel/framework/src/Illuminate/Foundation/Application.php(1220): Illuminate/Foundation/Http/Kernel->handle(Object(Illuminate/Http/Request))
#59 C:/Users/DELL/Downloads/Parking-Finder2-stage3-auth-flow/public/index.php(20): Illuminate/Foundation/Application->handleRequest(Object(Illuminate/Http/Request))
#60 C:/Users/DELL/Downloads/Parking-Finder2-stage3-auth-flow/vendor/laravel/framework/src/Illuminate/Foundation/resources/server.php(23): require_once('C://Users//DELL//D...')
#61 {main}
"} 
[2026-01-23 18:59:47] local.ERROR: SQLSTATE[HY000] [2002] No connection could be made because the target machine actively refused it (Connection: mysql, Host: 127.0.0.1, Port: 3306, Database: laravel, SQL: select * from `sessions` where `id` = cBeVAHrN42IWjgK9TrGlQvMujkrkNjRSwFeyHG6s limit 1) {"exception":"[object] (Illuminate\\Database\\QueryException(code: 2002): SQLSTATE[HY000] [2002] No connection could be made because the target machine actively refused it (Connection: mysql, Host: 127.0.0.1, Port: 3306, Database: laravel, SQL: select * from `sessions` where `id` = cBeVAHrN42IWjgK9TrGlQvMujkrkNjRSwFeyHG6s limit 1) at C:/Users/DELL/Downloads/Parking-Finder2-stage3-auth-flow/vendor/laravel/framework/src/Illuminate/Database/Connection.php:831)
[stacktrace]
#0 C:/Users/DELL/Downloads/Parking-Finder2-stage3-auth-flow/vendor/laravel/framework/src/Illuminate/Database/Connection.php(992): Illuminate/Database/Connection->runQueryCallback('select * from `...', Array, Object(Closure))
#1 C:/Users/DELL/Downloads/Parking-Finder2-stage3-auth-flow/vendor/laravel/framework/src/Illuminate/Database/Connection.php(971): Illuminate/Database/Connection->tryAgainIfCausedByLostConnection(Object(Illuminate/Database/QueryException), 'select * from `...', Array, Object(Closure))
#2 C:/Users/DELL/Downloads/Parking-Finder2-stage3-auth-flow/vendor/laravel/framework/src/Illuminate/Database/Connection.php(789): Illuminate/Database/Connection->handleQueryException(Object(Illuminate/Database/QueryException), 'select * from `...', Array, Object(Closure))
#3 C:/Users/DELL/Downloads/Parking-Finder2-stage3-auth-flow/vendor/laravel/framework/src/Illuminate/Database/Connection.php(404): Illuminate/Database/Connection->run('select * from `...', Array, Object(Closure))
#4 C:/Users/DELL/Downloads/Parking-Finder2-stage3-auth-flow/vendor/laravel/framework/src/Illuminate/Database/Query/Builder.php(3232): Illuminate/Database/Connection->select('select * from `...', Array, false)
#5 C:/Users/DELL/Downloads/Parking-Finder2-stage3-auth-flow/vendor/laravel/framework/src/Illuminate/Database/Query/Builder.php(3217): Illuminate/Database/Query/Builder->runSelect()
#6 C:/Users/DELL/Downloads/Parking-Finder2-stage3-auth-flow/vendor/laravel/framework/src/Illuminate/Database/Query/Builder.php(3807): Illuminate/Database/Query/Builder->Illuminate/Database/Query/{closure}()
#7 C:/Users/DELL/Downloads/Parking-Finder2-stage3-auth-flow/vendor/laravel/framework/src/Illuminate/Database/Query/Builder.php(3216): Illuminate/Database/Query/Builder->onceWithColumns(Array, Object(Closure))
#8 C:/Users/DELL/Downloads/Parking-Finder2-stage3-auth-flow/vendor/laravel/framework/src/Illuminate/Database/Concerns/BuildsQueries.php(366): Illuminate/Database/Query/Builder->get(Array)
#9 C:/Users/DELL/Downloads/Parking-Finder2-stage3-auth-flow/vendor/laravel/framework/src/Illuminate/Database/Query/Builder.php(3139): Illuminate/Database/Query/Builder->first(Array)
#10 C:/Users/DELL/Downloads/Parking-Finder2-stage3-auth-flow/vendor/laravel/framework/src/Illuminate/Session/DatabaseSessionHandler.php(96): Illuminate/Database/Query/Builder->find('cBeVAHrN42IWjgK...')
#11 C:/Users/DELL/Downloads/Parking-Finder2-stage3-auth-flow/vendor/laravel/framework/src/Illuminate/Session/Store.php(126): Illuminate/Session/DatabaseSessionHandler->read('cBeVAHrN42IWjgK...')
#12 C:/Users/DELL/Downloads/Parking-Finder2-stage3-auth-flow/vendor/laravel/framework/src/Illuminate/Session/Store.php(114): Illuminate/Session/Store->readFromHandler()
#13 C:/Users/DELL/Downloads/Parking-Finder2-stage3-auth-flow/vendor/laravel/framework/src/Illuminate/Session/Store.php(98): Illuminate/Session/Store->loadSession()
#14 C:/Users/DELL/Downloads/Parking-Finder2-stage3-auth-flow/vendor/laravel/framework/src/Illuminate/Session/Middleware/StartSession.php(146): Illuminate/Session/Store->start()
#15 C:/Users/DELL/Downloads/Parking-Finder2-stage3-auth-flow/vendor/laravel/framework/src/Illuminate/Support/helpers.php(390): Illuminate/Session/Middleware/StartSession->Illuminate/Session/Middleware/{closure}(Object(Illuminate/Session/Store))
#16 C:/Users/DELL/Downloads/Parking-Finder2-stage3-auth-flow/vendor/laravel/framework/src/Illuminate/Session/Middleware/StartSession.php(143): tap(Object(Illuminate/Session/Store), Object(Closure))
#17 C:/Users/DELL/Downloads/Parking-Finder2-stage3-auth-flow/vendor/laravel/framework/src/Illuminate/Session/Middleware/StartSession.php(115): Illuminate/Session/Middleware/StartSession->startSession(Object(Illuminate/Http/Request), Object(Illuminate/Session/Store))
#18 C:/Users/DELL/Downloads/Parking-Finder2-stage3-auth-flow/vendor/laravel/framework/src/Illuminate/Session/Middleware/StartSession.php(63): Illuminate/Session/Middleware/StartSession->handleStatefulRequest(Object(Illuminate/Http/Request), Object(Illuminate/Session/Store), Object(Closure))
#19 C:/Users/DELL/Downloads/Parking-Finder2-stage3-auth-flow/vendor/laravel/framework/src/Illuminate/Pipeline/Pipeline.php(219): Illuminate/Session/Middleware/StartSession->handle(Object(Illuminate/Http/Request), Object(Closure))
#20 C:/Users/DELL/Downloads/Parking-Finder2-stage3-auth-flow/vendor/laravel/framework/src/Illuminate/Cookie/Middleware/AddQueuedCookiesToResponse.php(36): Illuminate/Pipeline/Pipeline->Illuminate/Pipeline/{closure}(Object(Illuminate/Http/Request))
#21 C:/Users/DELL/Downloads/Parking-Finder2-stage3-auth-flow/vendor/laravel/framework/src/Illuminate/Pipeline/Pipeline.php(219): Illuminate/Cookie/Middleware/AddQueuedCookiesToResponse->handle(Object(Illuminate/Http/Request), Object(Closure))
#22 C:/Users/DELL/Downloads/Parking-Finder2-stage3-auth-flow/vendor/laravel/framework/src/Illuminate/Cookie/Middleware/EncryptCookies.php(74): Illuminate/Pipeline/Pipeline->Illuminate/Pipeline/{closure}(Object(Illuminate/Http/Request))
#23 C:/Users/DELL/Downloads/Parking-Finder2-stage3-auth-flow/vendor/laravel/framework/src/Illuminate/Pipeline/Pipeline.php(219): Illuminate/Cookie/Middleware/EncryptCookies->handle(Object(Illuminate/Http/Request), Object(Closure))
#24 C:/Users/DELL/Downloads/Parking-Finder2-stage3-auth-flow/vendor/laravel/framework/src/Illuminate/Pipeline/Pipeline.php(137): Illuminate/Pipeline/Pipeline->Illuminate/Pipeline/{closure}(Object(Illuminate/Http/Request))
#25 C:/Users/DELL/Downloads/Parking-Finder2-stage3-auth-flow/vendor/laravel/framework/src/Illuminate/Routing/Router.php(821): Illuminate/Pipeline/Pipeline->then(Object(Closure))
#26 C:/Users/DELL/Downloads/Parking-Finder2-stage3-auth-flow/vendor/laravel/framework/src/Illuminate/Routing/Router.php(800): Illuminate/Routing/Router->runRouteWithinStack(Object(Illuminate/Routing/Route), Object(Illuminate/Http/Request))
#27 C:/Users/DELL/Downloads/Parking-Finder2-stage3-auth-flow/vendor/laravel/framework/src/Illuminate/Routing/Router.php(764): Illuminate/Routing/Router->runRoute(Object(Illuminate/Http/Request), Object(Illuminate/Routing/Route))
#28 C:/Users/DELL/Downloads/Parking-Finder2-stage3-auth-flow/vendor/laravel/framework/src/Illuminate/Routing/Router.php(753): Illuminate/Routing/Router->dispatchToRoute(Object(Illuminate/Http/Request))
#29 C:/Users/DELL/Downloads/Parking-Finder2-stage3-auth-flow/vendor/laravel/framework/src/Illuminate/Foundation/Http/Kernel.php(200): Illuminate/Routing/Router->dispatch(Object(Illuminate/Http/Request))
#30 C:/Users/DELL/Downloads/Parking-Finder2-stage3-auth-flow/vendor/laravel/framework/src/Illuminate/Pipeline/Pipeline.php(180): Illuminate/Foundation/Http/Kernel->Illuminate/Foundation/Http/{closure}(Object(Illuminate/Http/Request))
#31 C:/Users/DELL/Downloads/Parking-Finder2-stage3-auth-flow/vendor/laravel/framework/src/Illuminate/Foundation/Http/Middleware/TransformsRequest.php(21): Illuminate/Pipeline/Pipeline->Illuminate/Pipeline/{closure}(Object(Illuminate/Http/Request))
#32 C:/Users/DELL/Downloads/Parking-Finder2-stage3-auth-flow/vendor/laravel/framework/src/Illuminate/Foundation/Http/Middleware/ConvertEmptyStringsToNull.php(31): Illuminate/Foundation/Http/Middleware/TransformsRequest->handle(Object(Illuminate/Http/Request), Object(Closure))
#33 C:/Users/DELL/Downloads/Parking-Finder2-stage3-auth-flow/vendor/laravel/framework/src/Illuminate/Pipeline/Pipeline.php(219): Illuminate/Foundation/Http/Middleware/ConvertEmptyStringsToNull->handle(Object(Illuminate/Http/Request), Object(Closure))
#34 C:/Users/DELL/Downloads/Parking-Finder2-stage3-auth-flow/vendor/laravel/framework/src/Illuminate/Foundation/Http/Middleware/TransformsRequest.php(21): Illuminate/Pipeline/Pipeline->Illuminate/Pipeline/{closure}(Object(Illuminate/Http/Request))
#35 C:/Users/DELL/Downloads/Parking-Finder2-stage3-auth-flow/vendor/laravel/framework/src/Illuminate/Foundation/Http/Middleware/TrimStrings.php(51): Illuminate/Foundation/Http/Middleware/TransformsRequest->handle(Object(Illuminate/Http/Request), Object(Closure))
#36 C:/Users/DELL/Downloads/Parking-Finder2-stage3-auth-flow/vendor/laravel/framework/src/Illuminate/Pipeline/Pipeline.php(219): Illuminate/Foundation/Http/Middleware/TrimStrings->handle(Object(Illuminate/Http/Request), Object(Closure))
#37 C:/Users/DELL/Downloads/Parking-Finder2-stage3-auth-flow/vendor/laravel/framework/src/Illuminate/Http/Middleware/ValidatePostSize.php(27): Illuminate/Pipeline/Pipeline->Illuminate/Pipeline/{closure}(Object(Illuminate/Http/Request))
#38 C:/Users/DELL/Downloads/Parking-Finder2-stage3-auth-flow/vendor/laravel/framework/src/Illuminate/Pipeline/Pipeline.php(219): Illuminate/Http/Middleware/ValidatePostSize->handle(Object(Illuminate/Http/Request), Object(Closure))
#39 C:/Users/DELL/Downloads/Parking-Finder2-stage3-auth-flow/vendor/laravel/framework/src/Illuminate/Foundation/Http/Middleware/PreventRequestsDuringMaintenance.php(109): Illuminate/Pipeline/Pipeline->Illuminate/Pipeline/{closure}(Object(Illuminate/Http/Request))
#40 C:/Users/DELL/Downloads/Parking-Finder2-stage3-auth-flow/vendor/laravel/framework/src/Illuminate/Pipeline/Pipeline.php(219): Illuminate/Foundation/Http/Middleware/PreventRequestsDuringMaintenance->handle(Object(Illuminate/Http/Request), Object(Closure))
#41 C:/Users/DELL/Downloads/Parking-Finder2-stage3-auth-flow/vendor/laravel/framework/src/Illuminate/Http/Middleware/HandleCors.php(48): Illuminate/Pipeline/Pipeline->Illuminate/Pipeline/{closure}(Object(Illuminate/Http/Request))
#42 C:/Users/DELL/Downloads/Parking-Finder2-stage3-auth-flow/vendor/laravel/framework/src/Illuminate/Pipeline/Pipeline.php(219): Illuminate/Http/Middleware/HandleCors->handle(Object(Illuminate/Http/Request), Object(Closure))
#43 C:/Users/DELL/Downloads/Parking-Finder2-stage3-auth-flow/vendor/laravel/framework/src/Illuminate/Http/Middleware/TrustProxies.php(58): Illuminate/Pipeline/Pipeline->Illuminate/Pipeline/{closure}(Object(Illuminate/Http/Request))
#44 C:/Users/DELL/Downloads/Parking-Finder2-stage3-auth-flow/vendor/laravel/framework/src/Illuminate/Pipeline/Pipeline.php(219): Illuminate/Http/Middleware/TrustProxies->handle(Object(Illuminate/Http/Request), Object(Closure))
#45 C:/Users/DELL/Downloads/Parking-Finder2-stage3-auth-flow/vendor/laravel/framework/src/Illuminate/Foundation/Http/Middleware/InvokeDeferredCallbacks.php(22): Illuminate/Pipeline/Pipeline->Illuminate/Pipeline/{closure}(Object(Illuminate/Http/Request))
#46 C:/Users/DELL/Downloads/Parking-Finder2-stage3-auth-flow/vendor/laravel/framework/src/Illuminate/Pipeline/Pipeline.php(219): Illuminate/Foundation/Http/Middleware/InvokeDeferredCallbacks->handle(Object(Illuminate/Http/Request), Object(Closure))
#47 C:/Users/DELL/Downloads/Parking-Finder2-stage3-auth-flow/vendor/laravel/framework/src/Illuminate/Http/Middleware/ValidatePathEncoding.php(26): Illuminate/Pipeline/Pipeline->Illuminate/Pipeline/{closure}(Object(Illuminate/Http/Request))
#48 C:/Users/DELL/Downloads/Parking-Finder2-stage3-auth-flow/vendor/laravel/framework/src/Illuminate/Pipeline/Pipeline.php(219): Illuminate/Http/Middleware/ValidatePathEncoding->handle(Object(Illuminate/Http/Request), Object(Closure))
#49 C:/Users/DELL/Downloads/Parking-Finder2-stage3-auth-flow/vendor/laravel/framework/src/Illuminate/Pipeline/Pipeline.php(137): Illuminate/Pipeline/Pipeline->Illuminate/Pipeline/{closure}(Object(Illuminate/Http/Request))
#50 C:/Users/DELL/Downloads/Parking-Finder2-stage3-auth-flow/vendor/laravel/framework/src/Illuminate/Foundation/Http/Kernel.php(175): Illuminate/Pipeline/Pipeline->then(Object(Closure))
#51 C:/Users/DELL/Downloads/Parking-Finder2-stage3-auth-flow/vendor/laravel/framework/src/Illuminate/Foundation/Http/Kernel.php(144): Illuminate/Foundation/Http/Kernel->sendRequestThroughRouter(Object(Illuminate/Http/Request))
#52 C:/Users/DELL/Downloads/Parking-Finder2-stage3-auth-flow/vendor/laravel/framework/src/Illuminate/Foundation/Application.php(1220): Illuminate/Foundation/Http/Kernel->handle(Object(Illuminate/Http/Request))
#53 C:/Users/DELL/Downloads/Parking-Finder2-stage3-auth-flow/public/index.php(20): Illuminate/Foundation/Application->handleRequest(Object(Illuminate/Http/Request))
#54 C:/Users/DELL/Downloads/Parking-Finder2-stage3-auth-flow/vendor/laravel/framework/src/Illuminate/Foundation/resources/server.php(23): require_once('C://Users//DELL//D...')
#55 {main}

[previous exception] [object] (PDOException(code: 2002): SQLSTATE[HY000] [2002] No connection could be made because the target machine actively refused it at C:/Users/DELL/Downloads/Parking-Finder2-stage3-auth-flow/vendor/laravel/framework/src/Illuminate/Database/Connectors/Connector.php:66)
[stacktrace]
#0 C:/Users/DELL/Downloads/Parking-Finder2-stage3-auth-flow/vendor/laravel/framework/src/Illuminate/Database/Connectors/Connector.php(66): PDO->__construct('mysql:host=127....', 'root', Object(SensitiveParameterValue), Array)
#1 C:/Users/DELL/Downloads/Parking-Finder2-stage3-auth-flow/vendor/laravel/framework/src/Illuminate/Database/Connectors/Connector.php(85): Illuminate/Database/Connectors/Connector->createPdoConnection('mysql:host=127....', 'root', Object(SensitiveParameterValue), Array)
#2 C:/Users/DELL/Downloads/Parking-Finder2-stage3-auth-flow/vendor/laravel/framework/src/Illuminate/Database/Connectors/Connector.php(48): Illuminate/Database/Connectors/Connector->tryAgainIfCausedByLostConnection(Object(PDOException), 'mysql:host=127....', 'root', Object(SensitiveParameterValue), Array)
#3 C:/Users/DELL/Downloads/Parking-Finder2-stage3-auth-flow/vendor/laravel/framework/src/Illuminate/Database/Connectors/MySqlConnector.php(24): Illuminate/Database/Connectors/Connector->createConnection('mysql:host=127....', Array, Array)
#4 C:/Users/DELL/Downloads/Parking-Finder2-stage3-auth-flow/vendor/laravel/framework/src/Illuminate/Database/Connectors/ConnectionFactory.php(184): Illuminate/Database/Connectors/MySqlConnector->connect(Array)
#5 [internal function]: Illuminate/Database/Connectors/ConnectionFactory->Illuminate/Database/Connectors/{closure}()
#6 C:/Users/DELL/Downloads/Parking-Finder2-stage3-auth-flow/vendor/laravel/framework/src/Illuminate/Database/Connection.php(1250): call_user_func(Object(Closure))
#7 C:/Users/DELL/Downloads/Parking-Finder2-stage3-auth-flow/vendor/laravel/framework/src/Illuminate/Database/Connection.php(518): Illuminate/Database/Connection->getPdo()
#8 C:/Users/DELL/Downloads/Parking-Finder2-stage3-auth-flow/vendor/laravel/framework/src/Illuminate/Database/Connection.php(413): Illuminate/Database/Connection->getPdoForSelect(false)
#9 C:/Users/DELL/Downloads/Parking-Finder2-stage3-auth-flow/vendor/laravel/framework/src/Illuminate/Database/Connection.php(820): Illuminate/Database/Connection->Illuminate/Database/{closure}('select * from `...', Array)
#10 C:/Users/DELL/Downloads/Parking-Finder2-stage3-auth-flow/vendor/laravel/framework/src/Illuminate/Database/Connection.php(992): Illuminate/Database/Connection->runQueryCallback('select * from `...', Array, Object(Closure))
#11 C:/Users/DELL/Downloads/Parking-Finder2-stage3-auth-flow/vendor/laravel/framework/src/Illuminate/Database/Connection.php(971): Illuminate/Database/Connection->tryAgainIfCausedByLostConnection(Object(Illuminate/Database/QueryException), 'select * from `...', Array, Object(Closure))
#12 C:/Users/DELL/Downloads/Parking-Finder2-stage3-auth-flow/vendor/laravel/framework/src/Illuminate/Database/Connection.php(789): Illuminate/Database/Connection->handleQueryException(Object(Illuminate/Database/QueryException), 'select * from `...', Array, Object(Closure))
#13 C:/Users/DELL/Downloads/Parking-Finder2-stage3-auth-flow/vendor/laravel/framework/src/Illuminate/Database/Connection.php(404): Illuminate/Database/Connection->run('select * from `...', Array, Object(Closure))
#14 C:/Users/DELL/Downloads/Parking-Finder2-stage3-auth-flow/vendor/laravel/framework/src/Illuminate/Database/Query/Builder.php(3232): Illuminate/Database/Connection->select('select * from `...', Array, false)
#15 C:/Users/DELL/Downloads/Parking-Finder2-stage3-auth-flow/vendor/laravel/framework/src/Illuminate/Database/Query/Builder.php(3217): Illuminate/Database/Query/Builder->runSelect()
#16 C:/Users/DELL/Downloads/Parking-Finder2-stage3-auth-flow/vendor/laravel/framework/src/Illuminate/Database/Query/Builder.php(3807): Illuminate/Database/Query/Builder->Illuminate/Database/Query/{closure}()
#17 C:/Users/DELL/Downloads/Parking-Finder2-stage3-auth-flow/vendor/laravel/framework/src/Illuminate/Database/Query/Builder.php(3216): Illuminate/Database/Query/Builder->onceWithColumns(Array, Object(Closure))
#18 C:/Users/DELL/Downloads/Parking-Finder2-stage3-auth-flow/vendor/laravel/framework/src/Illuminate/Database/Concerns/BuildsQueries.php(366): Illuminate/Database/Query/Builder->get(Array)
#19 C:/Users/DELL/Downloads/Parking-Finder2-stage3-auth-flow/vendor/laravel/framework/src/Illuminate/Database/Query/Builder.php(3139): Illuminate/Database/Query/Builder->first(Array)
#20 C:/Users/DELL/Downloads/Parking-Finder2-stage3-auth-flow/vendor/laravel/framework/src/Illuminate/Session/DatabaseSessionHandler.php(96): Illuminate/Database/Query/Builder->find('cBeVAHrN42IWjgK...')
#21 C:/Users/DELL/Downloads/Parking-Finder2-stage3-auth-flow/vendor/laravel/framework/src/Illuminate/Session/Store.php(126): Illuminate/Session/DatabaseSessionHandler->read('cBeVAHrN42IWjgK...')
#22 C:/Users/DELL/Downloads/Parking-Finder2-stage3-auth-flow/vendor/laravel/framework/src/Illuminate/Session/Store.php(114): Illuminate/Session/Store->readFromHandler()
#23 C:/Users/DELL/Downloads/Parking-Finder2-stage3-auth-flow/vendor/laravel/framework/src/Illuminate/Session/Store.php(98): Illuminate/Session/Store->loadSession()
#24 C:/Users/DELL/Downloads/Parking-Finder2-stage3-auth-flow/vendor/laravel/framework/src/Illuminate/Session/Middleware/StartSession.php(146): Illuminate/Session/Store->start()
#25 C:/Users/DELL/Downloads/Parking-Finder2-stage3-auth-flow/vendor/laravel/framework/src/Illuminate/Support/helpers.php(390): Illuminate/Session/Middleware/StartSession->Illuminate/Session/Middleware/{closure}(Object(Illuminate/Session/Store))
#26 C:/Users/DELL/Downloads/Parking-Finder2-stage3-auth-flow/vendor/laravel/framework/src/Illuminate/Session/Middleware/StartSession.php(143): tap(Object(Illuminate/Session/Store), Object(Closure))
#27 C:/Users/DELL/Downloads/Parking-Finder2-stage3-auth-flow/vendor/laravel/framework/src/Illuminate/Session/Middleware/StartSession.php(115): Illuminate/Session/Middleware/StartSession->startSession(Object(Illuminate/Http/Request), Object(Illuminate/Session/Store))
#28 C:/Users/DELL/Downloads/Parking-Finder2-stage3-auth-flow/vendor/laravel/framework/src/Illuminate/Session/Middleware/StartSession.php(63): Illuminate/Session/Middleware/StartSession->handleStatefulRequest(Object(Illuminate/Http/Request), Object(Illuminate/Session/Store), Object(Closure))
#29 C:/Users/DELL/Downloads/Parking-Finder2-stage3-auth-flow/vendor/laravel/framework/src/Illuminate/Pipeline/Pipeline.php(219): Illuminate/Session/Middleware/StartSession->handle(Object(Illuminate/Http/Request), Object(Closure))
#30 C:/Users/DELL/Downloads/Parking-Finder2-stage3-auth-flow/vendor/laravel/framework/src/Illuminate/Cookie/Middleware/AddQueuedCookiesToResponse.php(36): Illuminate/Pipeline/Pipeline->Illuminate/Pipeline/{closure}(Object(Illuminate/Http/Request))
#31 C:/Users/DELL/Downloads/Parking-Finder2-stage3-auth-flow/vendor/laravel/framework/src/Illuminate/Pipeline/Pipeline.php(219): Illuminate/Cookie/Middleware/AddQueuedCookiesToResponse->handle(Object(Illuminate/Http/Request), Object(Closure))
#32 C:/Users/DELL/Downloads/Parking-Finder2-stage3-auth-flow/vendor/laravel/framework/src/Illuminate/Cookie/Middleware/EncryptCookies.php(74): Illuminate/Pipeline/Pipeline->Illuminate/Pipeline/{closure}(Object(Illuminate/Http/Request))
#33 C:/Users/DELL/Downloads/Parking-Finder2-stage3-auth-flow/vendor/laravel/framework/src/Illuminate/Pipeline/Pipeline.php(219): Illuminate/Cookie/Middleware/EncryptCookies->handle(Object(Illuminate/Http/Request), Object(Closure))
#34 C:/Users/DELL/Downloads/Parking-Finder2-stage3-auth-flow/vendor/laravel/framework/src/Illuminate/Pipeline/Pipeline.php(137): Illuminate/Pipeline/Pipeline->Illuminate/Pipeline/{closure}(Object(Illuminate/Http/Request))
#35 C:/Users/DELL/Downloads/Parking-Finder2-stage3-auth-flow/vendor/laravel/framework/src/Illuminate/Routing/Router.php(821): Illuminate/Pipeline/Pipeline->then(Object(Closure))
#36 C:/Users/DELL/Downloads/Parking-Finder2-stage3-auth-flow/vendor/laravel/framework/src/Illuminate/Routing/Router.php(800): Illuminate/Routing/Router->runRouteWithinStack(Object(Illuminate/Routing/Route), Object(Illuminate/Http/Request))
#37 C:/Users/DELL/Downloads/Parking-Finder2-stage3-auth-flow/vendor/laravel/framework/src/Illuminate/Routing/Router.php(764): Illuminate/Routing/Router->runRoute(Object(Illuminate/Http/Request), Object(Illuminate/Routing/Route))
#38 C:/Users/DELL/Downloads/Parking-Finder2-stage3-auth-flow/vendor/laravel/framework/src/Illuminate/Routing/Router.php(753): Illuminate/Routing/Router->dispatchToRoute(Object(Illuminate/Http/Request))
#39 C:/Users/DELL/Downloads/Parking-Finder2-stage3-auth-flow/vendor/laravel/framework/src/Illuminate/Foundation/Http/Kernel.php(200): Illuminate/Routing/Router->dispatch(Object(Illuminate/Http/Request))
#40 C:/Users/DELL/Downloads/Parking-Finder2-stage3-auth-flow/vendor/laravel/framework/src/Illuminate/Pipeline/Pipeline.php(180): Illuminate/Foundation/Http/Kernel->Illuminate/Foundation/Http/{closure}(Object(Illuminate/Http/Request))
#41 C:/Users/DELL/Downloads/Parking-Finder2-stage3-auth-flow/vendor/laravel/framework/src/Illuminate/Foundation/Http/Middleware/TransformsRequest.php(21): Illuminate/Pipeline/Pipeline->Illuminate/Pipeline/{closure}(Object(Illuminate/Http/Request))
#42 C:/Users/DELL/Downloads/Parking-Finder2-stage3-auth-flow/vendor/laravel/framework/src/Illuminate/Foundation/Http/Middleware/ConvertEmptyStringsToNull.php(31): Illuminate/Foundation/Http/Middleware/TransformsRequest->handle(Object(Illuminate/Http/Request), Object(Closure))
#43 C:/Users/DELL/Downloads/Parking-Finder2-stage3-auth-flow/vendor/laravel/framework/src/Illuminate/Pipeline/Pipeline.php(219): Illuminate/Foundation/Http/Middleware/ConvertEmptyStringsToNull->handle(Object(Illuminate/Http/Request), Object(Closure))
#44 C:/Users/DELL/Downloads/Parking-Finder2-stage3-auth-flow/vendor/laravel/framework/src/Illuminate/Foundation/Http/Middleware/TransformsRequest.php(21): Illuminate/Pipeline/Pipeline->Illuminate/Pipeline/{closure}(Object(Illuminate/Http/Request))
#45 C:/Users/DELL/Downloads/Parking-Finder2-stage3-auth-flow/vendor/laravel/framework/src/Illuminate/Foundation/Http/Middleware/TrimStrings.php(51): Illuminate/Foundation/Http/Middleware/TransformsRequest->handle(Object(Illuminate/Http/Request), Object(Closure))
#46 C:/Users/DELL/Downloads/Parking-Finder2-stage3-auth-flow/vendor/laravel/framework/src/Illuminate/Pipeline/Pipeline.php(219): Illuminate/Foundation/Http/Middleware/TrimStrings->handle(Object(Illuminate/Http/Request), Object(Closure))
#47 C:/Users/DELL/Downloads/Parking-Finder2-stage3-auth-flow/vendor/laravel/framework/src/Illuminate/Http/Middleware/ValidatePostSize.php(27): Illuminate/Pipeline/Pipeline->Illuminate/Pipeline/{closure}(Object(Illuminate/Http/Request))
#48 C:/Users/DELL/Downloads/Parking-Finder2-stage3-auth-flow/vendor/laravel/framework/src/Illuminate/Pipeline/Pipeline.php(219): Illuminate/Http/Middleware/ValidatePostSize->handle(Object(Illuminate/Http/Request), Object(Closure))
#49 C:/Users/DELL/Downloads/Parking-Finder2-stage3-auth-flow/vendor/laravel/framework/src/Illuminate/Foundation/Http/Middleware/PreventRequestsDuringMaintenance.php(109): Illuminate/Pipeline/Pipeline->Illuminate/Pipeline/{closure}(Object(Illuminate/Http/Request))
#50 C:/Users/DELL/Downloads/Parking-Finder2-stage3-auth-flow/vendor/laravel/framework/src/Illuminate/Pipeline/Pipeline.php(219): Illuminate/Foundation/Http/Middleware/PreventRequestsDuringMaintenance->handle(Object(Illuminate/Http/Request), Object(Closure))
#51 C:/Users/DELL/Downloads/Parking-Finder2-stage3-auth-flow/vendor/laravel/framework/src/Illuminate/Http/Middleware/HandleCors.php(48): Illuminate/Pipeline/Pipeline->Illuminate/Pipeline/{closure}(Object(Illuminate/Http/Request))
#52 C:/Users/DELL/Downloads/Parking-Finder2-stage3-auth-flow/vendor/laravel/framework/src/Illuminate/Pipeline/Pipeline.php(219): Illuminate/Http/Middleware/HandleCors->handle(Object(Illuminate/Http/Request), Object(Closure))
#53 C:/Users/DELL/Downloads/Parking-Finder2-stage3-auth-flow/vendor/laravel/framework/src/Illuminate/Http/Middleware/TrustProxies.php(58): Illuminate/Pipeline/Pipeline->Illuminate/Pipeline/{closure}(Object(Illuminate/Http/Request))
#54 C:/Users/DELL/Downloads/Parking-Finder2-stage3-auth-flow/vendor/laravel/framework/src/Illuminate/Pipeline/Pipeline.php(219): Illuminate/Http/Middleware/TrustProxies->handle(Object(Illuminate/Http/Request), Object(Closure))
#55 C:/Users/DELL/Downloads/Parking-Finder2-stage3-auth-flow/vendor/laravel/framework/src/Illuminate/Foundation/Http/Middleware/InvokeDeferredCallbacks.php(22): Illuminate/Pipeline/Pipeline->Illuminate/Pipeline/{closure}(Object(Illuminate/Http/Request))
#56 C:/Users/DELL/Downloads/Parking-Finder2-stage3-auth-flow/vendor/laravel/framework/src/Illuminate/Pipeline/Pipeline.php(219): Illuminate/Foundation/Http/Middleware/InvokeDeferredCallbacks->handle(Object(Illuminate/Http/Request), Object(Closure))
#57 C:/Users/DELL/Downloads/Parking-Finder2-stage3-auth-flow/vendor/laravel/framework/src/Illuminate/Http/Middleware/ValidatePathEncoding.php(26): Illuminate/Pipeline/Pipeline->Illuminate/Pipeline/{closure}(Object(Illuminate/Http/Request))
#58 C:/Users/DELL/Downloads/Parking-Finder2-stage3-auth-flow/vendor/laravel/framework/src/Illuminate/Pipeline/Pipeline.php(219): Illuminate/Http/Middleware/ValidatePathEncoding->handle(Object(Illuminate/Http/Request), Object(Closure))
#59 C:/Users/DELL/Downloads/Parking-Finder2-stage3-auth-flow/vendor/laravel/framework/src/Illuminate/Pipeline/Pipeline.php(137): Illuminate/Pipeline/Pipeline->Illuminate/Pipeline/{closure}(Object(Illuminate/Http/Request))
#60 C:/Users/DELL/Downloads/Parking-Finder2-stage3-auth-flow/vendor/laravel/framework/src/Illuminate/Foundation/Http/Kernel.php(175): Illuminate/Pipeline/Pipeline->then(Object(Closure))
#61 C:/Users/DELL/Downloads/Parking-Finder2-stage3-auth-flow/vendor/laravel/framework/src/Illuminate/Foundation/Http/Kernel.php(144): Illuminate/Foundation/Http/Kernel->sendRequestThroughRouter(Object(Illuminate/Http/Request))
#62 C:/Users/DELL/Downloads/Parking-Finder2-stage3-auth-flow/vendor/laravel/framework/src/Illuminate/Foundation/Application.php(1220): Illuminate/Foundation/Http/Kernel->handle(Object(Illuminate/Http/Request))
#63 C:/Users/DELL/Downloads/Parking-Finder2-stage3-auth-flow/public/index.php(20): Illuminate/Foundation/Application->handleRequest(Object(Illuminate/Http/Request))
#64 C:/Users/DELL/Downloads/Parking-Finder2-stage3-auth-flow/vendor/laravel/framework/src/Illuminate/Foundation/resources/server.php(23): require_once('C://Users//DELL//D...')
#65 {main}
"} 
[2026-01-23 19:00:30] local.ERROR: Maximum execution time of 60 seconds exceeded {"exception":"[object] (Symfony\\Component\\ErrorHandler\\Error\\FatalError(code: 0): Maximum execution time of 60 seconds exceeded at C:/Users/DELL/Downloads/Parking-Finder2-stage3-auth-flow/storage/framework/views/0707567130096d308c2b72f09fbe0e79.php:1)
[stacktrace]
#0 {main}
"} 
[2026-01-23 19:08:52] local.ERROR: SQLSTATE[HY000] [2002] No connection could be made because the target machine actively refused it (Connection: mysql, Host: 127.0.0.1, Port: 3306, Database: laravel, SQL: select * from `sessions` where `id` = MoJwCIWei1p2ZvKaafYSYmzdb4nlDMNW257UOgP4 limit 1) {"exception":"[object] (Illuminate\\Database\\QueryException(code: 2002): SQLSTATE[HY000] [2002] No connection could be made because the target machine actively refused it (Connection: mysql, Host: 127.0.0.1, Port: 3306, Database: laravel, SQL: select * from `sessions` where `id` = MoJwCIWei1p2ZvKaafYSYmzdb4nlDMNW257UOgP4 limit 1) at C:/Users/DELL/Downloads/Parking-Finder2-stage3-auth-flow/vendor/laravel/framework/src/Illuminate/Database/Connection.php:831)
[stacktrace]
#0 C:/Users/DELL/Downloads/Parking-Finder2-stage3-auth-flow/vendor/laravel/framework/src/Illuminate/Database/Connection.php(992): Illuminate/Database/Connection->runQueryCallback('select * from `...', Array, Object(Closure))
#1 C:/Users/DELL/Downloads/Parking-Finder2-stage3-auth-flow/vendor/laravel/framework/src/Illuminate/Database/Connection.php(971): Illuminate/Database/Connection->tryAgainIfCausedByLostConnection(Object(Illuminate/Database/QueryException), 'select * from `...', Array, Object(Closure))
#2 C:/Users/DELL/Downloads/Parking-Finder2-stage3-auth-flow/vendor/laravel/framework/src/Illuminate/Database/Connection.php(789): Illuminate/Database/Connection->handleQueryException(Object(Illuminate/Database/QueryException), 'select * from `...', Array, Object(Closure))
#3 C:/Users/DELL/Downloads/Parking-Finder2-stage3-auth-flow/vendor/laravel/framework/src/Illuminate/Database/Connection.php(404): Illuminate/Database/Connection->run('select * from `...', Array, Object(Closure))
#4 C:/Users/DELL/Downloads/Parking-Finder2-stage3-auth-flow/vendor/laravel/framework/src/Illuminate/Database/Query/Builder.php(3232): Illuminate/Database/Connection->select('select * from `...', Array, false)
#5 C:/Users/DELL/Downloads/Parking-Finder2-stage3-auth-flow/vendor/laravel/framework/src/Illuminate/Database/Query/Builder.php(3217): Illuminate/Database/Query/Builder->runSelect()
#6 C:/Users/DELL/Downloads/Parking-Finder2-stage3-auth-flow/vendor/laravel/framework/src/Illuminate/Database/Query/Builder.php(3807): Illuminate/Database/Query/Builder->Illuminate/Database/Query/{closure}()
#7 C:/Users/DELL/Downloads/Parking-Finder2-stage3-auth-flow/vendor/laravel/framework/src/Illuminate/Database/Query/Builder.php(3216): Illuminate/Database/Query/Builder->onceWithColumns(Array, Object(Closure))
#8 C:/Users/DELL/Downloads/Parking-Finder2-stage3-auth-flow/vendor/laravel/framework/src/Illuminate/Database/Concerns/BuildsQueries.php(366): Illuminate/Database/Query/Builder->get(Array)
#9 C:/Users/DELL/Downloads/Parking-Finder2-stage3-auth-flow/vendor/laravel/framework/src/Illuminate/Database/Query/Builder.php(3139): Illuminate/Database/Query/Builder->first(Array)
#10 C:/Users/DELL/Downloads/Parking-Finder2-stage3-auth-flow/vendor/laravel/framework/src/Illuminate/Session/DatabaseSessionHandler.php(96): Illuminate/Database/Query/Builder->find('MoJwCIWei1p2ZvK...')
#11 C:/Users/DELL/Downloads/Parking-Finder2-stage3-auth-flow/vendor/laravel/framework/src/Illuminate/Session/Store.php(126): Illuminate/Session/DatabaseSessionHandler->read('MoJwCIWei1p2ZvK...')
#12 C:/Users/DELL/Downloads/Parking-Finder2-stage3-auth-flow/vendor/laravel/framework/src/Illuminate/Session/Store.php(114): Illuminate/Session/Store->readFromHandler()
#13 C:/Users/DELL/Downloads/Parking-Finder2-stage3-auth-flow/vendor/laravel/framework/src/Illuminate/Session/Store.php(98): Illuminate/Session/Store->loadSession()
#14 C:/Users/DELL/Downloads/Parking-Finder2-stage3-auth-flow/vendor/laravel/framework/src/Illuminate/Session/Middleware/StartSession.php(146): Illuminate/Session/Store->start()
#15 C:/Users/DELL/Downloads/Parking-Finder2-stage3-auth-flow/vendor/laravel/framework/src/Illuminate/Support/helpers.php(390): Illuminate/Session/Middleware/StartSession->Illuminate/Session/Middleware/{closure}(Object(Illuminate/Session/Store))
#16 C:/Users/DELL/Downloads/Parking-Finder2-stage3-auth-flow/vendor/laravel/framework/src/Illuminate/Session/Middleware/StartSession.php(143): tap(Object(Illuminate/Session/Store), Object(Closure))
#17 C:/Users/DELL/Downloads/Parking-Finder2-stage3-auth-flow/vendor/laravel/framework/src/Illuminate/Session/Middleware/StartSession.php(115): Illuminate/Session/Middleware/StartSession->startSession(Object(Illuminate/Http/Request), Object(Illuminate/Session/Store))
#18 C:/Users/DELL/Downloads/Parking-Finder2-stage3-auth-flow/vendor/laravel/framework/src/Illuminate/Session/Middleware/StartSession.php(63): Illuminate/Session/Middleware/StartSession->handleStatefulRequest(Object(Illuminate/Http/Request), Object(Illuminate/Session/Store), Object(Closure))
#19 C:/Users/DELL/Downloads/Parking-Finder2-stage3-auth-flow/vendor/laravel/framework/src/Illuminate/Pipeline/Pipeline.php(219): Illuminate/Session/Middleware/StartSession->handle(Object(Illuminate/Http/Request), Object(Closure))
#20 C:/Users/DELL/Downloads/Parking-Finder2-stage3-auth-flow/vendor/laravel/framework/src/Illuminate/Cookie/Middleware/AddQueuedCookiesToResponse.php(36): Illuminate/Pipeline/Pipeline->Illuminate/Pipeline/{closure}(Object(Illuminate/Http/Request))
#21 C:/Users/DELL/Downloads/Parking-Finder2-stage3-auth-flow/vendor/laravel/framework/src/Illuminate/Pipeline/Pipeline.php(219): Illuminate/Cookie/Middleware/AddQueuedCookiesToResponse->handle(Object(Illuminate/Http/Request), Object(Closure))
#22 C:/Users/DELL/Downloads/Parking-Finder2-stage3-auth-flow/vendor/laravel/framework/src/Illuminate/Cookie/Middleware/EncryptCookies.php(74): Illuminate/Pipeline/Pipeline->Illuminate/Pipeline/{closure}(Object(Illuminate/Http/Request))
#23 C:/Users/DELL/Downloads/Parking-Finder2-stage3-auth-flow/vendor/laravel/framework/src/Illuminate/Pipeline/Pipeline.php(219): Illuminate/Cookie/Middleware/EncryptCookies->handle(Object(Illuminate/Http/Request), Object(Closure))
#24 C:/Users/DELL/Downloads/Parking-Finder2-stage3-auth-flow/vendor/laravel/framework/src/Illuminate/Pipeline/Pipeline.php(137): Illuminate/Pipeline/Pipeline->Illuminate/Pipeline/{closure}(Object(Illuminate/Http/Request))
#25 C:/Users/DELL/Downloads/Parking-Finder2-stage3-auth-flow/vendor/laravel/framework/src/Illuminate/Routing/Router.php(821): Illuminate/Pipeline/Pipeline->then(Object(Closure))
#26 C:/Users/DELL/Downloads/Parking-Finder2-stage3-auth-flow/vendor/laravel/framework/src/Illuminate/Routing/Router.php(800): Illuminate/Routing/Router->runRouteWithinStack(Object(Illuminate/Routing/Route), Object(Illuminate/Http/Request))
#27 C:/Users/DELL/Downloads/Parking-Finder2-stage3-auth-flow/vendor/laravel/framework/src/Illuminate/Routing/Router.php(764): Illuminate/Routing/Router->runRoute(Object(Illuminate/Http/Request), Object(Illuminate/Routing/Route))
#28 C:/Users/DELL/Downloads/Parking-Finder2-stage3-auth-flow/vendor/laravel/framework/src/Illuminate/Routing/Router.php(753): Illuminate/Routing/Router->dispatchToRoute(Object(Illuminate/Http/Request))
#29 C:/Users/DELL/Downloads/Parking-Finder2-stage3-auth-flow/vendor/laravel/framework/src/Illuminate/Foundation/Http/Kernel.php(200): Illuminate/Routing/Router->dispatch(Object(Illuminate/Http/Request))
#30 C:/Users/DELL/Downloads/Parking-Finder2-stage3-auth-flow/vendor/laravel/framework/src/Illuminate/Pipeline/Pipeline.php(180): Illuminate/Foundation/Http/Kernel->Illuminate/Foundation/Http/{closure}(Object(Illuminate/Http/Request))
#31 C:/Users/DELL/Downloads/Parking-Finder2-stage3-auth-flow/vendor/laravel/framework/src/Illuminate/Foundation/Http/Middleware/TransformsRequest.php(21): Illuminate/Pipeline/Pipeline->Illuminate/Pipeline/{closure}(Object(Illuminate/Http/Request))
#32 C:/Users/DELL/Downloads/Parking-Finder2-stage3-auth-flow/vendor/laravel/framework/src/Illuminate/Foundation/Http/Middleware/ConvertEmptyStringsToNull.php(31): Illuminate/Foundation/Http/Middleware/TransformsRequest->handle(Object(Illuminate/Http/Request), Object(Closure))
#33 C:/Users/DELL/Downloads/Parking-Finder2-stage3-auth-flow/vendor/laravel/framework/src/Illuminate/Pipeline/Pipeline.php(219): Illuminate/Foundation/Http/Middleware/ConvertEmptyStringsToNull->handle(Object(Illuminate/Http/Request), Object(Closure))
#34 C:/Users/DELL/Downloads/Parking-Finder2-stage3-auth-flow/vendor/laravel/framework/src/Illuminate/Foundation/Http/Middleware/TransformsRequest.php(21): Illuminate/Pipeline/Pipeline->Illuminate/Pipeline/{closure}(Object(Illuminate/Http/Request))
#35 C:/Users/DELL/Downloads/Parking-Finder2-stage3-auth-flow/vendor/laravel/framework/src/Illuminate/Foundation/Http/Middleware/TrimStrings.php(51): Illuminate/Foundation/Http/Middleware/TransformsRequest->handle(Object(Illuminate/Http/Request), Object(Closure))
#36 C:/Users/DELL/Downloads/Parking-Finder2-stage3-auth-flow/vendor/laravel/framework/src/Illuminate/Pipeline/Pipeline.php(219): Illuminate/Foundation/Http/Middleware/TrimStrings->handle(Object(Illuminate/Http/Request), Object(Closure))
#37 C:/Users/DELL/Downloads/Parking-Finder2-stage3-auth-flow/vendor/laravel/framework/src/Illuminate/Http/Middleware/ValidatePostSize.php(27): Illuminate/Pipeline/Pipeline->Illuminate/Pipeline/{closure}(Object(Illuminate/Http/Request))
#38 C:/Users/DELL/Downloads/Parking-Finder2-stage3-auth-flow/vendor/laravel/framework/src/Illuminate/Pipeline/Pipeline.php(219): Illuminate/Http/Middleware/ValidatePostSize->handle(Object(Illuminate/Http/Request), Object(Closure))
#39 C:/Users/DELL/Downloads/Parking-Finder2-stage3-auth-flow/vendor/laravel/framework/src/Illuminate/Foundation/Http/Middleware/PreventRequestsDuringMaintenance.php(109): Illuminate/Pipeline/Pipeline->Illuminate/Pipeline/{closure}(Object(Illuminate/Http/Request))
#40 C:/Users/DELL/Downloads/Parking-Finder2-stage3-auth-flow/vendor/laravel/framework/src/Illuminate/Pipeline/Pipeline.php(219): Illuminate/Foundation/Http/Middleware/PreventRequestsDuringMaintenance->handle(Object(Illuminate/Http/Request), Object(Closure))
#41 C:/Users/DELL/Downloads/Parking-Finder2-stage3-auth-flow/vendor/laravel/framework/src/Illuminate/Http/Middleware/HandleCors.php(48): Illuminate/Pipeline/Pipeline->Illuminate/Pipeline/{closure}(Object(Illuminate/Http/Request))
#42 C:/Users/DELL/Downloads/Parking-Finder2-stage3-auth-flow/vendor/laravel/framework/src/Illuminate/Pipeline/Pipeline.php(219): Illuminate/Http/Middleware/HandleCors->handle(Object(Illuminate/Http/Request), Object(Closure))
#43 C:/Users/DELL/Downloads/Parking-Finder2-stage3-auth-flow/vendor/laravel/framework/src/Illuminate/Http/Middleware/TrustProxies.php(58): Illuminate/Pipeline/Pipeline->Illuminate/Pipeline/{closure}(Object(Illuminate/Http/Request))
#44 C:/Users/DELL/Downloads/Parking-Finder2-stage3-auth-flow/vendor/laravel/framework/src/Illuminate/Pipeline/Pipeline.php(219): Illuminate/Http/Middleware/TrustProxies->handle(Object(Illuminate/Http/Request), Object(Closure))
#45 C:/Users/DELL/Downloads/Parking-Finder2-stage3-auth-flow/vendor/laravel/framework/src/Illuminate/Foundation/Http/Middleware/InvokeDeferredCallbacks.php(22): Illuminate/Pipeline/Pipeline->Illuminate/Pipeline/{closure}(Object(Illuminate/Http/Request))
#46 C:/Users/DELL/Downloads/Parking-Finder2-stage3-auth-flow/vendor/laravel/framework/src/Illuminate/Pipeline/Pipeline.php(219): Illuminate/Foundation/Http/Middleware/InvokeDeferredCallbacks->handle(Object(Illuminate/Http/Request), Object(Closure))
#47 C:/Users/DELL/Downloads/Parking-Finder2-stage3-auth-flow/vendor/laravel/framework/src/Illuminate/Http/Middleware/ValidatePathEncoding.php(26): Illuminate/Pipeline/Pipeline->Illuminate/Pipeline/{closure}(Object(Illuminate/Http/Request))
#48 C:/Users/DELL/Downloads/Parking-Finder2-stage3-auth-flow/vendor/laravel/framework/src/Illuminate/Pipeline/Pipeline.php(219): Illuminate/Http/Middleware/ValidatePathEncoding->handle(Object(Illuminate/Http/Request), Object(Closure))
#49 C:/Users/DELL/Downloads/Parking-Finder2-stage3-auth-flow/vendor/laravel/framework/src/Illuminate/Pipeline/Pipeline.php(137): Illuminate/Pipeline/Pipeline->Illuminate/Pipeline/{closure}(Object(Illuminate/Http/Request))
#50 C:/Users/DELL/Downloads/Parking-Finder2-stage3-auth-flow/vendor/laravel/framework/src/Illuminate/Foundation/Http/Kernel.php(175): Illuminate/Pipeline/Pipeline->then(Object(Closure))
#51 C:/Users/DELL/Downloads/Parking-Finder2-stage3-auth-flow/vendor/laravel/framework/src/Illuminate/Foundation/Http/Kernel.php(144): Illuminate/Foundation/Http/Kernel->sendRequestThroughRouter(Object(Illuminate/Http/Request))
#52 C:/Users/DELL/Downloads/Parking-Finder2-stage3-auth-flow/vendor/laravel/framework/src/Illuminate/Foundation/Application.php(1220): Illuminate/Foundation/Http/Kernel->handle(Object(Illuminate/Http/Request))
#53 C:/Users/DELL/Downloads/Parking-Finder2-stage3-auth-flow/public/index.php(20): Illuminate/Foundation/Application->handleRequest(Object(Illuminate/Http/Request))
#54 C:/Users/DELL/Downloads/Parking-Finder2-stage3-auth-flow/vendor/laravel/framework/src/Illuminate/Foundation/resources/server.php(23): require_once('C://Users//DELL//D...')
#55 {main}

[previous exception] [object] (PDOException(code: 2002): SQLSTATE[HY000] [2002] No connection could be made because the target machine actively refused it at C:/Users/DELL/Downloads/Parking-Finder2-stage3-auth-flow/vendor/laravel/framework/src/Illuminate/Database/Connectors/Connector.php:66)
[stacktrace]
#0 C:/Users/DELL/Downloads/Parking-Finder2-stage3-auth-flow/vendor/laravel/framework/src/Illuminate/Database/Connectors/Connector.php(66): PDO->__construct('mysql:host=127....', 'root', Object(SensitiveParameterValue), Array)
#1 C:/Users/DELL/Downloads/Parking-Finder2-stage3-auth-flow/vendor/laravel/framework/src/Illuminate/Database/Connectors/Connector.php(85): Illuminate/Database/Connectors/Connector->createPdoConnection('mysql:host=127....', 'root', Object(SensitiveParameterValue), Array)
#2 C:/Users/DELL/Downloads/Parking-Finder2-stage3-auth-flow/vendor/laravel/framework/src/Illuminate/Database/Connectors/Connector.php(48): Illuminate/Database/Connectors/Connector->tryAgainIfCausedByLostConnection(Object(PDOException), 'mysql:host=127....', 'root', Object(SensitiveParameterValue), Array)
#3 C:/Users/DELL/Downloads/Parking-Finder2-stage3-auth-flow/vendor/laravel/framework/src/Illuminate/Database/Connectors/MySqlConnector.php(24): Illuminate/Database/Connectors/Connector->createConnection('mysql:host=127....', Array, Array)
#4 C:/Users/DELL/Downloads/Parking-Finder2-stage3-auth-flow/vendor/laravel/framework/src/Illuminate/Database/Connectors/ConnectionFactory.php(184): Illuminate/Database/Connectors/MySqlConnector->connect(Array)
#5 [internal function]: Illuminate/Database/Connectors/ConnectionFactory->Illuminate/Database/Connectors/{closure}()
#6 C:/Users/DELL/Downloads/Parking-Finder2-stage3-auth-flow/vendor/laravel/framework/src/Illuminate/Database/Connection.php(1250): call_user_func(Object(Closure))
#7 C:/Users/DELL/Downloads/Parking-Finder2-stage3-auth-flow/vendor/laravel/framework/src/Illuminate/Database/Connection.php(518): Illuminate/Database/Connection->getPdo()
#8 C:/Users/DELL/Downloads/Parking-Finder2-stage3-auth-flow/vendor/laravel/framework/src/Illuminate/Database/Connection.php(413): Illuminate/Database/Connection->getPdoForSelect(false)
#9 C:/Users/DELL/Downloads/Parking-Finder2-stage3-auth-flow/vendor/laravel/framework/src/Illuminate/Database/Connection.php(820): Illuminate/Database/Connection->Illuminate/Database/{closure}('select * from `...', Array)
#10 C:/Users/DELL/Downloads/Parking-Finder2-stage3-auth-flow/vendor/laravel/framework/src/Illuminate/Database/Connection.php(992): Illuminate/Database/Connection->runQueryCallback('select * from `...', Array, Object(Closure))
#11 C:/Users/DELL/Downloads/Parking-Finder2-stage3-auth-flow/vendor/laravel/framework/src/Illuminate/Database/Connection.php(971): Illuminate/Database/Connection->tryAgainIfCausedByLostConnection(Object(Illuminate/Database/QueryException), 'select * from `...', Array, Object(Closure))
#12 C:/Users/DELL/Downloads/Parking-Finder2-stage3-auth-flow/vendor/laravel/framework/src/Illuminate/Database/Connection.php(789): Illuminate/Database/Connection->handleQueryException(Object(Illuminate/Database/QueryException), 'select * from `...', Array, Object(Closure))
#13 C:/Users/DELL/Downloads/Parking-Finder2-stage3-auth-flow/vendor/laravel/framework/src/Illuminate/Database/Connection.php(404): Illuminate/Database/Connection->run('select * from `...', Array, Object(Closure))
#14 C:/Users/DELL/Downloads/Parking-Finder2-stage3-auth-flow/vendor/laravel/framework/src/Illuminate/Database/Query/Builder.php(3232): Illuminate/Database/Connection->select('select * from `...', Array, false)
#15 C:/Users/DELL/Downloads/Parking-Finder2-stage3-auth-flow/vendor/laravel/framework/src/Illuminate/Database/Query/Builder.php(3217): Illuminate/Database/Query/Builder->runSelect()
#16 C:/Users/DELL/Downloads/Parking-Finder2-stage3-auth-flow/vendor/laravel/framework/src/Illuminate/Database/Query/Builder.php(3807): Illuminate/Database/Query/Builder->Illuminate/Database/Query/{closure}()
#17 C:/Users/DELL/Downloads/Parking-Finder2-stage3-auth-flow/vendor/laravel/framework/src/Illuminate/Database/Query/Builder.php(3216): Illuminate/Database/Query/Builder->onceWithColumns(Array, Object(Closure))
#18 C:/Users/DELL/Downloads/Parking-Finder2-stage3-auth-flow/vendor/laravel/framework/src/Illuminate/Database/Concerns/BuildsQueries.php(366): Illuminate/Database/Query/Builder->get(Array)
#19 C:/Users/DELL/Downloads/Parking-Finder2-stage3-auth-flow/vendor/laravel/framework/src/Illuminate/Database/Query/Builder.php(3139): Illuminate/Database/Query/Builder->first(Array)
#20 C:/Users/DELL/Downloads/Parking-Finder2-stage3-auth-flow/vendor/laravel/framework/src/Illuminate/Session/DatabaseSessionHandler.php(96): Illuminate/Database/Query/Builder->find('MoJwCIWei1p2ZvK...')
#21 C:/Users/DELL/Downloads/Parking-Finder2-stage3-auth-flow/vendor/laravel/framework/src/Illuminate/Session/Store.php(126): Illuminate/Session/DatabaseSessionHandler->read('MoJwCIWei1p2ZvK...')
#22 C:/Users/DELL/Downloads/Parking-Finder2-stage3-auth-flow/vendor/laravel/framework/src/Illuminate/Session/Store.php(114): Illuminate/Session/Store->readFromHandler()
#23 C:/Users/DELL/Downloads/Parking-Finder2-stage3-auth-flow/vendor/laravel/framework/src/Illuminate/Session/Store.php(98): Illuminate/Session/Store->loadSession()
#24 C:/Users/DELL/Downloads/Parking-Finder2-stage3-auth-flow/vendor/laravel/framework/src/Illuminate/Session/Middleware/StartSession.php(146): Illuminate/Session/Store->start()
#25 C:/Users/DELL/Downloads/Parking-Finder2-stage3-auth-flow/vendor/laravel/framework/src/Illuminate/Support/helpers.php(390): Illuminate/Session/Middleware/StartSession->Illuminate/Session/Middleware/{closure}(Object(Illuminate/Session/Store))
#26 C:/Users/DELL/Downloads/Parking-Finder2-stage3-auth-flow/vendor/laravel/framework/src/Illuminate/Session/Middleware/StartSession.php(143): tap(Object(Illuminate/Session/Store), Object(Closure))
#27 C:/Users/DELL/Downloads/Parking-Finder2-stage3-auth-flow/vendor/laravel/framework/src/Illuminate/Session/Middleware/StartSession.php(115): Illuminate/Session/Middleware/StartSession->startSession(Object(Illuminate/Http/Request), Object(Illuminate/Session/Store))
#28 C:/Users/DELL/Downloads/Parking-Finder2-stage3-auth-flow/vendor/laravel/framework/src/Illuminate/Session/Middleware/StartSession.php(63): Illuminate/Session/Middleware/StartSession->handleStatefulRequest(Object(Illuminate/Http/Request), Object(Illuminate/Session/Store), Object(Closure))
#29 C:/Users/DELL/Downloads/Parking-Finder2-stage3-auth-flow/vendor/laravel/framework/src/Illuminate/Pipeline/Pipeline.php(219): Illuminate/Session/Middleware/StartSession->handle(Object(Illuminate/Http/Request), Object(Closure))
#30 C:/Users/DELL/Downloads/Parking-Finder2-stage3-auth-flow/vendor/laravel/framework/src/Illuminate/Cookie/Middleware/AddQueuedCookiesToResponse.php(36): Illuminate/Pipeline/Pipeline->Illuminate/Pipeline/{closure}(Object(Illuminate/Http/Request))
#31 C:/Users/DELL/Downloads/Parking-Finder2-stage3-auth-flow/vendor/laravel/framework/src/Illuminate/Pipeline/Pipeline.php(219): Illuminate/Cookie/Middleware/AddQueuedCookiesToResponse->handle(Object(Illuminate/Http/Request), Object(Closure))
#32 C:/Users/DELL/Downloads/Parking-Finder2-stage3-auth-flow/vendor/laravel/framework/src/Illuminate/Cookie/Middleware/EncryptCookies.php(74): Illuminate/Pipeline/Pipeline->Illuminate/Pipeline/{closure}(Object(Illuminate/Http/Request))
#33 C:/Users/DELL/Downloads/Parking-Finder2-stage3-auth-flow/vendor/laravel/framework/src/Illuminate/Pipeline/Pipeline.php(219): Illuminate/Cookie/Middleware/EncryptCookies->handle(Object(Illuminate/Http/Request), Object(Closure))
#34 C:/Users/DELL/Downloads/Parking-Finder2-stage3-auth-flow/vendor/laravel/framework/src/Illuminate/Pipeline/Pipeline.php(137): Illuminate/Pipeline/Pipeline->Illuminate/Pipeline/{closure}(Object(Illuminate/Http/Request))
#35 C:/Users/DELL/Downloads/Parking-Finder2-stage3-auth-flow/vendor/laravel/framework/src/Illuminate/Routing/Router.php(821): Illuminate/Pipeline/Pipeline->then(Object(Closure))
#36 C:/Users/DELL/Downloads/Parking-Finder2-stage3-auth-flow/vendor/laravel/framework/src/Illuminate/Routing/Router.php(800): Illuminate/Routing/Router->runRouteWithinStack(Object(Illuminate/Routing/Route), Object(Illuminate/Http/Request))
#37 C:/Users/DELL/Downloads/Parking-Finder2-stage3-auth-flow/vendor/laravel/framework/src/Illuminate/Routing/Router.php(764): Illuminate/Routing/Router->runRoute(Object(Illuminate/Http/Request), Object(Illuminate/Routing/Route))
#38 C:/Users/DELL/Downloads/Parking-Finder2-stage3-auth-flow/vendor/laravel/framework/src/Illuminate/Routing/Router.php(753): Illuminate/Routing/Router->dispatchToRoute(Object(Illuminate/Http/Request))
#39 C:/Users/DELL/Downloads/Parking-Finder2-stage3-auth-flow/vendor/laravel/framework/src/Illuminate/Foundation/Http/Kernel.php(200): Illuminate/Routing/Router->dispatch(Object(Illuminate/Http/Request))
#40 C:/Users/DELL/Downloads/Parking-Finder2-stage3-auth-flow/vendor/laravel/framework/src/Illuminate/Pipeline/Pipeline.php(180): Illuminate/Foundation/Http/Kernel->Illuminate/Foundation/Http/{closure}(Object(Illuminate/Http/Request))
#41 C:/Users/DELL/Downloads/Parking-Finder2-stage3-auth-flow/vendor/laravel/framework/src/Illuminate/Foundation/Http/Middleware/TransformsRequest.php(21): Illuminate/Pipeline/Pipeline->Illuminate/Pipeline/{closure}(Object(Illuminate/Http/Request))
#42 C:/Users/DELL/Downloads/Parking-Finder2-stage3-auth-flow/vendor/laravel/framework/src/Illuminate/Foundation/Http/Middleware/ConvertEmptyStringsToNull.php(31): Illuminate/Foundation/Http/Middleware/TransformsRequest->handle(Object(Illuminate/Http/Request), Object(Closure))
#43 C:/Users/DELL/Downloads/Parking-Finder2-stage3-auth-flow/vendor/laravel/framework/src/Illuminate/Pipeline/Pipeline.php(219): Illuminate/Foundation/Http/Middleware/ConvertEmptyStringsToNull->handle(Object(Illuminate/Http/Request), Object(Closure))
#44 C:/Users/DELL/Downloads/Parking-Finder2-stage3-auth-flow/vendor/laravel/framework/src/Illuminate/Foundation/Http/Middleware/TransformsRequest.php(21): Illuminate/Pipeline/Pipeline->Illuminate/Pipeline/{closure}(Object(Illuminate/Http/Request))
#45 C:/Users/DELL/Downloads/Parking-Finder2-stage3-auth-flow/vendor/laravel/framework/src/Illuminate/Foundation/Http/Middleware/TrimStrings.php(51): Illuminate/Foundation/Http/Middleware/TransformsRequest->handle(Object(Illuminate/Http/Request), Object(Closure))
#46 C:/Users/DELL/Downloads/Parking-Finder2-stage3-auth-flow/vendor/laravel/framework/src/Illuminate/Pipeline/Pipeline.php(219): Illuminate/Foundation/Http/Middleware/TrimStrings->handle(Object(Illuminate/Http/Request), Object(Closure))
#47 C:/Users/DELL/Downloads/Parking-Finder2-stage3-auth-flow/vendor/laravel/framework/src/Illuminate/Http/Middleware/ValidatePostSize.php(27): Illuminate/Pipeline/Pipeline->Illuminate/Pipeline/{closure}(Object(Illuminate/Http/Request))
#48 C:/Users/DELL/Downloads/Parking-Finder2-stage3-auth-flow/vendor/laravel/framework/src/Illuminate/Pipeline/Pipeline.php(219): Illuminate/Http/Middleware/ValidatePostSize->handle(Object(Illuminate/Http/Request), Object(Closure))
#49 C:/Users/DELL/Downloads/Parking-Finder2-stage3-auth-flow/vendor/laravel/framework/src/Illuminate/Foundation/Http/Middleware/PreventRequestsDuringMaintenance.php(109): Illuminate/Pipeline/Pipeline->Illuminate/Pipeline/{closure}(Object(Illuminate/Http/Request))
#50 C:/Users/DELL/Downloads/Parking-Finder2-stage3-auth-flow/vendor/laravel/framework/src/Illuminate/Pipeline/Pipeline.php(219): Illuminate/Foundation/Http/Middleware/PreventRequestsDuringMaintenance->handle(Object(Illuminate/Http/Request), Object(Closure))
#51 C:/Users/DELL/Downloads/Parking-Finder2-stage3-auth-flow/vendor/laravel/framework/src/Illuminate/Http/Middleware/HandleCors.php(48): Illuminate/Pipeline/Pipeline->Illuminate/Pipeline/{closure}(Object(Illuminate/Http/Request))
#52 C:/Users/DELL/Downloads/Parking-Finder2-stage3-auth-flow/vendor/laravel/framework/src/Illuminate/Pipeline/Pipeline.php(219): Illuminate/Http/Middleware/HandleCors->handle(Object(Illuminate/Http/Request), Object(Closure))
#53 C:/Users/DELL/Downloads/Parking-Finder2-stage3-auth-flow/vendor/laravel/framework/src/Illuminate/Http/Middleware/TrustProxies.php(58): Illuminate/Pipeline/Pipeline->Illuminate/Pipeline/{closure}(Object(Illuminate/Http/Request))
#54 C:/Users/DELL/Downloads/Parking-Finder2-stage3-auth-flow/vendor/laravel/framework/src/Illuminate/Pipeline/Pipeline.php(219): Illuminate/Http/Middleware/TrustProxies->handle(Object(Illuminate/Http/Request), Object(Closure))
#55 C:/Users/DELL/Downloads/Parking-Finder2-stage3-auth-flow/vendor/laravel/framework/src/Illuminate/Foundation/Http/Middleware/InvokeDeferredCallbacks.php(22): Illuminate/Pipeline/Pipeline->Illuminate/Pipeline/{closure}(Object(Illuminate/Http/Request))
#56 C:/Users/DELL/Downloads/Parking-Finder2-stage3-auth-flow/vendor/laravel/framework/src/Illuminate/Pipeline/Pipeline.php(219): Illuminate/Foundation/Http/Middleware/InvokeDeferredCallbacks->handle(Object(Illuminate/Http/Request), Object(Closure))
#57 C:/Users/DELL/Downloads/Parking-Finder2-stage3-auth-flow/vendor/laravel/framework/src/Illuminate/Http/Middleware/ValidatePathEncoding.php(26): Illuminate/Pipeline/Pipeline->Illuminate/Pipeline/{closure}(Object(Illuminate/Http/Request))
#58 C:/Users/DELL/Downloads/Parking-Finder2-stage3-auth-flow/vendor/laravel/framework/src/Illuminate/Pipeline/Pipeline.php(219): Illuminate/Http/Middleware/ValidatePathEncoding->handle(Object(Illuminate/Http/Request), Object(Closure))
#59 C:/Users/DELL/Downloads/Parking-Finder2-stage3-auth-flow/vendor/laravel/framework/src/Illuminate/Pipeline/Pipeline.php(137): Illuminate/Pipeline/Pipeline->Illuminate/Pipeline/{closure}(Object(Illuminate/Http/Request))
#60 C:/Users/DELL/Downloads/Parking-Finder2-stage3-auth-flow/vendor/laravel/framework/src/Illuminate/Foundation/Http/Kernel.php(175): Illuminate/Pipeline/Pipeline->then(Object(Closure))
#61 C:/Users/DELL/Downloads/Parking-Finder2-stage3-auth-flow/vendor/laravel/framework/src/Illuminate/Foundation/Http/Kernel.php(144): Illuminate/Foundation/Http/Kernel->sendRequestThroughRouter(Object(Illuminate/Http/Request))
#62 C:/Users/DELL/Downloads/Parking-Finder2-stage3-auth-flow/vendor/laravel/framework/src/Illuminate/Foundation/Application.php(1220): Illuminate/Foundation/Http/Kernel->handle(Object(Illuminate/Http/Request))
#63 C:/Users/DELL/Downloads/Parking-Finder2-stage3-auth-flow/public/index.php(20): Illuminate/Foundation/Application->handleRequest(Object(Illuminate/Http/Request))
#64 C:/Users/DELL/Downloads/Parking-Finder2-stage3-auth-flow/vendor/laravel/framework/src/Illuminate/Foundation/resources/server.php(23): require_once('C://Users//DELL//D...')
#65 {main}
"} 
[2026-01-23 19:49:34] local.ERROR: Undefined variable $subscription (View: C:\Users\DELL\Downloads\Parking-Finder2-stage3-auth-flow\resources\views\user\profile\index.blade.php) {"userId":4,"exception":"[object] (Illuminate\\View\\ViewException(code: 0): Undefined variable $subscription (View: C:\\Users\\DELL\\Downloads\\Parking-Finder2-stage3-auth-flow\\resources\\views\\user\\profile\\index.blade.php) at C:/Users/DELL/Downloads/Parking-Finder2-stage3-auth-flow/storage/framework/views/ddfb85075902b223ed83c64adcd42343.php:133)
[stacktrace]
#0 C:/Users/DELL/Downloads/Parking-Finder2-stage3-auth-flow/vendor/laravel/framework/src/Illuminate/View/Engines/PhpEngine.php(59): Illuminate/View/Engines/CompilerEngine->handleViewException(Object(ErrorException), 1)
#1 C:/Users/DELL/Downloads/Parking-Finder2-stage3-auth-flow/vendor/laravel/framework/src/Illuminate/View/Engines/CompilerEngine.php(76): Illuminate/View/Engines/PhpEngine->evaluatePath('C://Users//DELL//D...', Array)
#2 C:/Users/DELL/Downloads/Parking-Finder2-stage3-auth-flow/vendor/laravel/framework/src/Illuminate/View/View.php(208): Illuminate/View/Engines/CompilerEngine->get('C://Users//DELL//D...', Array)
#3 C:/Users/DELL/Downloads/Parking-Finder2-stage3-auth-flow/vendor/laravel/framework/src/Illuminate/View/View.php(191): Illuminate/View/View->getContents()
#4 C:/Users/DELL/Downloads/Parking-Finder2-stage3-auth-flow/vendor/laravel/framework/src/Illuminate/View/View.php(160): Illuminate/View/View->renderContents()
#5 C:/Users/DELL/Downloads/Parking-Finder2-stage3-auth-flow/vendor/laravel/framework/src/Illuminate/Http/Response.php(78): Illuminate/View/View->render()
#6 C:/Users/DELL/Downloads/Parking-Finder2-stage3-auth-flow/vendor/laravel/framework/src/Illuminate/Http/Response.php(34): Illuminate/Http/Response->setContent(Object(Illuminate/View/View))
#7 C:/Users/DELL/Downloads/Parking-Finder2-stage3-auth-flow/vendor/laravel/framework/src/Illuminate/Routing/Router.php(939): Illuminate/Http/Response->__construct(Object(Illuminate/View/View), 200, Array)
#8 C:/Users/DELL/Downloads/Parking-Finder2-stage3-auth-flow/vendor/laravel/framework/src/Illuminate/Routing/Router.php(906): Illuminate/Routing/Router::toResponse(Object(Illuminate/Http/Request), Object(Illuminate/View/View))
#9 C:/Users/DELL/Downloads/Parking-Finder2-stage3-auth-flow/vendor/laravel/framework/src/Illuminate/Routing/Router.php(821): Illuminate/Routing/Router->prepareResponse(Object(Illuminate/Http/Request), Object(Illuminate/View/View))
#10 C:/Users/DELL/Downloads/Parking-Finder2-stage3-auth-flow/vendor/laravel/framework/src/Illuminate/Pipeline/Pipeline.php(180): Illuminate/Routing/Router->Illuminate/Routing/{closure}(Object(Illuminate/Http/Request))
#11 C:/Users/DELL/Downloads/Parking-Finder2-stage3-auth-flow/app/Http/Middleware/UserMiddleware.php(21): Illuminate/Pipeline/Pipeline->Illuminate/Pipeline/{closure}(Object(Illuminate/Http/Request))
#12 C:/Users/DELL/Downloads/Parking-Finder2-stage3-auth-flow/vendor/laravel/framework/src/Illuminate/Pipeline/Pipeline.php(219): App/Http/Middleware/UserMiddleware->handle(Object(Illuminate/Http/Request), Object(Closure))
#13 C:/Users/DELL/Downloads/Parking-Finder2-stage3-auth-flow/vendor/laravel/framework/src/Illuminate/Routing/Middleware/SubstituteBindings.php(50): Illuminate/Pipeline/Pipeline->Illuminate/Pipeline/{closure}(Object(Illuminate/Http/Request))
#14 C:/Users/DELL/Downloads/Parking-Finder2-stage3-auth-flow/vendor/laravel/framework/src/Illuminate/Pipeline/Pipeline.php(219): Illuminate/Routing/Middleware/SubstituteBindings->handle(Object(Illuminate/Http/Request), Object(Closure))
#15 C:/Users/DELL/Downloads/Parking-Finder2-stage3-auth-flow/vendor/laravel/framework/src/Illuminate/Auth/Middleware/Authenticate.php(63): Illuminate/Pipeline/Pipeline->Illuminate/Pipeline/{closure}(Object(Illuminate/Http/Request))
#16 C:/Users/DELL/Downloads/Parking-Finder2-stage3-auth-flow/vendor/laravel/framework/src/Illuminate/Pipeline/Pipeline.php(219): Illuminate/Auth/Middleware/Authenticate->handle(Object(Illuminate/Http/Request), Object(Closure))
#17 C:/Users/DELL/Downloads/Parking-Finder2-stage3-auth-flow/vendor/laravel/framework/src/Illuminate/Foundation/Http/Middleware/VerifyCsrfToken.php(87): Illuminate/Pipeline/Pipeline->Illuminate/Pipeline/{closure}(Object(Illuminate/Http/Request))
#18 C:/Users/DELL/Downloads/Parking-Finder2-stage3-auth-flow/vendor/laravel/framework/src/Illuminate/Pipeline/Pipeline.php(219): Illuminate/Foundation/Http/Middleware/VerifyCsrfToken->handle(Object(Illuminate/Http/Request), Object(Closure))
#19 C:/Users/DELL/Downloads/Parking-Finder2-stage3-auth-flow/vendor/laravel/framework/src/Illuminate/View/Middleware/ShareErrorsFromSession.php(48): Illuminate/Pipeline/Pipeline->Illuminate/Pipeline/{closure}(Object(Illuminate/Http/Request))
#20 C:/Users/DELL/Downloads/Parking-Finder2-stage3-auth-flow/vendor/laravel/framework/src/Illuminate/Pipeline/Pipeline.php(219): Illuminate/View/Middleware/ShareErrorsFromSession->handle(Object(Illuminate/Http/Request), Object(Closure))
#21 C:/Users/DELL/Downloads/Parking-Finder2-stage3-auth-flow/vendor/laravel/framework/src/Illuminate/Session/Middleware/StartSession.php(120): Illuminate/Pipeline/Pipeline->Illuminate/Pipeline/{closure}(Object(Illuminate/Http/Request))
#22 C:/Users/DELL/Downloads/Parking-Finder2-stage3-auth-flow/vendor/laravel/framework/src/Illuminate/Session/Middleware/StartSession.php(63): Illuminate/Session/Middleware/StartSession->handleStatefulRequest(Object(Illuminate/Http/Request), Object(Illuminate/Session/Store), Object(Closure))
#23 C:/Users/DELL/Downloads/Parking-Finder2-stage3-auth-flow/vendor/laravel/framework/src/Illuminate/Pipeline/Pipeline.php(219): Illuminate/Session/Middleware/StartSession->handle(Object(Illuminate/Http/Request), Object(Closure))
#24 C:/Users/DELL/Downloads/Parking-Finder2-stage3-auth-flow/vendor/laravel/framework/src/Illuminate/Cookie/Middleware/AddQueuedCookiesToResponse.php(36): Illuminate/Pipeline/Pipeline->Illuminate/Pipeline/{closure}(Object(Illuminate/Http/Request))
#25 C:/Users/DELL/Downloads/Parking-Finder2-stage3-auth-flow/vendor/laravel/framework/src/Illuminate/Pipeline/Pipeline.php(219): Illuminate/Cookie/Middleware/AddQueuedCookiesToResponse->handle(Object(Illuminate/Http/Request), Object(Closure))
#26 C:/Users/DELL/Downloads/Parking-Finder2-stage3-auth-flow/vendor/laravel/framework/src/Illuminate/Cookie/Middleware/EncryptCookies.php(74): Illuminate/Pipeline/Pipeline->Illuminate/Pipeline/{closure}(Object(Illuminate/Http/Request))
#27 C:/Users/DELL/Downloads/Parking-Finder2-stage3-auth-flow/vendor/laravel/framework/src/Illuminate/Pipeline/Pipeline.php(219): Illuminate/Cookie/Middleware/EncryptCookies->handle(Object(Illuminate/Http/Request), Object(Closure))
#28 C:/Users/DELL/Downloads/Parking-Finder2-stage3-auth-flow/vendor/laravel/framework/src/Illuminate/Pipeline/Pipeline.php(137): Illuminate/Pipeline/Pipeline->Illuminate/Pipeline/{closure}(Object(Illuminate/Http/Request))
#29 C:/Users/DELL/Downloads/Parking-Finder2-stage3-auth-flow/vendor/laravel/framework/src/Illuminate/Routing/Router.php(821): Illuminate/Pipeline/Pipeline->then(Object(Closure))
#30 C:/Users/DELL/Downloads/Parking-Finder2-stage3-auth-flow/vendor/laravel/framework/src/Illuminate/Routing/Router.php(800): Illuminate/Routing/Router->runRouteWithinStack(Object(Illuminate/Routing/Route), Object(Illuminate/Http/Request))
#31 C:/Users/DELL/Downloads/Parking-Finder2-stage3-auth-flow/vendor/laravel/framework/src/Illuminate/Routing/Router.php(764): Illuminate/Routing/Router->runRoute(Object(Illuminate/Http/Request), Object(Illuminate/Routing/Route))
#32 C:/Users/DELL/Downloads/Parking-Finder2-stage3-auth-flow/vendor/laravel/framework/src/Illuminate/Routing/Router.php(753): Illuminate/Routing/Router->dispatchToRoute(Object(Illuminate/Http/Request))
#33 C:/Users/DELL/Downloads/Parking-Finder2-stage3-auth-flow/vendor/laravel/framework/src/Illuminate/Foundation/Http/Kernel.php(200): Illuminate/Routing/Router->dispatch(Object(Illuminate/Http/Request))
#34 C:/Users/DELL/Downloads/Parking-Finder2-stage3-auth-flow/vendor/laravel/framework/src/Illuminate/Pipeline/Pipeline.php(180): Illuminate/Foundation/Http/Kernel->Illuminate/Foundation/Http/{closure}(Object(Illuminate/Http/Request))
#35 C:/Users/DELL/Downloads/Parking-Finder2-stage3-auth-flow/vendor/laravel/framework/src/Illuminate/Foundation/Http/Middleware/TransformsRequest.php(21): Illuminate/Pipeline/Pipeline->Illuminate/Pipeline/{closure}(Object(Illuminate/Http/Request))
#36 C:/Users/DELL/Downloads/Parking-Finder2-stage3-auth-flow/vendor/laravel/framework/src/Illuminate/Foundation/Http/Middleware/ConvertEmptyStringsToNull.php(31): Illuminate/Foundation/Http/Middleware/TransformsRequest->handle(Object(Illuminate/Http/Request), Object(Closure))
#37 C:/Users/DELL/Downloads/Parking-Finder2-stage3-auth-flow/vendor/laravel/framework/src/Illuminate/Pipeline/Pipeline.php(219): Illuminate/Foundation/Http/Middleware/ConvertEmptyStringsToNull->handle(Object(Illuminate/Http/Request), Object(Closure))
#38 C:/Users/DELL/Downloads/Parking-Finder2-stage3-auth-flow/vendor/laravel/framework/src/Illuminate/Foundation/Http/Middleware/TransformsRequest.php(21): Illuminate/Pipeline/Pipeline->Illuminate/Pipeline/{closure}(Object(Illuminate/Http/Request))
#39 C:/Users/DELL/Downloads/Parking-Finder2-stage3-auth-flow/vendor/laravel/framework/src/Illuminate/Foundation/Http/Middleware/TrimStrings.php(51): Illuminate/Foundation/Http/Middleware/TransformsRequest->handle(Object(Illuminate/Http/Request), Object(Closure))
#40 C:/Users/DELL/Downloads/Parking-Finder2-stage3-auth-flow/vendor/laravel/framework/src/Illuminate/Pipeline/Pipeline.php(219): Illuminate/Foundation/Http/Middleware/TrimStrings->handle(Object(Illuminate/Http/Request), Object(Closure))
#41 C:/Users/DELL/Downloads/Parking-Finder2-stage3-auth-flow/vendor/laravel/framework/src/Illuminate/Http/Middleware/ValidatePostSize.php(27): Illuminate/Pipeline/Pipeline->Illuminate/Pipeline/{closure}(Object(Illuminate/Http/Request))
#42 C:/Users/DELL/Downloads/Parking-Finder2-stage3-auth-flow/vendor/laravel/framework/src/Illuminate/Pipeline/Pipeline.php(219): Illuminate/Http/Middleware/ValidatePostSize->handle(Object(Illuminate/Http/Request), Object(Closure))
#43 C:/Users/DELL/Downloads/Parking-Finder2-stage3-auth-flow/vendor/laravel/framework/src/Illuminate/Foundation/Http/Middleware/PreventRequestsDuringMaintenance.php(109): Illuminate/Pipeline/Pipeline->Illuminate/Pipeline/{closure}(Object(Illuminate/Http/Request))
#44 C:/Users/DELL/Downloads/Parking-Finder2-stage3-auth-flow/vendor/laravel/framework/src/Illuminate/Pipeline/Pipeline.php(219): Illuminate/Foundation/Http/Middleware/PreventRequestsDuringMaintenance->handle(Object(Illuminate/Http/Request), Object(Closure))
#45 C:/Users/DELL/Downloads/Parking-Finder2-stage3-auth-flow/vendor/laravel/framework/src/Illuminate/Http/Middleware/HandleCors.php(48): Illuminate/Pipeline/Pipeline->Illuminate/Pipeline/{closure}(Object(Illuminate/Http/Request))
#46 C:/Users/DELL/Downloads/Parking-Finder2-stage3-auth-flow/vendor/laravel/framework/src/Illuminate/Pipeline/Pipeline.php(219): Illuminate/Http/Middleware/HandleCors->handle(Object(Illuminate/Http/Request), Object(Closure))
#47 C:/Users/DELL/Downloads/Parking-Finder2-stage3-auth-flow/vendor/laravel/framework/src/Illuminate/Http/Middleware/TrustProxies.php(58): Illuminate/Pipeline/Pipeline->Illuminate/Pipeline/{closure}(Object(Illuminate/Http/Request))
#48 C:/Users/DELL/Downloads/Parking-Finder2-stage3-auth-flow/vendor/laravel/framework/src/Illuminate/Pipeline/Pipeline.php(219): Illuminate/Http/Middleware/TrustProxies->handle(Object(Illuminate/Http/Request), Object(Closure))
#49 C:/Users/DELL/Downloads/Parking-Finder2-stage3-auth-flow/vendor/laravel/framework/src/Illuminate/Foundation/Http/Middleware/InvokeDeferredCallbacks.php(22): Illuminate/Pipeline/Pipeline->Illuminate/Pipeline/{closure}(Object(Illuminate/Http/Request))
#50 C:/Users/DELL/Downloads/Parking-Finder2-stage3-auth-flow/vendor/laravel/framework/src/Illuminate/Pipeline/Pipeline.php(219): Illuminate/Foundation/Http/Middleware/InvokeDeferredCallbacks->handle(Object(Illuminate/Http/Request), Object(Closure))
#51 C:/Users/DELL/Downloads/Parking-Finder2-stage3-auth-flow/vendor/laravel/framework/src/Illuminate/Http/Middleware/ValidatePathEncoding.php(26): Illuminate/Pipeline/Pipeline->Illuminate/Pipeline/{closure}(Object(Illuminate/Http/Request))
#52 C:/Users/DELL/Downloads/Parking-Finder2-stage3-auth-flow/vendor/laravel/framework/src/Illuminate/Pipeline/Pipeline.php(219): Illuminate/Http/Middleware/ValidatePathEncoding->handle(Object(Illuminate/Http/Request), Object(Closure))
#53 C:/Users/DELL/Downloads/Parking-Finder2-stage3-auth-flow/vendor/laravel/framework/src/Illuminate/Pipeline/Pipeline.php(137): Illuminate/Pipeline/Pipeline->Illuminate/Pipeline/{closure}(Object(Illuminate/Http/Request))
#54 C:/Users/DELL/Downloads/Parking-Finder2-stage3-auth-flow/vendor/laravel/framework/src/Illuminate/Foundation/Http/Kernel.php(175): Illuminate/Pipeline/Pipeline->then(Object(Closure))
#55 C:/Users/DELL/Downloads/Parking-Finder2-stage3-auth-flow/vendor/laravel/framework/src/Illuminate/Foundation/Http/Kernel.php(144): Illuminate/Foundation/Http/Kernel->sendRequestThroughRouter(Object(Illuminate/Http/Request))
#56 C:/Users/DELL/Downloads/Parking-Finder2-stage3-auth-flow/vendor/laravel/framework/src/Illuminate/Foundation/Application.php(1220): Illuminate/Foundation/Http/Kernel->handle(Object(Illuminate/Http/Request))
#57 C:/Users/DELL/Downloads/Parking-Finder2-stage3-auth-flow/public/index.php(20): Illuminate/Foundation/Application->handleRequest(Object(Illuminate/Http/Request))
#58 C:/Users/DELL/Downloads/Parking-Finder2-stage3-auth-flow/vendor/laravel/framework/src/Illuminate/Foundation/resources/server.php(23): require_once('C://Users//DELL//D...')
#59 {main}

[previous exception] [object] (ErrorException(code: 0): Undefined variable $subscription at C:/Users/DELL/Downloads/Parking-Finder2-stage3-auth-flow/storage/framework/views/ddfb85075902b223ed83c64adcd42343.php:133)
[stacktrace]
#0 C:/Users/DELL/Downloads/Parking-Finder2-stage3-auth-flow/vendor/laravel/framework/src/Illuminate/Foundation/Bootstrap/HandleExceptions.php(258): Illuminate/Foundation/Bootstrap/HandleExceptions->handleError(2, 'Undefined varia...', 'C://Users//DELL//D...', 133)
#1 C:/Users/DELL/Downloads/Parking-Finder2-stage3-auth-flow/storage/framework/views/ddfb85075902b223ed83c64adcd42343.php(133): Illuminate/Foundation/Bootstrap/HandleExceptions->Illuminate/Foundation/Bootstrap/{closure}(2, 'Undefined varia...', 'C://Users//DELL//D...', 133)
#2 C:/Users/DELL/Downloads/Parking-Finder2-stage3-auth-flow/vendor/laravel/framework/src/Illuminate/Filesystem/Filesystem.php(123): require('C://Users//DELL//D...')
#3 C:/Users/DELL/Downloads/Parking-Finder2-stage3-auth-flow/vendor/laravel/framework/src/Illuminate/Filesystem/Filesystem.php(124): Illuminate/Filesystem/Filesystem::Illuminate/Filesystem/{closure}()
#4 C:/Users/DELL/Downloads/Parking-Finder2-stage3-auth-flow/vendor/laravel/framework/src/Illuminate/View/Engines/PhpEngine.php(57): Illuminate/Filesystem/Filesystem->getRequire('C://Users//DELL//D...', Array)
#5 C:/Users/DELL/Downloads/Parking-Finder2-stage3-auth-flow/vendor/laravel/framework/src/Illuminate/View/Engines/CompilerEngine.php(76): Illuminate/View/Engines/PhpEngine->evaluatePath('C://Users//DELL//D...', Array)
#6 C:/Users/DELL/Downloads/Parking-Finder2-stage3-auth-flow/vendor/laravel/framework/src/Illuminate/View/View.php(208): Illuminate/View/Engines/CompilerEngine->get('C://Users//DELL//D...', Array)
#7 C:/Users/DELL/Downloads/Parking-Finder2-stage3-auth-flow/vendor/laravel/framework/src/Illuminate/View/View.php(191): Illuminate/View/View->getContents()
#8 C:/Users/DELL/Downloads/Parking-Finder2-stage3-auth-flow/vendor/laravel/framework/src/Illuminate/View/View.php(160): Illuminate/View/View->renderContents()
#9 C:/Users/DELL/Downloads/Parking-Finder2-stage3-auth-flow/vendor/laravel/framework/src/Illuminate/Http/Response.php(78): Illuminate/View/View->render()
#10 C:/Users/DELL/Downloads/Parking-Finder2-stage3-auth-flow/vendor/laravel/framework/src/Illuminate/Http/Response.php(34): Illuminate/Http/Response->setContent(Object(Illuminate/View/View))
#11 C:/Users/DELL/Downloads/Parking-Finder2-stage3-auth-flow/vendor/laravel/framework/src/Illuminate/Routing/Router.php(939): Illuminate/Http/Response->__construct(Object(Illuminate/View/View), 200, Array)
#12 C:/Users/DELL/Downloads/Parking-Finder2-stage3-auth-flow/vendor/laravel/framework/src/Illuminate/Routing/Router.php(906): Illuminate/Routing/Router::toResponse(Object(Illuminate/Http/Request), Object(Illuminate/View/View))
#13 C:/Users/DELL/Downloads/Parking-Finder2-stage3-auth-flow/vendor/laravel/framework/src/Illuminate/Routing/Router.php(821): Illuminate/Routing/Router->prepareResponse(Object(Illuminate/Http/Request), Object(Illuminate/View/View))
#14 C:/Users/DELL/Downloads/Parking-Finder2-stage3-auth-flow/vendor/laravel/framework/src/Illuminate/Pipeline/Pipeline.php(180): Illuminate/Routing/Router->Illuminate/Routing/{closure}(Object(Illuminate/Http/Request))
#15 C:/Users/DELL/Downloads/Parking-Finder2-stage3-auth-flow/app/Http/Middleware/UserMiddleware.php(21): Illuminate/Pipeline/Pipeline->Illuminate/Pipeline/{closure}(Object(Illuminate/Http/Request))
#16 C:/Users/DELL/Downloads/Parking-Finder2-stage3-auth-flow/vendor/laravel/framework/src/Illuminate/Pipeline/Pipeline.php(219): App/Http/Middleware/UserMiddleware->handle(Object(Illuminate/Http/Request), Object(Closure))
#17 C:/Users/DELL/Downloads/Parking-Finder2-stage3-auth-flow/vendor/laravel/framework/src/Illuminate/Routing/Middleware/SubstituteBindings.php(50): Illuminate/Pipeline/Pipeline->Illuminate/Pipeline/{closure}(Object(Illuminate/Http/Request))
#18 C:/Users/DELL/Downloads/Parking-Finder2-stage3-auth-flow/vendor/laravel/framework/src/Illuminate/Pipeline/Pipeline.php(219): Illuminate/Routing/Middleware/SubstituteBindings->handle(Object(Illuminate/Http/Request), Object(Closure))
#19 C:/Users/DELL/Downloads/Parking-Finder2-stage3-auth-flow/vendor/laravel/framework/src/Illuminate/Auth/Middleware/Authenticate.php(63): Illuminate/Pipeline/Pipeline->Illuminate/Pipeline/{closure}(Object(Illuminate/Http/Request))
#20 C:/Users/DELL/Downloads/Parking-Finder2-stage3-auth-flow/vendor/laravel/framework/src/Illuminate/Pipeline/Pipeline.php(219): Illuminate/Auth/Middleware/Authenticate->handle(Object(Illuminate/Http/Request), Object(Closure))
#21 C:/Users/DELL/Downloads/Parking-Finder2-stage3-auth-flow/vendor/laravel/framework/src/Illuminate/Foundation/Http/Middleware/VerifyCsrfToken.php(87): Illuminate/Pipeline/Pipeline->Illuminate/Pipeline/{closure}(Object(Illuminate/Http/Request))
#22 C:/Users/DELL/Downloads/Parking-Finder2-stage3-auth-flow/vendor/laravel/framework/src/Illuminate/Pipeline/Pipeline.php(219): Illuminate/Foundation/Http/Middleware/VerifyCsrfToken->handle(Object(Illuminate/Http/Request), Object(Closure))
#23 C:/Users/DELL/Downloads/Parking-Finder2-stage3-auth-flow/vendor/laravel/framework/src/Illuminate/View/Middleware/ShareErrorsFromSession.php(48): Illuminate/Pipeline/Pipeline->Illuminate/Pipeline/{closure}(Object(Illuminate/Http/Request))
#24 C:/Users/DELL/Downloads/Parking-Finder2-stage3-auth-flow/vendor/laravel/framework/src/Illuminate/Pipeline/Pipeline.php(219): Illuminate/View/Middleware/ShareErrorsFromSession->handle(Object(Illuminate/Http/Request), Object(Closure))
#25 C:/Users/DELL/Downloads/Parking-Finder2-stage3-auth-flow/vendor/laravel/framework/src/Illuminate/Session/Middleware/StartSession.php(120): Illuminate/Pipeline/Pipeline->Illuminate/Pipeline/{closure}(Object(Illuminate/Http/Request))
#26 C:/Users/DELL/Downloads/Parking-Finder2-stage3-auth-flow/vendor/laravel/framework/src/Illuminate/Session/Middleware/StartSession.php(63): Illuminate/Session/Middleware/StartSession->handleStatefulRequest(Object(Illuminate/Http/Request), Object(Illuminate/Session/Store), Object(Closure))
#27 C:/Users/DELL/Downloads/Parking-Finder2-stage3-auth-flow/vendor/laravel/framework/src/Illuminate/Pipeline/Pipeline.php(219): Illuminate/Session/Middleware/StartSession->handle(Object(Illuminate/Http/Request), Object(Closure))
#28 C:/Users/DELL/Downloads/Parking-Finder2-stage3-auth-flow/vendor/laravel/framework/src/Illuminate/Cookie/Middleware/AddQueuedCookiesToResponse.php(36): Illuminate/Pipeline/Pipeline->Illuminate/Pipeline/{closure}(Object(Illuminate/Http/Request))
#29 C:/Users/DELL/Downloads/Parking-Finder2-stage3-auth-flow/vendor/laravel/framework/src/Illuminate/Pipeline/Pipeline.php(219): Illuminate/Cookie/Middleware/AddQueuedCookiesToResponse->handle(Object(Illuminate/Http/Request), Object(Closure))
#30 C:/Users/DELL/Downloads/Parking-Finder2-stage3-auth-flow/vendor/laravel/framework/src/Illuminate/Cookie/Middleware/EncryptCookies.php(74): Illuminate/Pipeline/Pipeline->Illuminate/Pipeline/{closure}(Object(Illuminate/Http/Request))
#31 C:/Users/DELL/Downloads/Parking-Finder2-stage3-auth-flow/vendor/laravel/framework/src/Illuminate/Pipeline/Pipeline.php(219): Illuminate/Cookie/Middleware/EncryptCookies->handle(Object(Illuminate/Http/Request), Object(Closure))
#32 C:/Users/DELL/Downloads/Parking-Finder2-stage3-auth-flow/vendor/laravel/framework/src/Illuminate/Pipeline/Pipeline.php(137): Illuminate/Pipeline/Pipeline->Illuminate/Pipeline/{closure}(Object(Illuminate/Http/Request))
#33 C:/Users/DELL/Downloads/Parking-Finder2-stage3-auth-flow/vendor/laravel/framework/src/Illuminate/Routing/Router.php(821): Illuminate/Pipeline/Pipeline->then(Object(Closure))
#34 C:/Users/DELL/Downloads/Parking-Finder2-stage3-auth-flow/vendor/laravel/framework/src/Illuminate/Routing/Router.php(800): Illuminate/Routing/Router->runRouteWithinStack(Object(Illuminate/Routing/Route), Object(Illuminate/Http/Request))
#35 C:/Users/DELL/Downloads/Parking-Finder2-stage3-auth-flow/vendor/laravel/framework/src/Illuminate/Routing/Router.php(764): Illuminate/Routing/Router->runRoute(Object(Illuminate/Http/Request), Object(Illuminate/Routing/Route))
#36 C:/Users/DELL/Downloads/Parking-Finder2-stage3-auth-flow/vendor/laravel/framework/src/Illuminate/Routing/Router.php(753): Illuminate/Routing/Router->dispatchToRoute(Object(Illuminate/Http/Request))
#37 C:/Users/DELL/Downloads/Parking-Finder2-stage3-auth-flow/vendor/laravel/framework/src/Illuminate/Foundation/Http/Kernel.php(200): Illuminate/Routing/Router->dispatch(Object(Illuminate/Http/Request))
#38 C:/Users/DELL/Downloads/Parking-Finder2-stage3-auth-flow/vendor/laravel/framework/src/Illuminate/Pipeline/Pipeline.php(180): Illuminate/Foundation/Http/Kernel->Illuminate/Foundation/Http/{closure}(Object(Illuminate/Http/Request))
#39 C:/Users/DELL/Downloads/Parking-Finder2-stage3-auth-flow/vendor/laravel/framework/src/Illuminate/Foundation/Http/Middleware/TransformsRequest.php(21): Illuminate/Pipeline/Pipeline->Illuminate/Pipeline/{closure}(Object(Illuminate/Http/Request))
#40 C:/Users/DELL/Downloads/Parking-Finder2-stage3-auth-flow/vendor/laravel/framework/src/Illuminate/Foundation/Http/Middleware/ConvertEmptyStringsToNull.php(31): Illuminate/Foundation/Http/Middleware/TransformsRequest->handle(Object(Illuminate/Http/Request), Object(Closure))
#41 C:/Users/DELL/Downloads/Parking-Finder2-stage3-auth-flow/vendor/laravel/framework/src/Illuminate/Pipeline/Pipeline.php(219): Illuminate/Foundation/Http/Middleware/ConvertEmptyStringsToNull->handle(Object(Illuminate/Http/Request), Object(Closure))
#42 C:/Users/DELL/Downloads/Parking-Finder2-stage3-auth-flow/vendor/laravel/framework/src/Illuminate/Foundation/Http/Middleware/TransformsRequest.php(21): Illuminate/Pipeline/Pipeline->Illuminate/Pipeline/{closure}(Object(Illuminate/Http/Request))
#43 C:/Users/DELL/Downloads/Parking-Finder2-stage3-auth-flow/vendor/laravel/framework/src/Illuminate/Foundation/Http/Middleware/TrimStrings.php(51): Illuminate/Foundation/Http/Middleware/TransformsRequest->handle(Object(Illuminate/Http/Request), Object(Closure))
#44 C:/Users/DELL/Downloads/Parking-Finder2-stage3-auth-flow/vendor/laravel/framework/src/Illuminate/Pipeline/Pipeline.php(219): Illuminate/Foundation/Http/Middleware/TrimStrings->handle(Object(Illuminate/Http/Request), Object(Closure))
#45 C:/Users/DELL/Downloads/Parking-Finder2-stage3-auth-flow/vendor/laravel/framework/src/Illuminate/Http/Middleware/ValidatePostSize.php(27): Illuminate/Pipeline/Pipeline->Illuminate/Pipeline/{closure}(Object(Illuminate/Http/Request))
#46 C:/Users/DELL/Downloads/Parking-Finder2-stage3-auth-flow/vendor/laravel/framework/src/Illuminate/Pipeline/Pipeline.php(219): Illuminate/Http/Middleware/ValidatePostSize->handle(Object(Illuminate/Http/Request), Object(Closure))
#47 C:/Users/DELL/Downloads/Parking-Finder2-stage3-auth-flow/vendor/laravel/framework/src/Illuminate/Foundation/Http/Middleware/PreventRequestsDuringMaintenance.php(109): Illuminate/Pipeline/Pipeline->Illuminate/Pipeline/{closure}(Object(Illuminate/Http/Request))
#48 C:/Users/DELL/Downloads/Parking-Finder2-stage3-auth-flow/vendor/laravel/framework/src/Illuminate/Pipeline/Pipeline.php(219): Illuminate/Foundation/Http/Middleware/PreventRequestsDuringMaintenance->handle(Object(Illuminate/Http/Request), Object(Closure))
#49 C:/Users/DELL/Downloads/Parking-Finder2-stage3-auth-flow/vendor/laravel/framework/src/Illuminate/Http/Middleware/HandleCors.php(48): Illuminate/Pipeline/Pipeline->Illuminate/Pipeline/{closure}(Object(Illuminate/Http/Request))
#50 C:/Users/DELL/Downloads/Parking-Finder2-stage3-auth-flow/vendor/laravel/framework/src/Illuminate/Pipeline/Pipeline.php(219): Illuminate/Http/Middleware/HandleCors->handle(Object(Illuminate/Http/Request), Object(Closure))
#51 C:/Users/DELL/Downloads/Parking-Finder2-stage3-auth-flow/vendor/laravel/framework/src/Illuminate/Http/Middleware/TrustProxies.php(58): Illuminate/Pipeline/Pipeline->Illuminate/Pipeline/{closure}(Object(Illuminate/Http/Request))
#52 C:/Users/DELL/Downloads/Parking-Finder2-stage3-auth-flow/vendor/laravel/framework/src/Illuminate/Pipeline/Pipeline.php(219): Illuminate/Http/Middleware/TrustProxies->handle(Object(Illuminate/Http/Request), Object(Closure))
#53 C:/Users/DELL/Downloads/Parking-Finder2-stage3-auth-flow/vendor/laravel/framework/src/Illuminate/Foundation/Http/Middleware/InvokeDeferredCallbacks.php(22): Illuminate/Pipeline/Pipeline->Illuminate/Pipeline/{closure}(Object(Illuminate/Http/Request))
#54 C:/Users/DELL/Downloads/Parking-Finder2-stage3-auth-flow/vendor/laravel/framework/src/Illuminate/Pipeline/Pipeline.php(219): Illuminate/Foundation/Http/Middleware/InvokeDeferredCallbacks->handle(Object(Illuminate/Http/Request), Object(Closure))
#55 C:/Users/DELL/Downloads/Parking-Finder2-stage3-auth-flow/vendor/laravel/framework/src/Illuminate/Http/Middleware/ValidatePathEncoding.php(26): Illuminate/Pipeline/Pipeline->Illuminate/Pipeline/{closure}(Object(Illuminate/Http/Request))
#56 C:/Users/DELL/Downloads/Parking-Finder2-stage3-auth-flow/vendor/laravel/framework/src/Illuminate/Pipeline/Pipeline.php(219): Illuminate/Http/Middleware/ValidatePathEncoding->handle(Object(Illuminate/Http/Request), Object(Closure))
#57 C:/Users/DELL/Downloads/Parking-Finder2-stage3-auth-flow/vendor/laravel/framework/src/Illuminate/Pipeline/Pipeline.php(137): Illuminate/Pipeline/Pipeline->Illuminate/Pipeline/{closure}(Object(Illuminate/Http/Request))
#58 C:/Users/DELL/Downloads/Parking-Finder2-stage3-auth-flow/vendor/laravel/framework/src/Illuminate/Foundation/Http/Kernel.php(175): Illuminate/Pipeline/Pipeline->then(Object(Closure))
#59 C:/Users/DELL/Downloads/Parking-Finder2-stage3-auth-flow/vendor/laravel/framework/src/Illuminate/Foundation/Http/Kernel.php(144): Illuminate/Foundation/Http/Kernel->sendRequestThroughRouter(Object(Illuminate/Http/Request))
#60 C:/Users/DELL/Downloads/Parking-Finder2-stage3-auth-flow/vendor/laravel/framework/src/Illuminate/Foundation/Application.php(1220): Illuminate/Foundation/Http/Kernel->handle(Object(Illuminate/Http/Request))
#61 C:/Users/DELL/Downloads/Parking-Finder2-stage3-auth-flow/public/index.php(20): Illuminate/Foundation/Application->handleRequest(Object(Illuminate/Http/Request))
#62 C:/Users/DELL/Downloads/Parking-Finder2-stage3-auth-flow/vendor/laravel/framework/src/Illuminate/Foundation/resources/server.php(23): require_once('C://Users//DELL//D...')
#63 {main}
"} 
[2026-01-23 20:08:20] local.ERROR: Undefined variable $subscription (View: C:\Users\DELL\Downloads\Parking-Finder2-stage3-auth-flow\resources\views\user\profile\index.blade.php) {"userId":4,"exception":"[object] (Illuminate\\View\\ViewException(code: 0): Undefined variable $subscription (View: C:\\Users\\DELL\\Downloads\\Parking-Finder2-stage3-auth-flow\\resources\\views\\user\\profile\\index.blade.php) at C:/Users/DELL/Downloads/Parking-Finder2-stage3-auth-flow/storage/framework/views/ddfb85075902b223ed83c64adcd42343.php:133)
[stacktrace]
#0 C:/Users/DELL/Downloads/Parking-Finder2-stage3-auth-flow/vendor/laravel/framework/src/Illuminate/View/Engines/PhpEngine.php(59): Illuminate/View/Engines/CompilerEngine->handleViewException(Object(ErrorException), 1)
#1 C:/Users/DELL/Downloads/Parking-Finder2-stage3-auth-flow/vendor/laravel/framework/src/Illuminate/View/Engines/CompilerEngine.php(76): Illuminate/View/Engines/PhpEngine->evaluatePath('C://Users//DELL//D...', Array)
#2 C:/Users/DELL/Downloads/Parking-Finder2-stage3-auth-flow/vendor/laravel/framework/src/Illuminate/View/View.php(208): Illuminate/View/Engines/CompilerEngine->get('C://Users//DELL//D...', Array)
#3 C:/Users/DELL/Downloads/Parking-Finder2-stage3-auth-flow/vendor/laravel/framework/src/Illuminate/View/View.php(191): Illuminate/View/View->getContents()
#4 C:/Users/DELL/Downloads/Parking-Finder2-stage3-auth-flow/vendor/laravel/framework/src/Illuminate/View/View.php(160): Illuminate/View/View->renderContents()
#5 C:/Users/DELL/Downloads/Parking-Finder2-stage3-auth-flow/vendor/laravel/framework/src/Illuminate/Http/Response.php(78): Illuminate/View/View->render()
#6 C:/Users/DELL/Downloads/Parking-Finder2-stage3-auth-flow/vendor/laravel/framework/src/Illuminate/Http/Response.php(34): Illuminate/Http/Response->setContent(Object(Illuminate/View/View))
#7 C:/Users/DELL/Downloads/Parking-Finder2-stage3-auth-flow/vendor/laravel/framework/src/Illuminate/Routing/Router.php(939): Illuminate/Http/Response->__construct(Object(Illuminate/View/View), 200, Array)
#8 C:/Users/DELL/Downloads/Parking-Finder2-stage3-auth-flow/vendor/laravel/framework/src/Illuminate/Routing/Router.php(906): Illuminate/Routing/Router::toResponse(Object(Illuminate/Http/Request), Object(Illuminate/View/View))
#9 C:/Users/DELL/Downloads/Parking-Finder2-stage3-auth-flow/vendor/laravel/framework/src/Illuminate/Routing/Router.php(821): Illuminate/Routing/Router->prepareResponse(Object(Illuminate/Http/Request), Object(Illuminate/View/View))
#10 C:/Users/DELL/Downloads/Parking-Finder2-stage3-auth-flow/vendor/laravel/framework/src/Illuminate/Pipeline/Pipeline.php(180): Illuminate/Routing/Router->Illuminate/Routing/{closure}(Object(Illuminate/Http/Request))
#11 C:/Users/DELL/Downloads/Parking-Finder2-stage3-auth-flow/app/Http/Middleware/UserMiddleware.php(21): Illuminate/Pipeline/Pipeline->Illuminate/Pipeline/{closure}(Object(Illuminate/Http/Request))
#12 C:/Users/DELL/Downloads/Parking-Finder2-stage3-auth-flow/vendor/laravel/framework/src/Illuminate/Pipeline/Pipeline.php(219): App/Http/Middleware/UserMiddleware->handle(Object(Illuminate/Http/Request), Object(Closure))
#13 C:/Users/DELL/Downloads/Parking-Finder2-stage3-auth-flow/vendor/laravel/framework/src/Illuminate/Routing/Middleware/SubstituteBindings.php(50): Illuminate/Pipeline/Pipeline->Illuminate/Pipeline/{closure}(Object(Illuminate/Http/Request))
#14 C:/Users/DELL/Downloads/Parking-Finder2-stage3-auth-flow/vendor/laravel/framework/src/Illuminate/Pipeline/Pipeline.php(219): Illuminate/Routing/Middleware/SubstituteBindings->handle(Object(Illuminate/Http/Request), Object(Closure))
#15 C:/Users/DELL/Downloads/Parking-Finder2-stage3-auth-flow/vendor/laravel/framework/src/Illuminate/Auth/Middleware/Authenticate.php(63): Illuminate/Pipeline/Pipeline->Illuminate/Pipeline/{closure}(Object(Illuminate/Http/Request))
#16 C:/Users/DELL/Downloads/Parking-Finder2-stage3-auth-flow/vendor/laravel/framework/src/Illuminate/Pipeline/Pipeline.php(219): Illuminate/Auth/Middleware/Authenticate->handle(Object(Illuminate/Http/Request), Object(Closure))
#17 C:/Users/DELL/Downloads/Parking-Finder2-stage3-auth-flow/vendor/laravel/framework/src/Illuminate/Foundation/Http/Middleware/VerifyCsrfToken.php(87): Illuminate/Pipeline/Pipeline->Illuminate/Pipeline/{closure}(Object(Illuminate/Http/Request))
#18 C:/Users/DELL/Downloads/Parking-Finder2-stage3-auth-flow/vendor/laravel/framework/src/Illuminate/Pipeline/Pipeline.php(219): Illuminate/Foundation/Http/Middleware/VerifyCsrfToken->handle(Object(Illuminate/Http/Request), Object(Closure))
#19 C:/Users/DELL/Downloads/Parking-Finder2-stage3-auth-flow/vendor/laravel/framework/src/Illuminate/View/Middleware/ShareErrorsFromSession.php(48): Illuminate/Pipeline/Pipeline->Illuminate/Pipeline/{closure}(Object(Illuminate/Http/Request))
#20 C:/Users/DELL/Downloads/Parking-Finder2-stage3-auth-flow/vendor/laravel/framework/src/Illuminate/Pipeline/Pipeline.php(219): Illuminate/View/Middleware/ShareErrorsFromSession->handle(Object(Illuminate/Http/Request), Object(Closure))
#21 C:/Users/DELL/Downloads/Parking-Finder2-stage3-auth-flow/vendor/laravel/framework/src/Illuminate/Session/Middleware/StartSession.php(120): Illuminate/Pipeline/Pipeline->Illuminate/Pipeline/{closure}(Object(Illuminate/Http/Request))
#22 C:/Users/DELL/Downloads/Parking-Finder2-stage3-auth-flow/vendor/laravel/framework/src/Illuminate/Session/Middleware/StartSession.php(63): Illuminate/Session/Middleware/StartSession->handleStatefulRequest(Object(Illuminate/Http/Request), Object(Illuminate/Session/Store), Object(Closure))
#23 C:/Users/DELL/Downloads/Parking-Finder2-stage3-auth-flow/vendor/laravel/framework/src/Illuminate/Pipeline/Pipeline.php(219): Illuminate/Session/Middleware/StartSession->handle(Object(Illuminate/Http/Request), Object(Closure))
#24 C:/Users/DELL/Downloads/Parking-Finder2-stage3-auth-flow/vendor/laravel/framework/src/Illuminate/Cookie/Middleware/AddQueuedCookiesToResponse.php(36): Illuminate/Pipeline/Pipeline->Illuminate/Pipeline/{closure}(Object(Illuminate/Http/Request))
#25 C:/Users/DELL/Downloads/Parking-Finder2-stage3-auth-flow/vendor/laravel/framework/src/Illuminate/Pipeline/Pipeline.php(219): Illuminate/Cookie/Middleware/AddQueuedCookiesToResponse->handle(Object(Illuminate/Http/Request), Object(Closure))
#26 C:/Users/DELL/Downloads/Parking-Finder2-stage3-auth-flow/vendor/laravel/framework/src/Illuminate/Cookie/Middleware/EncryptCookies.php(74): Illuminate/Pipeline/Pipeline->Illuminate/Pipeline/{closure}(Object(Illuminate/Http/Request))
#27 C:/Users/DELL/Downloads/Parking-Finder2-stage3-auth-flow/vendor/laravel/framework/src/Illuminate/Pipeline/Pipeline.php(219): Illuminate/Cookie/Middleware/EncryptCookies->handle(Object(Illuminate/Http/Request), Object(Closure))
#28 C:/Users/DELL/Downloads/Parking-Finder2-stage3-auth-flow/vendor/laravel/framework/src/Illuminate/Pipeline/Pipeline.php(137): Illuminate/Pipeline/Pipeline->Illuminate/Pipeline/{closure}(Object(Illuminate/Http/Request))
#29 C:/Users/DELL/Downloads/Parking-Finder2-stage3-auth-flow/vendor/laravel/framework/src/Illuminate/Routing/Router.php(821): Illuminate/Pipeline/Pipeline->then(Object(Closure))
#30 C:/Users/DELL/Downloads/Parking-Finder2-stage3-auth-flow/vendor/laravel/framework/src/Illuminate/Routing/Router.php(800): Illuminate/Routing/Router->runRouteWithinStack(Object(Illuminate/Routing/Route), Object(Illuminate/Http/Request))
#31 C:/Users/DELL/Downloads/Parking-Finder2-stage3-auth-flow/vendor/laravel/framework/src/Illuminate/Routing/Router.php(764): Illuminate/Routing/Router->runRoute(Object(Illuminate/Http/Request), Object(Illuminate/Routing/Route))
#32 C:/Users/DELL/Downloads/Parking-Finder2-stage3-auth-flow/vendor/laravel/framework/src/Illuminate/Routing/Router.php(753): Illuminate/Routing/Router->dispatchToRoute(Object(Illuminate/Http/Request))
#33 C:/Users/DELL/Downloads/Parking-Finder2-stage3-auth-flow/vendor/laravel/framework/src/Illuminate/Foundation/Http/Kernel.php(200): Illuminate/Routing/Router->dispatch(Object(Illuminate/Http/Request))
#34 C:/Users/DELL/Downloads/Parking-Finder2-stage3-auth-flow/vendor/laravel/framework/src/Illuminate/Pipeline/Pipeline.php(180): Illuminate/Foundation/Http/Kernel->Illuminate/Foundation/Http/{closure}(Object(Illuminate/Http/Request))
#35 C:/Users/DELL/Downloads/Parking-Finder2-stage3-auth-flow/vendor/laravel/framework/src/Illuminate/Foundation/Http/Middleware/TransformsRequest.php(21): Illuminate/Pipeline/Pipeline->Illuminate/Pipeline/{closure}(Object(Illuminate/Http/Request))
#36 C:/Users/DELL/Downloads/Parking-Finder2-stage3-auth-flow/vendor/laravel/framework/src/Illuminate/Foundation/Http/Middleware/ConvertEmptyStringsToNull.php(31): Illuminate/Foundation/Http/Middleware/TransformsRequest->handle(Object(Illuminate/Http/Request), Object(Closure))
#37 C:/Users/DELL/Downloads/Parking-Finder2-stage3-auth-flow/vendor/laravel/framework/src/Illuminate/Pipeline/Pipeline.php(219): Illuminate/Foundation/Http/Middleware/ConvertEmptyStringsToNull->handle(Object(Illuminate/Http/Request), Object(Closure))
#38 C:/Users/DELL/Downloads/Parking-Finder2-stage3-auth-flow/vendor/laravel/framework/src/Illuminate/Foundation/Http/Middleware/TransformsRequest.php(21): Illuminate/Pipeline/Pipeline->Illuminate/Pipeline/{closure}(Object(Illuminate/Http/Request))
#39 C:/Users/DELL/Downloads/Parking-Finder2-stage3-auth-flow/vendor/laravel/framework/src/Illuminate/Foundation/Http/Middleware/TrimStrings.php(51): Illuminate/Foundation/Http/Middleware/TransformsRequest->handle(Object(Illuminate/Http/Request), Object(Closure))
#40 C:/Users/DELL/Downloads/Parking-Finder2-stage3-auth-flow/vendor/laravel/framework/src/Illuminate/Pipeline/Pipeline.php(219): Illuminate/Foundation/Http/Middleware/TrimStrings->handle(Object(Illuminate/Http/Request), Object(Closure))
#41 C:/Users/DELL/Downloads/Parking-Finder2-stage3-auth-flow/vendor/laravel/framework/src/Illuminate/Http/Middleware/ValidatePostSize.php(27): Illuminate/Pipeline/Pipeline->Illuminate/Pipeline/{closure}(Object(Illuminate/Http/Request))
#42 C:/Users/DELL/Downloads/Parking-Finder2-stage3-auth-flow/vendor/laravel/framework/src/Illuminate/Pipeline/Pipeline.php(219): Illuminate/Http/Middleware/ValidatePostSize->handle(Object(Illuminate/Http/Request), Object(Closure))
#43 C:/Users/DELL/Downloads/Parking-Finder2-stage3-auth-flow/vendor/laravel/framework/src/Illuminate/Foundation/Http/Middleware/PreventRequestsDuringMaintenance.php(109): Illuminate/Pipeline/Pipeline->Illuminate/Pipeline/{closure}(Object(Illuminate/Http/Request))
#44 C:/Users/DELL/Downloads/Parking-Finder2-stage3-auth-flow/vendor/laravel/framework/src/Illuminate/Pipeline/Pipeline.php(219): Illuminate/Foundation/Http/Middleware/PreventRequestsDuringMaintenance->handle(Object(Illuminate/Http/Request), Object(Closure))
#45 C:/Users/DELL/Downloads/Parking-Finder2-stage3-auth-flow/vendor/laravel/framework/src/Illuminate/Http/Middleware/HandleCors.php(48): Illuminate/Pipeline/Pipeline->Illuminate/Pipeline/{closure}(Object(Illuminate/Http/Request))
#46 C:/Users/DELL/Downloads/Parking-Finder2-stage3-auth-flow/vendor/laravel/framework/src/Illuminate/Pipeline/Pipeline.php(219): Illuminate/Http/Middleware/HandleCors->handle(Object(Illuminate/Http/Request), Object(Closure))
#47 C:/Users/DELL/Downloads/Parking-Finder2-stage3-auth-flow/vendor/laravel/framework/src/Illuminate/Http/Middleware/TrustProxies.php(58): Illuminate/Pipeline/Pipeline->Illuminate/Pipeline/{closure}(Object(Illuminate/Http/Request))
#48 C:/Users/DELL/Downloads/Parking-Finder2-stage3-auth-flow/vendor/laravel/framework/src/Illuminate/Pipeline/Pipeline.php(219): Illuminate/Http/Middleware/TrustProxies->handle(Object(Illuminate/Http/Request), Object(Closure))
#49 C:/Users/DELL/Downloads/Parking-Finder2-stage3-auth-flow/vendor/laravel/framework/src/Illuminate/Foundation/Http/Middleware/InvokeDeferredCallbacks.php(22): Illuminate/Pipeline/Pipeline->Illuminate/Pipeline/{closure}(Object(Illuminate/Http/Request))
#50 C:/Users/DELL/Downloads/Parking-Finder2-stage3-auth-flow/vendor/laravel/framework/src/Illuminate/Pipeline/Pipeline.php(219): Illuminate/Foundation/Http/Middleware/InvokeDeferredCallbacks->handle(Object(Illuminate/Http/Request), Object(Closure))
#51 C:/Users/DELL/Downloads/Parking-Finder2-stage3-auth-flow/vendor/laravel/framework/src/Illuminate/Http/Middleware/ValidatePathEncoding.php(26): Illuminate/Pipeline/Pipeline->Illuminate/Pipeline/{closure}(Object(Illuminate/Http/Request))
#52 C:/Users/DELL/Downloads/Parking-Finder2-stage3-auth-flow/vendor/laravel/framework/src/Illuminate/Pipeline/Pipeline.php(219): Illuminate/Http/Middleware/ValidatePathEncoding->handle(Object(Illuminate/Http/Request), Object(Closure))
#53 C:/Users/DELL/Downloads/Parking-Finder2-stage3-auth-flow/vendor/laravel/framework/src/Illuminate/Pipeline/Pipeline.php(137): Illuminate/Pipeline/Pipeline->Illuminate/Pipeline/{closure}(Object(Illuminate/Http/Request))
#54 C:/Users/DELL/Downloads/Parking-Finder2-stage3-auth-flow/vendor/laravel/framework/src/Illuminate/Foundation/Http/Kernel.php(175): Illuminate/Pipeline/Pipeline->then(Object(Closure))
#55 C:/Users/DELL/Downloads/Parking-Finder2-stage3-auth-flow/vendor/laravel/framework/src/Illuminate/Foundation/Http/Kernel.php(144): Illuminate/Foundation/Http/Kernel->sendRequestThroughRouter(Object(Illuminate/Http/Request))
#56 C:/Users/DELL/Downloads/Parking-Finder2-stage3-auth-flow/vendor/laravel/framework/src/Illuminate/Foundation/Application.php(1220): Illuminate/Foundation/Http/Kernel->handle(Object(Illuminate/Http/Request))
#57 C:/Users/DELL/Downloads/Parking-Finder2-stage3-auth-flow/public/index.php(20): Illuminate/Foundation/Application->handleRequest(Object(Illuminate/Http/Request))
#58 C:/Users/DELL/Downloads/Parking-Finder2-stage3-auth-flow/vendor/laravel/framework/src/Illuminate/Foundation/resources/server.php(23): require_once('C://Users//DELL//D...')
#59 {main}

[previous exception] [object] (ErrorException(code: 0): Undefined variable $subscription at C:/Users/DELL/Downloads/Parking-Finder2-stage3-auth-flow/storage/framework/views/ddfb85075902b223ed83c64adcd42343.php:133)
[stacktrace]
#0 C:/Users/DELL/Downloads/Parking-Finder2-stage3-auth-flow/vendor/laravel/framework/src/Illuminate/Foundation/Bootstrap/HandleExceptions.php(258): Illuminate/Foundation/Bootstrap/HandleExceptions->handleError(2, 'Undefined varia...', 'C://Users//DELL//D...', 133)
#1 C:/Users/DELL/Downloads/Parking-Finder2-stage3-auth-flow/storage/framework/views/ddfb85075902b223ed83c64adcd42343.php(133): Illuminate/Foundation/Bootstrap/HandleExceptions->Illuminate/Foundation/Bootstrap/{closure}(2, 'Undefined varia...', 'C://Users//DELL//D...', 133)
#2 C:/Users/DELL/Downloads/Parking-Finder2-stage3-auth-flow/vendor/laravel/framework/src/Illuminate/Filesystem/Filesystem.php(123): require('C://Users//DELL//D...')
#3 C:/Users/DELL/Downloads/Parking-Finder2-stage3-auth-flow/vendor/laravel/framework/src/Illuminate/Filesystem/Filesystem.php(124): Illuminate/Filesystem/Filesystem::Illuminate/Filesystem/{closure}()
#4 C:/Users/DELL/Downloads/Parking-Finder2-stage3-auth-flow/vendor/laravel/framework/src/Illuminate/View/Engines/PhpEngine.php(57): Illuminate/Filesystem/Filesystem->getRequire('C://Users//DELL//D...', Array)
#5 C:/Users/DELL/Downloads/Parking-Finder2-stage3-auth-flow/vendor/laravel/framework/src/Illuminate/View/Engines/CompilerEngine.php(76): Illuminate/View/Engines/PhpEngine->evaluatePath('C://Users//DELL//D...', Array)
#6 C:/Users/DELL/Downloads/Parking-Finder2-stage3-auth-flow/vendor/laravel/framework/src/Illuminate/View/View.php(208): Illuminate/View/Engines/CompilerEngine->get('C://Users//DELL//D...', Array)
#7 C:/Users/DELL/Downloads/Parking-Finder2-stage3-auth-flow/vendor/laravel/framework/src/Illuminate/View/View.php(191): Illuminate/View/View->getContents()
#8 C:/Users/DELL/Downloads/Parking-Finder2-stage3-auth-flow/vendor/laravel/framework/src/Illuminate/View/View.php(160): Illuminate/View/View->renderContents()
#9 C:/Users/DELL/Downloads/Parking-Finder2-stage3-auth-flow/vendor/laravel/framework/src/Illuminate/Http/Response.php(78): Illuminate/View/View->render()
#10 C:/Users/DELL/Downloads/Parking-Finder2-stage3-auth-flow/vendor/laravel/framework/src/Illuminate/Http/Response.php(34): Illuminate/Http/Response->setContent(Object(Illuminate/View/View))
#11 C:/Users/DELL/Downloads/Parking-Finder2-stage3-auth-flow/vendor/laravel/framework/src/Illuminate/Routing/Router.php(939): Illuminate/Http/Response->__construct(Object(Illuminate/View/View), 200, Array)
#12 C:/Users/DELL/Downloads/Parking-Finder2-stage3-auth-flow/vendor/laravel/framework/src/Illuminate/Routing/Router.php(906): Illuminate/Routing/Router::toResponse(Object(Illuminate/Http/Request), Object(Illuminate/View/View))
#13 C:/Users/DELL/Downloads/Parking-Finder2-stage3-auth-flow/vendor/laravel/framework/src/Illuminate/Routing/Router.php(821): Illuminate/Routing/Router->prepareResponse(Object(Illuminate/Http/Request), Object(Illuminate/View/View))
#14 C:/Users/DELL/Downloads/Parking-Finder2-stage3-auth-flow/vendor/laravel/framework/src/Illuminate/Pipeline/Pipeline.php(180): Illuminate/Routing/Router->Illuminate/Routing/{closure}(Object(Illuminate/Http/Request))
#15 C:/Users/DELL/Downloads/Parking-Finder2-stage3-auth-flow/app/Http/Middleware/UserMiddleware.php(21): Illuminate/Pipeline/Pipeline->Illuminate/Pipeline/{closure}(Object(Illuminate/Http/Request))
#16 C:/Users/DELL/Downloads/Parking-Finder2-stage3-auth-flow/vendor/laravel/framework/src/Illuminate/Pipeline/Pipeline.php(219): App/Http/Middleware/UserMiddleware->handle(Object(Illuminate/Http/Request), Object(Closure))
#17 C:/Users/DELL/Downloads/Parking-Finder2-stage3-auth-flow/vendor/laravel/framework/src/Illuminate/Routing/Middleware/SubstituteBindings.php(50): Illuminate/Pipeline/Pipeline->Illuminate/Pipeline/{closure}(Object(Illuminate/Http/Request))
#18 C:/Users/DELL/Downloads/Parking-Finder2-stage3-auth-flow/vendor/laravel/framework/src/Illuminate/Pipeline/Pipeline.php(219): Illuminate/Routing/Middleware/SubstituteBindings->handle(Object(Illuminate/Http/Request), Object(Closure))
#19 C:/Users/DELL/Downloads/Parking-Finder2-stage3-auth-flow/vendor/laravel/framework/src/Illuminate/Auth/Middleware/Authenticate.php(63): Illuminate/Pipeline/Pipeline->Illuminate/Pipeline/{closure}(Object(Illuminate/Http/Request))
#20 C:/Users/DELL/Downloads/Parking-Finder2-stage3-auth-flow/vendor/laravel/framework/src/Illuminate/Pipeline/Pipeline.php(219): Illuminate/Auth/Middleware/Authenticate->handle(Object(Illuminate/Http/Request), Object(Closure))
#21 C:/Users/DELL/Downloads/Parking-Finder2-stage3-auth-flow/vendor/laravel/framework/src/Illuminate/Foundation/Http/Middleware/VerifyCsrfToken.php(87): Illuminate/Pipeline/Pipeline->Illuminate/Pipeline/{closure}(Object(Illuminate/Http/Request))
#22 C:/Users/DELL/Downloads/Parking-Finder2-stage3-auth-flow/vendor/laravel/framework/src/Illuminate/Pipeline/Pipeline.php(219): Illuminate/Foundation/Http/Middleware/VerifyCsrfToken->handle(Object(Illuminate/Http/Request), Object(Closure))
#23 C:/Users/DELL/Downloads/Parking-Finder2-stage3-auth-flow/vendor/laravel/framework/src/Illuminate/View/Middleware/ShareErrorsFromSession.php(48): Illuminate/Pipeline/Pipeline->Illuminate/Pipeline/{closure}(Object(Illuminate/Http/Request))
#24 C:/Users/DELL/Downloads/Parking-Finder2-stage3-auth-flow/vendor/laravel/framework/src/Illuminate/Pipeline/Pipeline.php(219): Illuminate/View/Middleware/ShareErrorsFromSession->handle(Object(Illuminate/Http/Request), Object(Closure))
#25 C:/Users/DELL/Downloads/Parking-Finder2-stage3-auth-flow/vendor/laravel/framework/src/Illuminate/Session/Middleware/StartSession.php(120): Illuminate/Pipeline/Pipeline->Illuminate/Pipeline/{closure}(Object(Illuminate/Http/Request))
#26 C:/Users/DELL/Downloads/Parking-Finder2-stage3-auth-flow/vendor/laravel/framework/src/Illuminate/Session/Middleware/StartSession.php(63): Illuminate/Session/Middleware/StartSession->handleStatefulRequest(Object(Illuminate/Http/Request), Object(Illuminate/Session/Store), Object(Closure))
#27 C:/Users/DELL/Downloads/Parking-Finder2-stage3-auth-flow/vendor/laravel/framework/src/Illuminate/Pipeline/Pipeline.php(219): Illuminate/Session/Middleware/StartSession->handle(Object(Illuminate/Http/Request), Object(Closure))
#28 C:/Users/DELL/Downloads/Parking-Finder2-stage3-auth-flow/vendor/laravel/framework/src/Illuminate/Cookie/Middleware/AddQueuedCookiesToResponse.php(36): Illuminate/Pipeline/Pipeline->Illuminate/Pipeline/{closure}(Object(Illuminate/Http/Request))
#29 C:/Users/DELL/Downloads/Parking-Finder2-stage3-auth-flow/vendor/laravel/framework/src/Illuminate/Pipeline/Pipeline.php(219): Illuminate/Cookie/Middleware/AddQueuedCookiesToResponse->handle(Object(Illuminate/Http/Request), Object(Closure))
#30 C:/Users/DELL/Downloads/Parking-Finder2-stage3-auth-flow/vendor/laravel/framework/src/Illuminate/Cookie/Middleware/EncryptCookies.php(74): Illuminate/Pipeline/Pipeline->Illuminate/Pipeline/{closure}(Object(Illuminate/Http/Request))
#31 C:/Users/DELL/Downloads/Parking-Finder2-stage3-auth-flow/vendor/laravel/framework/src/Illuminate/Pipeline/Pipeline.php(219): Illuminate/Cookie/Middleware/EncryptCookies->handle(Object(Illuminate/Http/Request), Object(Closure))
#32 C:/Users/DELL/Downloads/Parking-Finder2-stage3-auth-flow/vendor/laravel/framework/src/Illuminate/Pipeline/Pipeline.php(137): Illuminate/Pipeline/Pipeline->Illuminate/Pipeline/{closure}(Object(Illuminate/Http/Request))
#33 C:/Users/DELL/Downloads/Parking-Finder2-stage3-auth-flow/vendor/laravel/framework/src/Illuminate/Routing/Router.php(821): Illuminate/Pipeline/Pipeline->then(Object(Closure))
#34 C:/Users/DELL/Downloads/Parking-Finder2-stage3-auth-flow/vendor/laravel/framework/src/Illuminate/Routing/Router.php(800): Illuminate/Routing/Router->runRouteWithinStack(Object(Illuminate/Routing/Route), Object(Illuminate/Http/Request))
#35 C:/Users/DELL/Downloads/Parking-Finder2-stage3-auth-flow/vendor/laravel/framework/src/Illuminate/Routing/Router.php(764): Illuminate/Routing/Router->runRoute(Object(Illuminate/Http/Request), Object(Illuminate/Routing/Route))
#36 C:/Users/DELL/Downloads/Parking-Finder2-stage3-auth-flow/vendor/laravel/framework/src/Illuminate/Routing/Router.php(753): Illuminate/Routing/Router->dispatchToRoute(Object(Illuminate/Http/Request))
#37 C:/Users/DELL/Downloads/Parking-Finder2-stage3-auth-flow/vendor/laravel/framework/src/Illuminate/Foundation/Http/Kernel.php(200): Illuminate/Routing/Router->dispatch(Object(Illuminate/Http/Request))
#38 C:/Users/DELL/Downloads/Parking-Finder2-stage3-auth-flow/vendor/laravel/framework/src/Illuminate/Pipeline/Pipeline.php(180): Illuminate/Foundation/Http/Kernel->Illuminate/Foundation/Http/{closure}(Object(Illuminate/Http/Request))
#39 C:/Users/DELL/Downloads/Parking-Finder2-stage3-auth-flow/vendor/laravel/framework/src/Illuminate/Foundation/Http/Middleware/TransformsRequest.php(21): Illuminate/Pipeline/Pipeline->Illuminate/Pipeline/{closure}(Object(Illuminate/Http/Request))
#40 C:/Users/DELL/Downloads/Parking-Finder2-stage3-auth-flow/vendor/laravel/framework/src/Illuminate/Foundation/Http/Middleware/ConvertEmptyStringsToNull.php(31): Illuminate/Foundation/Http/Middleware/TransformsRequest->handle(Object(Illuminate/Http/Request), Object(Closure))
#41 C:/Users/DELL/Downloads/Parking-Finder2-stage3-auth-flow/vendor/laravel/framework/src/Illuminate/Pipeline/Pipeline.php(219): Illuminate/Foundation/Http/Middleware/ConvertEmptyStringsToNull->handle(Object(Illuminate/Http/Request), Object(Closure))
#42 C:/Users/DELL/Downloads/Parking-Finder2-stage3-auth-flow/vendor/laravel/framework/src/Illuminate/Foundation/Http/Middleware/TransformsRequest.php(21): Illuminate/Pipeline/Pipeline->Illuminate/Pipeline/{closure}(Object(Illuminate/Http/Request))
#43 C:/Users/DELL/Downloads/Parking-Finder2-stage3-auth-flow/vendor/laravel/framework/src/Illuminate/Foundation/Http/Middleware/TrimStrings.php(51): Illuminate/Foundation/Http/Middleware/TransformsRequest->handle(Object(Illuminate/Http/Request), Object(Closure))
#44 C:/Users/DELL/Downloads/Parking-Finder2-stage3-auth-flow/vendor/laravel/framework/src/Illuminate/Pipeline/Pipeline.php(219): Illuminate/Foundation/Http/Middleware/TrimStrings->handle(Object(Illuminate/Http/Request), Object(Closure))
#45 C:/Users/DELL/Downloads/Parking-Finder2-stage3-auth-flow/vendor/laravel/framework/src/Illuminate/Http/Middleware/ValidatePostSize.php(27): Illuminate/Pipeline/Pipeline->Illuminate/Pipeline/{closure}(Object(Illuminate/Http/Request))
#46 C:/Users/DELL/Downloads/Parking-Finder2-stage3-auth-flow/vendor/laravel/framework/src/Illuminate/Pipeline/Pipeline.php(219): Illuminate/Http/Middleware/ValidatePostSize->handle(Object(Illuminate/Http/Request), Object(Closure))
#47 C:/Users/DELL/Downloads/Parking-Finder2-stage3-auth-flow/vendor/laravel/framework/src/Illuminate/Foundation/Http/Middleware/PreventRequestsDuringMaintenance.php(109): Illuminate/Pipeline/Pipeline->Illuminate/Pipeline/{closure}(Object(Illuminate/Http/Request))
#48 C:/Users/DELL/Downloads/Parking-Finder2-stage3-auth-flow/vendor/laravel/framework/src/Illuminate/Pipeline/Pipeline.php(219): Illuminate/Foundation/Http/Middleware/PreventRequestsDuringMaintenance->handle(Object(Illuminate/Http/Request), Object(Closure))
#49 C:/Users/DELL/Downloads/Parking-Finder2-stage3-auth-flow/vendor/laravel/framework/src/Illuminate/Http/Middleware/HandleCors.php(48): Illuminate/Pipeline/Pipeline->Illuminate/Pipeline/{closure}(Object(Illuminate/Http/Request))
#50 C:/Users/DELL/Downloads/Parking-Finder2-stage3-auth-flow/vendor/laravel/framework/src/Illuminate/Pipeline/Pipeline.php(219): Illuminate/Http/Middleware/HandleCors->handle(Object(Illuminate/Http/Request), Object(Closure))
#51 C:/Users/DELL/Downloads/Parking-Finder2-stage3-auth-flow/vendor/laravel/framework/src/Illuminate/Http/Middleware/TrustProxies.php(58): Illuminate/Pipeline/Pipeline->Illuminate/Pipeline/{closure}(Object(Illuminate/Http/Request))
#52 C:/Users/DELL/Downloads/Parking-Finder2-stage3-auth-flow/vendor/laravel/framework/src/Illuminate/Pipeline/Pipeline.php(219): Illuminate/Http/Middleware/TrustProxies->handle(Object(Illuminate/Http/Request), Object(Closure))
#53 C:/Users/DELL/Downloads/Parking-Finder2-stage3-auth-flow/vendor/laravel/framework/src/Illuminate/Foundation/Http/Middleware/InvokeDeferredCallbacks.php(22): Illuminate/Pipeline/Pipeline->Illuminate/Pipeline/{closure}(Object(Illuminate/Http/Request))
#54 C:/Users/DELL/Downloads/Parking-Finder2-stage3-auth-flow/vendor/laravel/framework/src/Illuminate/Pipeline/Pipeline.php(219): Illuminate/Foundation/Http/Middleware/InvokeDeferredCallbacks->handle(Object(Illuminate/Http/Request), Object(Closure))
#55 C:/Users/DELL/Downloads/Parking-Finder2-stage3-auth-flow/vendor/laravel/framework/src/Illuminate/Http/Middleware/ValidatePathEncoding.php(26): Illuminate/Pipeline/Pipeline->Illuminate/Pipeline/{closure}(Object(Illuminate/Http/Request))
#56 C:/Users/DELL/Downloads/Parking-Finder2-stage3-auth-flow/vendor/laravel/framework/src/Illuminate/Pipeline/Pipeline.php(219): Illuminate/Http/Middleware/ValidatePathEncoding->handle(Object(Illuminate/Http/Request), Object(Closure))
#57 C:/Users/DELL/Downloads/Parking-Finder2-stage3-auth-flow/vendor/laravel/framework/src/Illuminate/Pipeline/Pipeline.php(137): Illuminate/Pipeline/Pipeline->Illuminate/Pipeline/{closure}(Object(Illuminate/Http/Request))
#58 C:/Users/DELL/Downloads/Parking-Finder2-stage3-auth-flow/vendor/laravel/framework/src/Illuminate/Foundation/Http/Kernel.php(175): Illuminate/Pipeline/Pipeline->then(Object(Closure))
#59 C:/Users/DELL/Downloads/Parking-Finder2-stage3-auth-flow/vendor/laravel/framework/src/Illuminate/Foundation/Http/Kernel.php(144): Illuminate/Foundation/Http/Kernel->sendRequestThroughRouter(Object(Illuminate/Http/Request))
#60 C:/Users/DELL/Downloads/Parking-Finder2-stage3-auth-flow/vendor/laravel/framework/src/Illuminate/Foundation/Application.php(1220): Illuminate/Foundation/Http/Kernel->handle(Object(Illuminate/Http/Request))
#61 C:/Users/DELL/Downloads/Parking-Finder2-stage3-auth-flow/public/index.php(20): Illuminate/Foundation/Application->handleRequest(Object(Illuminate/Http/Request))
#62 C:/Users/DELL/Downloads/Parking-Finder2-stage3-auth-flow/vendor/laravel/framework/src/Illuminate/Foundation/resources/server.php(23): require_once('C://Users//DELL//D...')
#63 {main}
"} 
[2026-01-24 12:41:45] local.ERROR: syntax error, unexpected token "else", expecting end of file (View: C:\Users\DELL\Downloads\Parking-Finder2-stage4-auth-flow\resources\views\user\parkings\show.blade.php) {"userId":5,"exception":"[object] (Illuminate\\View\\ViewException(code: 0): syntax error, unexpected token \"else\", expecting end of file (View: C:\\Users\\DELL\\Downloads\\Parking-Finder2-stage4-auth-flow\\resources\\views\\user\\parkings\\show.blade.php) at C:/Users/DELL/Downloads/Parking-Finder2-stage4-auth-flow/storage/framework/views/31e064cf6bf4c56f969076955745359f.php:269)
[stacktrace]
#0 C:/Users/DELL/Downloads/Parking-Finder2-stage4-auth-flow/vendor/laravel/framework/src/Illuminate/View/Engines/PhpEngine.php(59): Illuminate/View/Engines/CompilerEngine->handleViewException(Object(ParseError), 1)
#1 C:/Users/DELL/Downloads/Parking-Finder2-stage4-auth-flow/vendor/laravel/framework/src/Illuminate/View/Engines/CompilerEngine.php(76): Illuminate/View/Engines/PhpEngine->evaluatePath('C://Users//DELL//D...', Array)
#2 C:/Users/DELL/Downloads/Parking-Finder2-stage4-auth-flow/vendor/laravel/framework/src/Illuminate/View/View.php(208): Illuminate/View/Engines/CompilerEngine->get('C://Users//DELL//D...', Array)
#3 C:/Users/DELL/Downloads/Parking-Finder2-stage4-auth-flow/vendor/laravel/framework/src/Illuminate/View/View.php(191): Illuminate/View/View->getContents()
#4 C:/Users/DELL/Downloads/Parking-Finder2-stage4-auth-flow/vendor/laravel/framework/src/Illuminate/View/View.php(160): Illuminate/View/View->renderContents()
#5 C:/Users/DELL/Downloads/Parking-Finder2-stage4-auth-flow/vendor/laravel/framework/src/Illuminate/Http/Response.php(78): Illuminate/View/View->render()
#6 C:/Users/DELL/Downloads/Parking-Finder2-stage4-auth-flow/vendor/laravel/framework/src/Illuminate/Http/Response.php(34): Illuminate/Http/Response->setContent(Object(Illuminate/View/View))
#7 C:/Users/DELL/Downloads/Parking-Finder2-stage4-auth-flow/vendor/laravel/framework/src/Illuminate/Routing/Router.php(939): Illuminate/Http/Response->__construct(Object(Illuminate/View/View), 200, Array)
#8 C:/Users/DELL/Downloads/Parking-Finder2-stage4-auth-flow/vendor/laravel/framework/src/Illuminate/Routing/Router.php(906): Illuminate/Routing/Router::toResponse(Object(Illuminate/Http/Request), Object(Illuminate/View/View))
#9 C:/Users/DELL/Downloads/Parking-Finder2-stage4-auth-flow/vendor/laravel/framework/src/Illuminate/Routing/Router.php(821): Illuminate/Routing/Router->prepareResponse(Object(Illuminate/Http/Request), Object(Illuminate/View/View))
#10 C:/Users/DELL/Downloads/Parking-Finder2-stage4-auth-flow/vendor/laravel/framework/src/Illuminate/Pipeline/Pipeline.php(180): Illuminate/Routing/Router->Illuminate/Routing/{closure}(Object(Illuminate/Http/Request))
#11 C:/Users/DELL/Downloads/Parking-Finder2-stage4-auth-flow/app/Http/Middleware/NotAdminMiddleware.php(18): Illuminate/Pipeline/Pipeline->Illuminate/Pipeline/{closure}(Object(Illuminate/Http/Request))
#12 C:/Users/DELL/Downloads/Parking-Finder2-stage4-auth-flow/vendor/laravel/framework/src/Illuminate/Pipeline/Pipeline.php(219): App/Http/Middleware/NotAdminMiddleware->handle(Object(Illuminate/Http/Request), Object(Closure))
#13 C:/Users/DELL/Downloads/Parking-Finder2-stage4-auth-flow/vendor/laravel/framework/src/Illuminate/Routing/Middleware/SubstituteBindings.php(50): Illuminate/Pipeline/Pipeline->Illuminate/Pipeline/{closure}(Object(Illuminate/Http/Request))
#14 C:/Users/DELL/Downloads/Parking-Finder2-stage4-auth-flow/vendor/laravel/framework/src/Illuminate/Pipeline/Pipeline.php(219): Illuminate/Routing/Middleware/SubstituteBindings->handle(Object(Illuminate/Http/Request), Object(Closure))
#15 C:/Users/DELL/Downloads/Parking-Finder2-stage4-auth-flow/vendor/laravel/framework/src/Illuminate/Foundation/Http/Middleware/VerifyCsrfToken.php(87): Illuminate/Pipeline/Pipeline->Illuminate/Pipeline/{closure}(Object(Illuminate/Http/Request))
#16 C:/Users/DELL/Downloads/Parking-Finder2-stage4-auth-flow/vendor/laravel/framework/src/Illuminate/Pipeline/Pipeline.php(219): Illuminate/Foundation/Http/Middleware/VerifyCsrfToken->handle(Object(Illuminate/Http/Request), Object(Closure))
#17 C:/Users/DELL/Downloads/Parking-Finder2-stage4-auth-flow/vendor/laravel/framework/src/Illuminate/View/Middleware/ShareErrorsFromSession.php(48): Illuminate/Pipeline/Pipeline->Illuminate/Pipeline/{closure}(Object(Illuminate/Http/Request))
#18 C:/Users/DELL/Downloads/Parking-Finder2-stage4-auth-flow/vendor/laravel/framework/src/Illuminate/Pipeline/Pipeline.php(219): Illuminate/View/Middleware/ShareErrorsFromSession->handle(Object(Illuminate/Http/Request), Object(Closure))
#19 C:/Users/DELL/Downloads/Parking-Finder2-stage4-auth-flow/vendor/laravel/framework/src/Illuminate/Session/Middleware/StartSession.php(120): Illuminate/Pipeline/Pipeline->Illuminate/Pipeline/{closure}(Object(Illuminate/Http/Request))
#20 C:/Users/DELL/Downloads/Parking-Finder2-stage4-auth-flow/vendor/laravel/framework/src/Illuminate/Session/Middleware/StartSession.php(63): Illuminate/Session/Middleware/StartSession->handleStatefulRequest(Object(Illuminate/Http/Request), Object(Illuminate/Session/Store), Object(Closure))
#21 C:/Users/DELL/Downloads/Parking-Finder2-stage4-auth-flow/vendor/laravel/framework/src/Illuminate/Pipeline/Pipeline.php(219): Illuminate/Session/Middleware/StartSession->handle(Object(Illuminate/Http/Request), Object(Closure))
#22 C:/Users/DELL/Downloads/Parking-Finder2-stage4-auth-flow/vendor/laravel/framework/src/Illuminate/Cookie/Middleware/AddQueuedCookiesToResponse.php(36): Illuminate/Pipeline/Pipeline->Illuminate/Pipeline/{closure}(Object(Illuminate/Http/Request))
#23 C:/Users/DELL/Downloads/Parking-Finder2-stage4-auth-flow/vendor/laravel/framework/src/Illuminate/Pipeline/Pipeline.php(219): Illuminate/Cookie/Middleware/AddQueuedCookiesToResponse->handle(Object(Illuminate/Http/Request), Object(Closure))
#24 C:/Users/DELL/Downloads/Parking-Finder2-stage4-auth-flow/vendor/laravel/framework/src/Illuminate/Cookie/Middleware/EncryptCookies.php(74): Illuminate/Pipeline/Pipeline->Illuminate/Pipeline/{closure}(Object(Illuminate/Http/Request))
#25 C:/Users/DELL/Downloads/Parking-Finder2-stage4-auth-flow/vendor/laravel/framework/src/Illuminate/Pipeline/Pipeline.php(219): Illuminate/Cookie/Middleware/EncryptCookies->handle(Object(Illuminate/Http/Request), Object(Closure))
#26 C:/Users/DELL/Downloads/Parking-Finder2-stage4-auth-flow/vendor/laravel/framework/src/Illuminate/Pipeline/Pipeline.php(137): Illuminate/Pipeline/Pipeline->Illuminate/Pipeline/{closure}(Object(Illuminate/Http/Request))
#27 C:/Users/DELL/Downloads/Parking-Finder2-stage4-auth-flow/vendor/laravel/framework/src/Illuminate/Routing/Router.php(821): Illuminate/Pipeline/Pipeline->then(Object(Closure))
#28 C:/Users/DELL/Downloads/Parking-Finder2-stage4-auth-flow/vendor/laravel/framework/src/Illuminate/Routing/Router.php(800): Illuminate/Routing/Router->runRouteWithinStack(Object(Illuminate/Routing/Route), Object(Illuminate/Http/Request))
#29 C:/Users/DELL/Downloads/Parking-Finder2-stage4-auth-flow/vendor/laravel/framework/src/Illuminate/Routing/Router.php(764): Illuminate/Routing/Router->runRoute(Object(Illuminate/Http/Request), Object(Illuminate/Routing/Route))
#30 C:/Users/DELL/Downloads/Parking-Finder2-stage4-auth-flow/vendor/laravel/framework/src/Illuminate/Routing/Router.php(753): Illuminate/Routing/Router->dispatchToRoute(Object(Illuminate/Http/Request))
#31 C:/Users/DELL/Downloads/Parking-Finder2-stage4-auth-flow/vendor/laravel/framework/src/Illuminate/Foundation/Http/Kernel.php(200): Illuminate/Routing/Router->dispatch(Object(Illuminate/Http/Request))
#32 C:/Users/DELL/Downloads/Parking-Finder2-stage4-auth-flow/vendor/laravel/framework/src/Illuminate/Pipeline/Pipeline.php(180): Illuminate/Foundation/Http/Kernel->Illuminate/Foundation/Http/{closure}(Object(Illuminate/Http/Request))
#33 C:/Users/DELL/Downloads/Parking-Finder2-stage4-auth-flow/vendor/laravel/framework/src/Illuminate/Foundation/Http/Middleware/TransformsRequest.php(21): Illuminate/Pipeline/Pipeline->Illuminate/Pipeline/{closure}(Object(Illuminate/Http/Request))
#34 C:/Users/DELL/Downloads/Parking-Finder2-stage4-auth-flow/vendor/laravel/framework/src/Illuminate/Foundation/Http/Middleware/ConvertEmptyStringsToNull.php(31): Illuminate/Foundation/Http/Middleware/TransformsRequest->handle(Object(Illuminate/Http/Request), Object(Closure))
#35 C:/Users/DELL/Downloads/Parking-Finder2-stage4-auth-flow/vendor/laravel/framework/src/Illuminate/Pipeline/Pipeline.php(219): Illuminate/Foundation/Http/Middleware/ConvertEmptyStringsToNull->handle(Object(Illuminate/Http/Request), Object(Closure))
#36 C:/Users/DELL/Downloads/Parking-Finder2-stage4-auth-flow/vendor/laravel/framework/src/Illuminate/Foundation/Http/Middleware/TransformsRequest.php(21): Illuminate/Pipeline/Pipeline->Illuminate/Pipeline/{closure}(Object(Illuminate/Http/Request))
#37 C:/Users/DELL/Downloads/Parking-Finder2-stage4-auth-flow/vendor/laravel/framework/src/Illuminate/Foundation/Http/Middleware/TrimStrings.php(51): Illuminate/Foundation/Http/Middleware/TransformsRequest->handle(Object(Illuminate/Http/Request), Object(Closure))
#38 C:/Users/DELL/Downloads/Parking-Finder2-stage4-auth-flow/vendor/laravel/framework/src/Illuminate/Pipeline/Pipeline.php(219): Illuminate/Foundation/Http/Middleware/TrimStrings->handle(Object(Illuminate/Http/Request), Object(Closure))
#39 C:/Users/DELL/Downloads/Parking-Finder2-stage4-auth-flow/vendor/laravel/framework/src/Illuminate/Http/Middleware/ValidatePostSize.php(27): Illuminate/Pipeline/Pipeline->Illuminate/Pipeline/{closure}(Object(Illuminate/Http/Request))
#40 C:/Users/DELL/Downloads/Parking-Finder2-stage4-auth-flow/vendor/laravel/framework/src/Illuminate/Pipeline/Pipeline.php(219): Illuminate/Http/Middleware/ValidatePostSize->handle(Object(Illuminate/Http/Request), Object(Closure))
#41 C:/Users/DELL/Downloads/Parking-Finder2-stage4-auth-flow/vendor/laravel/framework/src/Illuminate/Foundation/Http/Middleware/PreventRequestsDuringMaintenance.php(109): Illuminate/Pipeline/Pipeline->Illuminate/Pipeline/{closure}(Object(Illuminate/Http/Request))
#42 C:/Users/DELL/Downloads/Parking-Finder2-stage4-auth-flow/vendor/laravel/framework/src/Illuminate/Pipeline/Pipeline.php(219): Illuminate/Foundation/Http/Middleware/PreventRequestsDuringMaintenance->handle(Object(Illuminate/Http/Request), Object(Closure))
#43 C:/Users/DELL/Downloads/Parking-Finder2-stage4-auth-flow/vendor/laravel/framework/src/Illuminate/Http/Middleware/HandleCors.php(48): Illuminate/Pipeline/Pipeline->Illuminate/Pipeline/{closure}(Object(Illuminate/Http/Request))
#44 C:/Users/DELL/Downloads/Parking-Finder2-stage4-auth-flow/vendor/laravel/framework/src/Illuminate/Pipeline/Pipeline.php(219): Illuminate/Http/Middleware/HandleCors->handle(Object(Illuminate/Http/Request), Object(Closure))
#45 C:/Users/DELL/Downloads/Parking-Finder2-stage4-auth-flow/vendor/laravel/framework/src/Illuminate/Http/Middleware/TrustProxies.php(58): Illuminate/Pipeline/Pipeline->Illuminate/Pipeline/{closure}(Object(Illuminate/Http/Request))
#46 C:/Users/DELL/Downloads/Parking-Finder2-stage4-auth-flow/vendor/laravel/framework/src/Illuminate/Pipeline/Pipeline.php(219): Illuminate/Http/Middleware/TrustProxies->handle(Object(Illuminate/Http/Request), Object(Closure))
#47 C:/Users/DELL/Downloads/Parking-Finder2-stage4-auth-flow/vendor/laravel/framework/src/Illuminate/Foundation/Http/Middleware/InvokeDeferredCallbacks.php(22): Illuminate/Pipeline/Pipeline->Illuminate/Pipeline/{closure}(Object(Illuminate/Http/Request))
#48 C:/Users/DELL/Downloads/Parking-Finder2-stage4-auth-flow/vendor/laravel/framework/src/Illuminate/Pipeline/Pipeline.php(219): Illuminate/Foundation/Http/Middleware/InvokeDeferredCallbacks->handle(Object(Illuminate/Http/Request), Object(Closure))
#49 C:/Users/DELL/Downloads/Parking-Finder2-stage4-auth-flow/vendor/laravel/framework/src/Illuminate/Http/Middleware/ValidatePathEncoding.php(26): Illuminate/Pipeline/Pipeline->Illuminate/Pipeline/{closure}(Object(Illuminate/Http/Request))
#50 C:/Users/DELL/Downloads/Parking-Finder2-stage4-auth-flow/vendor/laravel/framework/src/Illuminate/Pipeline/Pipeline.php(219): Illuminate/Http/Middleware/ValidatePathEncoding->handle(Object(Illuminate/Http/Request), Object(Closure))
#51 C:/Users/DELL/Downloads/Parking-Finder2-stage4-auth-flow/vendor/laravel/framework/src/Illuminate/Pipeline/Pipeline.php(137): Illuminate/Pipeline/Pipeline->Illuminate/Pipeline/{closure}(Object(Illuminate/Http/Request))
#52 C:/Users/DELL/Downloads/Parking-Finder2-stage4-auth-flow/vendor/laravel/framework/src/Illuminate/Foundation/Http/Kernel.php(175): Illuminate/Pipeline/Pipeline->then(Object(Closure))
#53 C:/Users/DELL/Downloads/Parking-Finder2-stage4-auth-flow/vendor/laravel/framework/src/Illuminate/Foundation/Http/Kernel.php(144): Illuminate/Foundation/Http/Kernel->sendRequestThroughRouter(Object(Illuminate/Http/Request))
#54 C:/Users/DELL/Downloads/Parking-Finder2-stage4-auth-flow/vendor/laravel/framework/src/Illuminate/Foundation/Application.php(1220): Illuminate/Foundation/Http/Kernel->handle(Object(Illuminate/Http/Request))
#55 C:/Users/DELL/Downloads/Parking-Finder2-stage4-auth-flow/public/index.php(20): Illuminate/Foundation/Application->handleRequest(Object(Illuminate/Http/Request))
#56 C:/Users/DELL/Downloads/Parking-Finder2-stage4-auth-flow/vendor/laravel/framework/src/Illuminate/Foundation/resources/server.php(23): require_once('C://Users//DELL//D...')
#57 {main}

[previous exception] [object] (ParseError(code: 0): syntax error, unexpected token \"else\", expecting end of file at C:/Users/DELL/Downloads/Parking-Finder2-stage4-auth-flow/storage/framework/views/31e064cf6bf4c56f969076955745359f.php:269)
[stacktrace]
#0 C:/Users/DELL/Downloads/Parking-Finder2-stage4-auth-flow/vendor/laravel/framework/src/Illuminate/Filesystem/Filesystem.php(124): Illuminate/Filesystem/Filesystem::Illuminate/Filesystem/{closure}()
#1 C:/Users/DELL/Downloads/Parking-Finder2-stage4-auth-flow/vendor/laravel/framework/src/Illuminate/View/Engines/PhpEngine.php(57): Illuminate/Filesystem/Filesystem->getRequire('C://Users//DELL//D...', Array)
#2 C:/Users/DELL/Downloads/Parking-Finder2-stage4-auth-flow/vendor/laravel/framework/src/Illuminate/View/Engines/CompilerEngine.php(76): Illuminate/View/Engines/PhpEngine->evaluatePath('C://Users//DELL//D...', Array)
#3 C:/Users/DELL/Downloads/Parking-Finder2-stage4-auth-flow/vendor/laravel/framework/src/Illuminate/View/View.php(208): Illuminate/View/Engines/CompilerEngine->get('C://Users//DELL//D...', Array)
#4 C:/Users/DELL/Downloads/Parking-Finder2-stage4-auth-flow/vendor/laravel/framework/src/Illuminate/View/View.php(191): Illuminate/View/View->getContents()
#5 C:/Users/DELL/Downloads/Parking-Finder2-stage4-auth-flow/vendor/laravel/framework/src/Illuminate/View/View.php(160): Illuminate/View/View->renderContents()
#6 C:/Users/DELL/Downloads/Parking-Finder2-stage4-auth-flow/vendor/laravel/framework/src/Illuminate/Http/Response.php(78): Illuminate/View/View->render()
#7 C:/Users/DELL/Downloads/Parking-Finder2-stage4-auth-flow/vendor/laravel/framework/src/Illuminate/Http/Response.php(34): Illuminate/Http/Response->setContent(Object(Illuminate/View/View))
#8 C:/Users/DELL/Downloads/Parking-Finder2-stage4-auth-flow/vendor/laravel/framework/src/Illuminate/Routing/Router.php(939): Illuminate/Http/Response->__construct(Object(Illuminate/View/View), 200, Array)
#9 C:/Users/DELL/Downloads/Parking-Finder2-stage4-auth-flow/vendor/laravel/framework/src/Illuminate/Routing/Router.php(906): Illuminate/Routing/Router::toResponse(Object(Illuminate/Http/Request), Object(Illuminate/View/View))
#10 C:/Users/DELL/Downloads/Parking-Finder2-stage4-auth-flow/vendor/laravel/framework/src/Illuminate/Routing/Router.php(821): Illuminate/Routing/Router->prepareResponse(Object(Illuminate/Http/Request), Object(Illuminate/View/View))
#11 C:/Users/DELL/Downloads/Parking-Finder2-stage4-auth-flow/vendor/laravel/framework/src/Illuminate/Pipeline/Pipeline.php(180): Illuminate/Routing/Router->Illuminate/Routing/{closure}(Object(Illuminate/Http/Request))
#12 C:/Users/DELL/Downloads/Parking-Finder2-stage4-auth-flow/app/Http/Middleware/NotAdminMiddleware.php(18): Illuminate/Pipeline/Pipeline->Illuminate/Pipeline/{closure}(Object(Illuminate/Http/Request))
#13 C:/Users/DELL/Downloads/Parking-Finder2-stage4-auth-flow/vendor/laravel/framework/src/Illuminate/Pipeline/Pipeline.php(219): App/Http/Middleware/NotAdminMiddleware->handle(Object(Illuminate/Http/Request), Object(Closure))
#14 C:/Users/DELL/Downloads/Parking-Finder2-stage4-auth-flow/vendor/laravel/framework/src/Illuminate/Routing/Middleware/SubstituteBindings.php(50): Illuminate/Pipeline/Pipeline->Illuminate/Pipeline/{closure}(Object(Illuminate/Http/Request))
#15 C:/Users/DELL/Downloads/Parking-Finder2-stage4-auth-flow/vendor/laravel/framework/src/Illuminate/Pipeline/Pipeline.php(219): Illuminate/Routing/Middleware/SubstituteBindings->handle(Object(Illuminate/Http/Request), Object(Closure))
#16 C:/Users/DELL/Downloads/Parking-Finder2-stage4-auth-flow/vendor/laravel/framework/src/Illuminate/Foundation/Http/Middleware/VerifyCsrfToken.php(87): Illuminate/Pipeline/Pipeline->Illuminate/Pipeline/{closure}(Object(Illuminate/Http/Request))
#17 C:/Users/DELL/Downloads/Parking-Finder2-stage4-auth-flow/vendor/laravel/framework/src/Illuminate/Pipeline/Pipeline.php(219): Illuminate/Foundation/Http/Middleware/VerifyCsrfToken->handle(Object(Illuminate/Http/Request), Object(Closure))
#18 C:/Users/DELL/Downloads/Parking-Finder2-stage4-auth-flow/vendor/laravel/framework/src/Illuminate/View/Middleware/ShareErrorsFromSession.php(48): Illuminate/Pipeline/Pipeline->Illuminate/Pipeline/{closure}(Object(Illuminate/Http/Request))
#19 C:/Users/DELL/Downloads/Parking-Finder2-stage4-auth-flow/vendor/laravel/framework/src/Illuminate/Pipeline/Pipeline.php(219): Illuminate/View/Middleware/ShareErrorsFromSession->handle(Object(Illuminate/Http/Request), Object(Closure))
#20 C:/Users/DELL/Downloads/Parking-Finder2-stage4-auth-flow/vendor/laravel/framework/src/Illuminate/Session/Middleware/StartSession.php(120): Illuminate/Pipeline/Pipeline->Illuminate/Pipeline/{closure}(Object(Illuminate/Http/Request))
#21 C:/Users/DELL/Downloads/Parking-Finder2-stage4-auth-flow/vendor/laravel/framework/src/Illuminate/Session/Middleware/StartSession.php(63): Illuminate/Session/Middleware/StartSession->handleStatefulRequest(Object(Illuminate/Http/Request), Object(Illuminate/Session/Store), Object(Closure))
#22 C:/Users/DELL/Downloads/Parking-Finder2-stage4-auth-flow/vendor/laravel/framework/src/Illuminate/Pipeline/Pipeline.php(219): Illuminate/Session/Middleware/StartSession->handle(Object(Illuminate/Http/Request), Object(Closure))
#23 C:/Users/DELL/Downloads/Parking-Finder2-stage4-auth-flow/vendor/laravel/framework/src/Illuminate/Cookie/Middleware/AddQueuedCookiesToResponse.php(36): Illuminate/Pipeline/Pipeline->Illuminate/Pipeline/{closure}(Object(Illuminate/Http/Request))
#24 C:/Users/DELL/Downloads/Parking-Finder2-stage4-auth-flow/vendor/laravel/framework/src/Illuminate/Pipeline/Pipeline.php(219): Illuminate/Cookie/Middleware/AddQueuedCookiesToResponse->handle(Object(Illuminate/Http/Request), Object(Closure))
#25 C:/Users/DELL/Downloads/Parking-Finder2-stage4-auth-flow/vendor/laravel/framework/src/Illuminate/Cookie/Middleware/EncryptCookies.php(74): Illuminate/Pipeline/Pipeline->Illuminate/Pipeline/{closure}(Object(Illuminate/Http/Request))
#26 C:/Users/DELL/Downloads/Parking-Finder2-stage4-auth-flow/vendor/laravel/framework/src/Illuminate/Pipeline/Pipeline.php(219): Illuminate/Cookie/Middleware/EncryptCookies->handle(Object(Illuminate/Http/Request), Object(Closure))
#27 C:/Users/DELL/Downloads/Parking-Finder2-stage4-auth-flow/vendor/laravel/framework/src/Illuminate/Pipeline/Pipeline.php(137): Illuminate/Pipeline/Pipeline->Illuminate/Pipeline/{closure}(Object(Illuminate/Http/Request))
#28 C:/Users/DELL/Downloads/Parking-Finder2-stage4-auth-flow/vendor/laravel/framework/src/Illuminate/Routing/Router.php(821): Illuminate/Pipeline/Pipeline->then(Object(Closure))
#29 C:/Users/DELL/Downloads/Parking-Finder2-stage4-auth-flow/vendor/laravel/framework/src/Illuminate/Routing/Router.php(800): Illuminate/Routing/Router->runRouteWithinStack(Object(Illuminate/Routing/Route), Object(Illuminate/Http/Request))
#30 C:/Users/DELL/Downloads/Parking-Finder2-stage4-auth-flow/vendor/laravel/framework/src/Illuminate/Routing/Router.php(764): Illuminate/Routing/Router->runRoute(Object(Illuminate/Http/Request), Object(Illuminate/Routing/Route))
#31 C:/Users/DELL/Downloads/Parking-Finder2-stage4-auth-flow/vendor/laravel/framework/src/Illuminate/Routing/Router.php(753): Illuminate/Routing/Router->dispatchToRoute(Object(Illuminate/Http/Request))
#32 C:/Users/DELL/Downloads/Parking-Finder2-stage4-auth-flow/vendor/laravel/framework/src/Illuminate/Foundation/Http/Kernel.php(200): Illuminate/Routing/Router->dispatch(Object(Illuminate/Http/Request))
#33 C:/Users/DELL/Downloads/Parking-Finder2-stage4-auth-flow/vendor/laravel/framework/src/Illuminate/Pipeline/Pipeline.php(180): Illuminate/Foundation/Http/Kernel->Illuminate/Foundation/Http/{closure}(Object(Illuminate/Http/Request))
#34 C:/Users/DELL/Downloads/Parking-Finder2-stage4-auth-flow/vendor/laravel/framework/src/Illuminate/Foundation/Http/Middleware/TransformsRequest.php(21): Illuminate/Pipeline/Pipeline->Illuminate/Pipeline/{closure}(Object(Illuminate/Http/Request))
#35 C:/Users/DELL/Downloads/Parking-Finder2-stage4-auth-flow/vendor/laravel/framework/src/Illuminate/Foundation/Http/Middleware/ConvertEmptyStringsToNull.php(31): Illuminate/Foundation/Http/Middleware/TransformsRequest->handle(Object(Illuminate/Http/Request), Object(Closure))
#36 C:/Users/DELL/Downloads/Parking-Finder2-stage4-auth-flow/vendor/laravel/framework/src/Illuminate/Pipeline/Pipeline.php(219): Illuminate/Foundation/Http/Middleware/ConvertEmptyStringsToNull->handle(Object(Illuminate/Http/Request), Object(Closure))
#37 C:/Users/DELL/Downloads/Parking-Finder2-stage4-auth-flow/vendor/laravel/framework/src/Illuminate/Foundation/Http/Middleware/TransformsRequest.php(21): Illuminate/Pipeline/Pipeline->Illuminate/Pipeline/{closure}(Object(Illuminate/Http/Request))
#38 C:/Users/DELL/Downloads/Parking-Finder2-stage4-auth-flow/vendor/laravel/framework/src/Illuminate/Foundation/Http/Middleware/TrimStrings.php(51): Illuminate/Foundation/Http/Middleware/TransformsRequest->handle(Object(Illuminate/Http/Request), Object(Closure))
#39 C:/Users/DELL/Downloads/Parking-Finder2-stage4-auth-flow/vendor/laravel/framework/src/Illuminate/Pipeline/Pipeline.php(219): Illuminate/Foundation/Http/Middleware/TrimStrings->handle(Object(Illuminate/Http/Request), Object(Closure))
#40 C:/Users/DELL/Downloads/Parking-Finder2-stage4-auth-flow/vendor/laravel/framework/src/Illuminate/Http/Middleware/ValidatePostSize.php(27): Illuminate/Pipeline/Pipeline->Illuminate/Pipeline/{closure}(Object(Illuminate/Http/Request))
#41 C:/Users/DELL/Downloads/Parking-Finder2-stage4-auth-flow/vendor/laravel/framework/src/Illuminate/Pipeline/Pipeline.php(219): Illuminate/Http/Middleware/ValidatePostSize->handle(Object(Illuminate/Http/Request), Object(Closure))
#42 C:/Users/DELL/Downloads/Parking-Finder2-stage4-auth-flow/vendor/laravel/framework/src/Illuminate/Foundation/Http/Middleware/PreventRequestsDuringMaintenance.php(109): Illuminate/Pipeline/Pipeline->Illuminate/Pipeline/{closure}(Object(Illuminate/Http/Request))
#43 C:/Users/DELL/Downloads/Parking-Finder2-stage4-auth-flow/vendor/laravel/framework/src/Illuminate/Pipeline/Pipeline.php(219): Illuminate/Foundation/Http/Middleware/PreventRequestsDuringMaintenance->handle(Object(Illuminate/Http/Request), Object(Closure))
#44 C:/Users/DELL/Downloads/Parking-Finder2-stage4-auth-flow/vendor/laravel/framework/src/Illuminate/Http/Middleware/HandleCors.php(48): Illuminate/Pipeline/Pipeline->Illuminate/Pipeline/{closure}(Object(Illuminate/Http/Request))
#45 C:/Users/DELL/Downloads/Parking-Finder2-stage4-auth-flow/vendor/laravel/framework/src/Illuminate/Pipeline/Pipeline.php(219): Illuminate/Http/Middleware/HandleCors->handle(Object(Illuminate/Http/Request), Object(Closure))
#46 C:/Users/DELL/Downloads/Parking-Finder2-stage4-auth-flow/vendor/laravel/framework/src/Illuminate/Http/Middleware/TrustProxies.php(58): Illuminate/Pipeline/Pipeline->Illuminate/Pipeline/{closure}(Object(Illuminate/Http/Request))
#47 C:/Users/DELL/Downloads/Parking-Finder2-stage4-auth-flow/vendor/laravel/framework/src/Illuminate/Pipeline/Pipeline.php(219): Illuminate/Http/Middleware/TrustProxies->handle(Object(Illuminate/Http/Request), Object(Closure))
#48 C:/Users/DELL/Downloads/Parking-Finder2-stage4-auth-flow/vendor/laravel/framework/src/Illuminate/Foundation/Http/Middleware/InvokeDeferredCallbacks.php(22): Illuminate/Pipeline/Pipeline->Illuminate/Pipeline/{closure}(Object(Illuminate/Http/Request))
#49 C:/Users/DELL/Downloads/Parking-Finder2-stage4-auth-flow/vendor/laravel/framework/src/Illuminate/Pipeline/Pipeline.php(219): Illuminate/Foundation/Http/Middleware/InvokeDeferredCallbacks->handle(Object(Illuminate/Http/Request), Object(Closure))
#50 C:/Users/DELL/Downloads/Parking-Finder2-stage4-auth-flow/vendor/laravel/framework/src/Illuminate/Http/Middleware/ValidatePathEncoding.php(26): Illuminate/Pipeline/Pipeline->Illuminate/Pipeline/{closure}(Object(Illuminate/Http/Request))
#51 C:/Users/DELL/Downloads/Parking-Finder2-stage4-auth-flow/vendor/laravel/framework/src/Illuminate/Pipeline/Pipeline.php(219): Illuminate/Http/Middleware/ValidatePathEncoding->handle(Object(Illuminate/Http/Request), Object(Closure))
#52 C:/Users/DELL/Downloads/Parking-Finder2-stage4-auth-flow/vendor/laravel/framework/src/Illuminate/Pipeline/Pipeline.php(137): Illuminate/Pipeline/Pipeline->Illuminate/Pipeline/{closure}(Object(Illuminate/Http/Request))
#53 C:/Users/DELL/Downloads/Parking-Finder2-stage4-auth-flow/vendor/laravel/framework/src/Illuminate/Foundation/Http/Kernel.php(175): Illuminate/Pipeline/Pipeline->then(Object(Closure))
#54 C:/Users/DELL/Downloads/Parking-Finder2-stage4-auth-flow/vendor/laravel/framework/src/Illuminate/Foundation/Http/Kernel.php(144): Illuminate/Foundation/Http/Kernel->sendRequestThroughRouter(Object(Illuminate/Http/Request))
#55 C:/Users/DELL/Downloads/Parking-Finder2-stage4-auth-flow/vendor/laravel/framework/src/Illuminate/Foundation/Application.php(1220): Illuminate/Foundation/Http/Kernel->handle(Object(Illuminate/Http/Request))
#56 C:/Users/DELL/Downloads/Parking-Finder2-stage4-auth-flow/public/index.php(20): Illuminate/Foundation/Application->handleRequest(Object(Illuminate/Http/Request))
#57 C:/Users/DELL/Downloads/Parking-Finder2-stage4-auth-flow/vendor/laravel/framework/src/Illuminate/Foundation/resources/server.php(23): require_once('C://Users//DELL//D...')
#58 {main}
"} 
[2026-01-24 13:23:03] local.ERROR: syntax error, unexpected token "else", expecting end of file (View: C:\Users\DELL\Downloads\Parking-Finder2-stage4-auth-flow\resources\views\user\parkings\show.blade.php) {"userId":5,"exception":"[object] (Illuminate\\View\\ViewException(code: 0): syntax error, unexpected token \"else\", expecting end of file (View: C:\\Users\\DELL\\Downloads\\Parking-Finder2-stage4-auth-flow\\resources\\views\\user\\parkings\\show.blade.php) at C:/Users/DELL/Downloads/Parking-Finder2-stage4-auth-flow/storage/framework/views/31e064cf6bf4c56f969076955745359f.php:269)
[stacktrace]
#0 C:/Users/DELL/Downloads/Parking-Finder2-stage4-auth-flow/vendor/laravel/framework/src/Illuminate/View/Engines/PhpEngine.php(59): Illuminate/View/Engines/CompilerEngine->handleViewException(Object(ParseError), 1)
#1 C:/Users/DELL/Downloads/Parking-Finder2-stage4-auth-flow/vendor/laravel/framework/src/Illuminate/View/Engines/CompilerEngine.php(76): Illuminate/View/Engines/PhpEngine->evaluatePath('C://Users//DELL//D...', Array)
#2 C:/Users/DELL/Downloads/Parking-Finder2-stage4-auth-flow/vendor/laravel/framework/src/Illuminate/View/View.php(208): Illuminate/View/Engines/CompilerEngine->get('C://Users//DELL//D...', Array)
#3 C:/Users/DELL/Downloads/Parking-Finder2-stage4-auth-flow/vendor/laravel/framework/src/Illuminate/View/View.php(191): Illuminate/View/View->getContents()
#4 C:/Users/DELL/Downloads/Parking-Finder2-stage4-auth-flow/vendor/laravel/framework/src/Illuminate/View/View.php(160): Illuminate/View/View->renderContents()
#5 C:/Users/DELL/Downloads/Parking-Finder2-stage4-auth-flow/vendor/laravel/framework/src/Illuminate/Http/Response.php(78): Illuminate/View/View->render()
#6 C:/Users/DELL/Downloads/Parking-Finder2-stage4-auth-flow/vendor/laravel/framework/src/Illuminate/Http/Response.php(34): Illuminate/Http/Response->setContent(Object(Illuminate/View/View))
#7 C:/Users/DELL/Downloads/Parking-Finder2-stage4-auth-flow/vendor/laravel/framework/src/Illuminate/Routing/Router.php(939): Illuminate/Http/Response->__construct(Object(Illuminate/View/View), 200, Array)
#8 C:/Users/DELL/Downloads/Parking-Finder2-stage4-auth-flow/vendor/laravel/framework/src/Illuminate/Routing/Router.php(906): Illuminate/Routing/Router::toResponse(Object(Illuminate/Http/Request), Object(Illuminate/View/View))
#9 C:/Users/DELL/Downloads/Parking-Finder2-stage4-auth-flow/vendor/laravel/framework/src/Illuminate/Routing/Router.php(821): Illuminate/Routing/Router->prepareResponse(Object(Illuminate/Http/Request), Object(Illuminate/View/View))
#10 C:/Users/DELL/Downloads/Parking-Finder2-stage4-auth-flow/vendor/laravel/framework/src/Illuminate/Pipeline/Pipeline.php(180): Illuminate/Routing/Router->Illuminate/Routing/{closure}(Object(Illuminate/Http/Request))
#11 C:/Users/DELL/Downloads/Parking-Finder2-stage4-auth-flow/app/Http/Middleware/NotAdminMiddleware.php(18): Illuminate/Pipeline/Pipeline->Illuminate/Pipeline/{closure}(Object(Illuminate/Http/Request))
#12 C:/Users/DELL/Downloads/Parking-Finder2-stage4-auth-flow/vendor/laravel/framework/src/Illuminate/Pipeline/Pipeline.php(219): App/Http/Middleware/NotAdminMiddleware->handle(Object(Illuminate/Http/Request), Object(Closure))
#13 C:/Users/DELL/Downloads/Parking-Finder2-stage4-auth-flow/vendor/laravel/framework/src/Illuminate/Routing/Middleware/SubstituteBindings.php(50): Illuminate/Pipeline/Pipeline->Illuminate/Pipeline/{closure}(Object(Illuminate/Http/Request))
#14 C:/Users/DELL/Downloads/Parking-Finder2-stage4-auth-flow/vendor/laravel/framework/src/Illuminate/Pipeline/Pipeline.php(219): Illuminate/Routing/Middleware/SubstituteBindings->handle(Object(Illuminate/Http/Request), Object(Closure))
#15 C:/Users/DELL/Downloads/Parking-Finder2-stage4-auth-flow/vendor/laravel/framework/src/Illuminate/Foundation/Http/Middleware/VerifyCsrfToken.php(87): Illuminate/Pipeline/Pipeline->Illuminate/Pipeline/{closure}(Object(Illuminate/Http/Request))
#16 C:/Users/DELL/Downloads/Parking-Finder2-stage4-auth-flow/vendor/laravel/framework/src/Illuminate/Pipeline/Pipeline.php(219): Illuminate/Foundation/Http/Middleware/VerifyCsrfToken->handle(Object(Illuminate/Http/Request), Object(Closure))
#17 C:/Users/DELL/Downloads/Parking-Finder2-stage4-auth-flow/vendor/laravel/framework/src/Illuminate/View/Middleware/ShareErrorsFromSession.php(48): Illuminate/Pipeline/Pipeline->Illuminate/Pipeline/{closure}(Object(Illuminate/Http/Request))
#18 C:/Users/DELL/Downloads/Parking-Finder2-stage4-auth-flow/vendor/laravel/framework/src/Illuminate/Pipeline/Pipeline.php(219): Illuminate/View/Middleware/ShareErrorsFromSession->handle(Object(Illuminate/Http/Request), Object(Closure))
#19 C:/Users/DELL/Downloads/Parking-Finder2-stage4-auth-flow/vendor/laravel/framework/src/Illuminate/Session/Middleware/StartSession.php(120): Illuminate/Pipeline/Pipeline->Illuminate/Pipeline/{closure}(Object(Illuminate/Http/Request))
#20 C:/Users/DELL/Downloads/Parking-Finder2-stage4-auth-flow/vendor/laravel/framework/src/Illuminate/Session/Middleware/StartSession.php(63): Illuminate/Session/Middleware/StartSession->handleStatefulRequest(Object(Illuminate/Http/Request), Object(Illuminate/Session/Store), Object(Closure))
#21 C:/Users/DELL/Downloads/Parking-Finder2-stage4-auth-flow/vendor/laravel/framework/src/Illuminate/Pipeline/Pipeline.php(219): Illuminate/Session/Middleware/StartSession->handle(Object(Illuminate/Http/Request), Object(Closure))
#22 C:/Users/DELL/Downloads/Parking-Finder2-stage4-auth-flow/vendor/laravel/framework/src/Illuminate/Cookie/Middleware/AddQueuedCookiesToResponse.php(36): Illuminate/Pipeline/Pipeline->Illuminate/Pipeline/{closure}(Object(Illuminate/Http/Request))
#23 C:/Users/DELL/Downloads/Parking-Finder2-stage4-auth-flow/vendor/laravel/framework/src/Illuminate/Pipeline/Pipeline.php(219): Illuminate/Cookie/Middleware/AddQueuedCookiesToResponse->handle(Object(Illuminate/Http/Request), Object(Closure))
#24 C:/Users/DELL/Downloads/Parking-Finder2-stage4-auth-flow/vendor/laravel/framework/src/Illuminate/Cookie/Middleware/EncryptCookies.php(74): Illuminate/Pipeline/Pipeline->Illuminate/Pipeline/{closure}(Object(Illuminate/Http/Request))
#25 C:/Users/DELL/Downloads/Parking-Finder2-stage4-auth-flow/vendor/laravel/framework/src/Illuminate/Pipeline/Pipeline.php(219): Illuminate/Cookie/Middleware/EncryptCookies->handle(Object(Illuminate/Http/Request), Object(Closure))
#26 C:/Users/DELL/Downloads/Parking-Finder2-stage4-auth-flow/vendor/laravel/framework/src/Illuminate/Pipeline/Pipeline.php(137): Illuminate/Pipeline/Pipeline->Illuminate/Pipeline/{closure}(Object(Illuminate/Http/Request))
#27 C:/Users/DELL/Downloads/Parking-Finder2-stage4-auth-flow/vendor/laravel/framework/src/Illuminate/Routing/Router.php(821): Illuminate/Pipeline/Pipeline->then(Object(Closure))
#28 C:/Users/DELL/Downloads/Parking-Finder2-stage4-auth-flow/vendor/laravel/framework/src/Illuminate/Routing/Router.php(800): Illuminate/Routing/Router->runRouteWithinStack(Object(Illuminate/Routing/Route), Object(Illuminate/Http/Request))
#29 C:/Users/DELL/Downloads/Parking-Finder2-stage4-auth-flow/vendor/laravel/framework/src/Illuminate/Routing/Router.php(764): Illuminate/Routing/Router->runRoute(Object(Illuminate/Http/Request), Object(Illuminate/Routing/Route))
#30 C:/Users/DELL/Downloads/Parking-Finder2-stage4-auth-flow/vendor/laravel/framework/src/Illuminate/Routing/Router.php(753): Illuminate/Routing/Router->dispatchToRoute(Object(Illuminate/Http/Request))
#31 C:/Users/DELL/Downloads/Parking-Finder2-stage4-auth-flow/vendor/laravel/framework/src/Illuminate/Foundation/Http/Kernel.php(200): Illuminate/Routing/Router->dispatch(Object(Illuminate/Http/Request))
#32 C:/Users/DELL/Downloads/Parking-Finder2-stage4-auth-flow/vendor/laravel/framework/src/Illuminate/Pipeline/Pipeline.php(180): Illuminate/Foundation/Http/Kernel->Illuminate/Foundation/Http/{closure}(Object(Illuminate/Http/Request))
#33 C:/Users/DELL/Downloads/Parking-Finder2-stage4-auth-flow/vendor/laravel/framework/src/Illuminate/Foundation/Http/Middleware/TransformsRequest.php(21): Illuminate/Pipeline/Pipeline->Illuminate/Pipeline/{closure}(Object(Illuminate/Http/Request))
#34 C:/Users/DELL/Downloads/Parking-Finder2-stage4-auth-flow/vendor/laravel/framework/src/Illuminate/Foundation/Http/Middleware/ConvertEmptyStringsToNull.php(31): Illuminate/Foundation/Http/Middleware/TransformsRequest->handle(Object(Illuminate/Http/Request), Object(Closure))
#35 C:/Users/DELL/Downloads/Parking-Finder2-stage4-auth-flow/vendor/laravel/framework/src/Illuminate/Pipeline/Pipeline.php(219): Illuminate/Foundation/Http/Middleware/ConvertEmptyStringsToNull->handle(Object(Illuminate/Http/Request), Object(Closure))
#36 C:/Users/DELL/Downloads/Parking-Finder2-stage4-auth-flow/vendor/laravel/framework/src/Illuminate/Foundation/Http/Middleware/TransformsRequest.php(21): Illuminate/Pipeline/Pipeline->Illuminate/Pipeline/{closure}(Object(Illuminate/Http/Request))
#37 C:/Users/DELL/Downloads/Parking-Finder2-stage4-auth-flow/vendor/laravel/framework/src/Illuminate/Foundation/Http/Middleware/TrimStrings.php(51): Illuminate/Foundation/Http/Middleware/TransformsRequest->handle(Object(Illuminate/Http/Request), Object(Closure))
#38 C:/Users/DELL/Downloads/Parking-Finder2-stage4-auth-flow/vendor/laravel/framework/src/Illuminate/Pipeline/Pipeline.php(219): Illuminate/Foundation/Http/Middleware/TrimStrings->handle(Object(Illuminate/Http/Request), Object(Closure))
#39 C:/Users/DELL/Downloads/Parking-Finder2-stage4-auth-flow/vendor/laravel/framework/src/Illuminate/Http/Middleware/ValidatePostSize.php(27): Illuminate/Pipeline/Pipeline->Illuminate/Pipeline/{closure}(Object(Illuminate/Http/Request))
#40 C:/Users/DELL/Downloads/Parking-Finder2-stage4-auth-flow/vendor/laravel/framework/src/Illuminate/Pipeline/Pipeline.php(219): Illuminate/Http/Middleware/ValidatePostSize->handle(Object(Illuminate/Http/Request), Object(Closure))
#41 C:/Users/DELL/Downloads/Parking-Finder2-stage4-auth-flow/vendor/laravel/framework/src/Illuminate/Foundation/Http/Middleware/PreventRequestsDuringMaintenance.php(109): Illuminate/Pipeline/Pipeline->Illuminate/Pipeline/{closure}(Object(Illuminate/Http/Request))
#42 C:/Users/DELL/Downloads/Parking-Finder2-stage4-auth-flow/vendor/laravel/framework/src/Illuminate/Pipeline/Pipeline.php(219): Illuminate/Foundation/Http/Middleware/PreventRequestsDuringMaintenance->handle(Object(Illuminate/Http/Request), Object(Closure))
#43 C:/Users/DELL/Downloads/Parking-Finder2-stage4-auth-flow/vendor/laravel/framework/src/Illuminate/Http/Middleware/HandleCors.php(48): Illuminate/Pipeline/Pipeline->Illuminate/Pipeline/{closure}(Object(Illuminate/Http/Request))
#44 C:/Users/DELL/Downloads/Parking-Finder2-stage4-auth-flow/vendor/laravel/framework/src/Illuminate/Pipeline/Pipeline.php(219): Illuminate/Http/Middleware/HandleCors->handle(Object(Illuminate/Http/Request), Object(Closure))
#45 C:/Users/DELL/Downloads/Parking-Finder2-stage4-auth-flow/vendor/laravel/framework/src/Illuminate/Http/Middleware/TrustProxies.php(58): Illuminate/Pipeline/Pipeline->Illuminate/Pipeline/{closure}(Object(Illuminate/Http/Request))
#46 C:/Users/DELL/Downloads/Parking-Finder2-stage4-auth-flow/vendor/laravel/framework/src/Illuminate/Pipeline/Pipeline.php(219): Illuminate/Http/Middleware/TrustProxies->handle(Object(Illuminate/Http/Request), Object(Closure))
#47 C:/Users/DELL/Downloads/Parking-Finder2-stage4-auth-flow/vendor/laravel/framework/src/Illuminate/Foundation/Http/Middleware/InvokeDeferredCallbacks.php(22): Illuminate/Pipeline/Pipeline->Illuminate/Pipeline/{closure}(Object(Illuminate/Http/Request))
#48 C:/Users/DELL/Downloads/Parking-Finder2-stage4-auth-flow/vendor/laravel/framework/src/Illuminate/Pipeline/Pipeline.php(219): Illuminate/Foundation/Http/Middleware/InvokeDeferredCallbacks->handle(Object(Illuminate/Http/Request), Object(Closure))
#49 C:/Users/DELL/Downloads/Parking-Finder2-stage4-auth-flow/vendor/laravel/framework/src/Illuminate/Http/Middleware/ValidatePathEncoding.php(26): Illuminate/Pipeline/Pipeline->Illuminate/Pipeline/{closure}(Object(Illuminate/Http/Request))
#50 C:/Users/DELL/Downloads/Parking-Finder2-stage4-auth-flow/vendor/laravel/framework/src/Illuminate/Pipeline/Pipeline.php(219): Illuminate/Http/Middleware/ValidatePathEncoding->handle(Object(Illuminate/Http/Request), Object(Closure))
#51 C:/Users/DELL/Downloads/Parking-Finder2-stage4-auth-flow/vendor/laravel/framework/src/Illuminate/Pipeline/Pipeline.php(137): Illuminate/Pipeline/Pipeline->Illuminate/Pipeline/{closure}(Object(Illuminate/Http/Request))
#52 C:/Users/DELL/Downloads/Parking-Finder2-stage4-auth-flow/vendor/laravel/framework/src/Illuminate/Foundation/Http/Kernel.php(175): Illuminate/Pipeline/Pipeline->then(Object(Closure))
#53 C:/Users/DELL/Downloads/Parking-Finder2-stage4-auth-flow/vendor/laravel/framework/src/Illuminate/Foundation/Http/Kernel.php(144): Illuminate/Foundation/Http/Kernel->sendRequestThroughRouter(Object(Illuminate/Http/Request))
#54 C:/Users/DELL/Downloads/Parking-Finder2-stage4-auth-flow/vendor/laravel/framework/src/Illuminate/Foundation/Application.php(1220): Illuminate/Foundation/Http/Kernel->handle(Object(Illuminate/Http/Request))
#55 C:/Users/DELL/Downloads/Parking-Finder2-stage4-auth-flow/public/index.php(20): Illuminate/Foundation/Application->handleRequest(Object(Illuminate/Http/Request))
#56 C:/Users/DELL/Downloads/Parking-Finder2-stage4-auth-flow/vendor/laravel/framework/src/Illuminate/Foundation/resources/server.php(23): require_once('C://Users//DELL//D...')
#57 {main}

[previous exception] [object] (ParseError(code: 0): syntax error, unexpected token \"else\", expecting end of file at C:/Users/DELL/Downloads/Parking-Finder2-stage4-auth-flow/storage/framework/views/31e064cf6bf4c56f969076955745359f.php:269)
[stacktrace]
#0 C:/Users/DELL/Downloads/Parking-Finder2-stage4-auth-flow/vendor/laravel/framework/src/Illuminate/Filesystem/Filesystem.php(124): Illuminate/Filesystem/Filesystem::Illuminate/Filesystem/{closure}()
#1 C:/Users/DELL/Downloads/Parking-Finder2-stage4-auth-flow/vendor/laravel/framework/src/Illuminate/View/Engines/PhpEngine.php(57): Illuminate/Filesystem/Filesystem->getRequire('C://Users//DELL//D...', Array)
#2 C:/Users/DELL/Downloads/Parking-Finder2-stage4-auth-flow/vendor/laravel/framework/src/Illuminate/View/Engines/CompilerEngine.php(76): Illuminate/View/Engines/PhpEngine->evaluatePath('C://Users//DELL//D...', Array)
#3 C:/Users/DELL/Downloads/Parking-Finder2-stage4-auth-flow/vendor/laravel/framework/src/Illuminate/View/View.php(208): Illuminate/View/Engines/CompilerEngine->get('C://Users//DELL//D...', Array)
#4 C:/Users/DELL/Downloads/Parking-Finder2-stage4-auth-flow/vendor/laravel/framework/src/Illuminate/View/View.php(191): Illuminate/View/View->getContents()
#5 C:/Users/DELL/Downloads/Parking-Finder2-stage4-auth-flow/vendor/laravel/framework/src/Illuminate/View/View.php(160): Illuminate/View/View->renderContents()
#6 C:/Users/DELL/Downloads/Parking-Finder2-stage4-auth-flow/vendor/laravel/framework/src/Illuminate/Http/Response.php(78): Illuminate/View/View->render()
#7 C:/Users/DELL/Downloads/Parking-Finder2-stage4-auth-flow/vendor/laravel/framework/src/Illuminate/Http/Response.php(34): Illuminate/Http/Response->setContent(Object(Illuminate/View/View))
#8 C:/Users/DELL/Downloads/Parking-Finder2-stage4-auth-flow/vendor/laravel/framework/src/Illuminate/Routing/Router.php(939): Illuminate/Http/Response->__construct(Object(Illuminate/View/View), 200, Array)
#9 C:/Users/DELL/Downloads/Parking-Finder2-stage4-auth-flow/vendor/laravel/framework/src/Illuminate/Routing/Router.php(906): Illuminate/Routing/Router::toResponse(Object(Illuminate/Http/Request), Object(Illuminate/View/View))
#10 C:/Users/DELL/Downloads/Parking-Finder2-stage4-auth-flow/vendor/laravel/framework/src/Illuminate/Routing/Router.php(821): Illuminate/Routing/Router->prepareResponse(Object(Illuminate/Http/Request), Object(Illuminate/View/View))
#11 C:/Users/DELL/Downloads/Parking-Finder2-stage4-auth-flow/vendor/laravel/framework/src/Illuminate/Pipeline/Pipeline.php(180): Illuminate/Routing/Router->Illuminate/Routing/{closure}(Object(Illuminate/Http/Request))
#12 C:/Users/DELL/Downloads/Parking-Finder2-stage4-auth-flow/app/Http/Middleware/NotAdminMiddleware.php(18): Illuminate/Pipeline/Pipeline->Illuminate/Pipeline/{closure}(Object(Illuminate/Http/Request))
#13 C:/Users/DELL/Downloads/Parking-Finder2-stage4-auth-flow/vendor/laravel/framework/src/Illuminate/Pipeline/Pipeline.php(219): App/Http/Middleware/NotAdminMiddleware->handle(Object(Illuminate/Http/Request), Object(Closure))
#14 C:/Users/DELL/Downloads/Parking-Finder2-stage4-auth-flow/vendor/laravel/framework/src/Illuminate/Routing/Middleware/SubstituteBindings.php(50): Illuminate/Pipeline/Pipeline->Illuminate/Pipeline/{closure}(Object(Illuminate/Http/Request))
#15 C:/Users/DELL/Downloads/Parking-Finder2-stage4-auth-flow/vendor/laravel/framework/src/Illuminate/Pipeline/Pipeline.php(219): Illuminate/Routing/Middleware/SubstituteBindings->handle(Object(Illuminate/Http/Request), Object(Closure))
#16 C:/Users/DELL/Downloads/Parking-Finder2-stage4-auth-flow/vendor/laravel/framework/src/Illuminate/Foundation/Http/Middleware/VerifyCsrfToken.php(87): Illuminate/Pipeline/Pipeline->Illuminate/Pipeline/{closure}(Object(Illuminate/Http/Request))
#17 C:/Users/DELL/Downloads/Parking-Finder2-stage4-auth-flow/vendor/laravel/framework/src/Illuminate/Pipeline/Pipeline.php(219): Illuminate/Foundation/Http/Middleware/VerifyCsrfToken->handle(Object(Illuminate/Http/Request), Object(Closure))
#18 C:/Users/DELL/Downloads/Parking-Finder2-stage4-auth-flow/vendor/laravel/framework/src/Illuminate/View/Middleware/ShareErrorsFromSession.php(48): Illuminate/Pipeline/Pipeline->Illuminate/Pipeline/{closure}(Object(Illuminate/Http/Request))
#19 C:/Users/DELL/Downloads/Parking-Finder2-stage4-auth-flow/vendor/laravel/framework/src/Illuminate/Pipeline/Pipeline.php(219): Illuminate/View/Middleware/ShareErrorsFromSession->handle(Object(Illuminate/Http/Request), Object(Closure))
#20 C:/Users/DELL/Downloads/Parking-Finder2-stage4-auth-flow/vendor/laravel/framework/src/Illuminate/Session/Middleware/StartSession.php(120): Illuminate/Pipeline/Pipeline->Illuminate/Pipeline/{closure}(Object(Illuminate/Http/Request))
#21 C:/Users/DELL/Downloads/Parking-Finder2-stage4-auth-flow/vendor/laravel/framework/src/Illuminate/Session/Middleware/StartSession.php(63): Illuminate/Session/Middleware/StartSession->handleStatefulRequest(Object(Illuminate/Http/Request), Object(Illuminate/Session/Store), Object(Closure))
#22 C:/Users/DELL/Downloads/Parking-Finder2-stage4-auth-flow/vendor/laravel/framework/src/Illuminate/Pipeline/Pipeline.php(219): Illuminate/Session/Middleware/StartSession->handle(Object(Illuminate/Http/Request), Object(Closure))
#23 C:/Users/DELL/Downloads/Parking-Finder2-stage4-auth-flow/vendor/laravel/framework/src/Illuminate/Cookie/Middleware/AddQueuedCookiesToResponse.php(36): Illuminate/Pipeline/Pipeline->Illuminate/Pipeline/{closure}(Object(Illuminate/Http/Request))
#24 C:/Users/DELL/Downloads/Parking-Finder2-stage4-auth-flow/vendor/laravel/framework/src/Illuminate/Pipeline/Pipeline.php(219): Illuminate/Cookie/Middleware/AddQueuedCookiesToResponse->handle(Object(Illuminate/Http/Request), Object(Closure))
#25 C:/Users/DELL/Downloads/Parking-Finder2-stage4-auth-flow/vendor/laravel/framework/src/Illuminate/Cookie/Middleware/EncryptCookies.php(74): Illuminate/Pipeline/Pipeline->Illuminate/Pipeline/{closure}(Object(Illuminate/Http/Request))
#26 C:/Users/DELL/Downloads/Parking-Finder2-stage4-auth-flow/vendor/laravel/framework/src/Illuminate/Pipeline/Pipeline.php(219): Illuminate/Cookie/Middleware/EncryptCookies->handle(Object(Illuminate/Http/Request), Object(Closure))
#27 C:/Users/DELL/Downloads/Parking-Finder2-stage4-auth-flow/vendor/laravel/framework/src/Illuminate/Pipeline/Pipeline.php(137): Illuminate/Pipeline/Pipeline->Illuminate/Pipeline/{closure}(Object(Illuminate/Http/Request))
#28 C:/Users/DELL/Downloads/Parking-Finder2-stage4-auth-flow/vendor/laravel/framework/src/Illuminate/Routing/Router.php(821): Illuminate/Pipeline/Pipeline->then(Object(Closure))
#29 C:/Users/DELL/Downloads/Parking-Finder2-stage4-auth-flow/vendor/laravel/framework/src/Illuminate/Routing/Router.php(800): Illuminate/Routing/Router->runRouteWithinStack(Object(Illuminate/Routing/Route), Object(Illuminate/Http/Request))
#30 C:/Users/DELL/Downloads/Parking-Finder2-stage4-auth-flow/vendor/laravel/framework/src/Illuminate/Routing/Router.php(764): Illuminate/Routing/Router->runRoute(Object(Illuminate/Http/Request), Object(Illuminate/Routing/Route))
#31 C:/Users/DELL/Downloads/Parking-Finder2-stage4-auth-flow/vendor/laravel/framework/src/Illuminate/Routing/Router.php(753): Illuminate/Routing/Router->dispatchToRoute(Object(Illuminate/Http/Request))
#32 C:/Users/DELL/Downloads/Parking-Finder2-stage4-auth-flow/vendor/laravel/framework/src/Illuminate/Foundation/Http/Kernel.php(200): Illuminate/Routing/Router->dispatch(Object(Illuminate/Http/Request))
#33 C:/Users/DELL/Downloads/Parking-Finder2-stage4-auth-flow/vendor/laravel/framework/src/Illuminate/Pipeline/Pipeline.php(180): Illuminate/Foundation/Http/Kernel->Illuminate/Foundation/Http/{closure}(Object(Illuminate/Http/Request))
#34 C:/Users/DELL/Downloads/Parking-Finder2-stage4-auth-flow/vendor/laravel/framework/src/Illuminate/Foundation/Http/Middleware/TransformsRequest.php(21): Illuminate/Pipeline/Pipeline->Illuminate/Pipeline/{closure}(Object(Illuminate/Http/Request))
#35 C:/Users/DELL/Downloads/Parking-Finder2-stage4-auth-flow/vendor/laravel/framework/src/Illuminate/Foundation/Http/Middleware/ConvertEmptyStringsToNull.php(31): Illuminate/Foundation/Http/Middleware/TransformsRequest->handle(Object(Illuminate/Http/Request), Object(Closure))
#36 C:/Users/DELL/Downloads/Parking-Finder2-stage4-auth-flow/vendor/laravel/framework/src/Illuminate/Pipeline/Pipeline.php(219): Illuminate/Foundation/Http/Middleware/ConvertEmptyStringsToNull->handle(Object(Illuminate/Http/Request), Object(Closure))
#37 C:/Users/DELL/Downloads/Parking-Finder2-stage4-auth-flow/vendor/laravel/framework/src/Illuminate/Foundation/Http/Middleware/TransformsRequest.php(21): Illuminate/Pipeline/Pipeline->Illuminate/Pipeline/{closure}(Object(Illuminate/Http/Request))
#38 C:/Users/DELL/Downloads/Parking-Finder2-stage4-auth-flow/vendor/laravel/framework/src/Illuminate/Foundation/Http/Middleware/TrimStrings.php(51): Illuminate/Foundation/Http/Middleware/TransformsRequest->handle(Object(Illuminate/Http/Request), Object(Closure))
#39 C:/Users/DELL/Downloads/Parking-Finder2-stage4-auth-flow/vendor/laravel/framework/src/Illuminate/Pipeline/Pipeline.php(219): Illuminate/Foundation/Http/Middleware/TrimStrings->handle(Object(Illuminate/Http/Request), Object(Closure))
#40 C:/Users/DELL/Downloads/Parking-Finder2-stage4-auth-flow/vendor/laravel/framework/src/Illuminate/Http/Middleware/ValidatePostSize.php(27): Illuminate/Pipeline/Pipeline->Illuminate/Pipeline/{closure}(Object(Illuminate/Http/Request))
#41 C:/Users/DELL/Downloads/Parking-Finder2-stage4-auth-flow/vendor/laravel/framework/src/Illuminate/Pipeline/Pipeline.php(219): Illuminate/Http/Middleware/ValidatePostSize->handle(Object(Illuminate/Http/Request), Object(Closure))
#42 C:/Users/DELL/Downloads/Parking-Finder2-stage4-auth-flow/vendor/laravel/framework/src/Illuminate/Foundation/Http/Middleware/PreventRequestsDuringMaintenance.php(109): Illuminate/Pipeline/Pipeline->Illuminate/Pipeline/{closure}(Object(Illuminate/Http/Request))
#43 C:/Users/DELL/Downloads/Parking-Finder2-stage4-auth-flow/vendor/laravel/framework/src/Illuminate/Pipeline/Pipeline.php(219): Illuminate/Foundation/Http/Middleware/PreventRequestsDuringMaintenance->handle(Object(Illuminate/Http/Request), Object(Closure))
#44 C:/Users/DELL/Downloads/Parking-Finder2-stage4-auth-flow/vendor/laravel/framework/src/Illuminate/Http/Middleware/HandleCors.php(48): Illuminate/Pipeline/Pipeline->Illuminate/Pipeline/{closure}(Object(Illuminate/Http/Request))
#45 C:/Users/DELL/Downloads/Parking-Finder2-stage4-auth-flow/vendor/laravel/framework/src/Illuminate/Pipeline/Pipeline.php(219): Illuminate/Http/Middleware/HandleCors->handle(Object(Illuminate/Http/Request), Object(Closure))
#46 C:/Users/DELL/Downloads/Parking-Finder2-stage4-auth-flow/vendor/laravel/framework/src/Illuminate/Http/Middleware/TrustProxies.php(58): Illuminate/Pipeline/Pipeline->Illuminate/Pipeline/{closure}(Object(Illuminate/Http/Request))
#47 C:/Users/DELL/Downloads/Parking-Finder2-stage4-auth-flow/vendor/laravel/framework/src/Illuminate/Pipeline/Pipeline.php(219): Illuminate/Http/Middleware/TrustProxies->handle(Object(Illuminate/Http/Request), Object(Closure))
#48 C:/Users/DELL/Downloads/Parking-Finder2-stage4-auth-flow/vendor/laravel/framework/src/Illuminate/Foundation/Http/Middleware/InvokeDeferredCallbacks.php(22): Illuminate/Pipeline/Pipeline->Illuminate/Pipeline/{closure}(Object(Illuminate/Http/Request))
#49 C:/Users/DELL/Downloads/Parking-Finder2-stage4-auth-flow/vendor/laravel/framework/src/Illuminate/Pipeline/Pipeline.php(219): Illuminate/Foundation/Http/Middleware/InvokeDeferredCallbacks->handle(Object(Illuminate/Http/Request), Object(Closure))
#50 C:/Users/DELL/Downloads/Parking-Finder2-stage4-auth-flow/vendor/laravel/framework/src/Illuminate/Http/Middleware/ValidatePathEncoding.php(26): Illuminate/Pipeline/Pipeline->Illuminate/Pipeline/{closure}(Object(Illuminate/Http/Request))
#51 C:/Users/DELL/Downloads/Parking-Finder2-stage4-auth-flow/vendor/laravel/framework/src/Illuminate/Pipeline/Pipeline.php(219): Illuminate/Http/Middleware/ValidatePathEncoding->handle(Object(Illuminate/Http/Request), Object(Closure))
#52 C:/Users/DELL/Downloads/Parking-Finder2-stage4-auth-flow/vendor/laravel/framework/src/Illuminate/Pipeline/Pipeline.php(137): Illuminate/Pipeline/Pipeline->Illuminate/Pipeline/{closure}(Object(Illuminate/Http/Request))
#53 C:/Users/DELL/Downloads/Parking-Finder2-stage4-auth-flow/vendor/laravel/framework/src/Illuminate/Foundation/Http/Kernel.php(175): Illuminate/Pipeline/Pipeline->then(Object(Closure))
#54 C:/Users/DELL/Downloads/Parking-Finder2-stage4-auth-flow/vendor/laravel/framework/src/Illuminate/Foundation/Http/Kernel.php(144): Illuminate/Foundation/Http/Kernel->sendRequestThroughRouter(Object(Illuminate/Http/Request))
#55 C:/Users/DELL/Downloads/Parking-Finder2-stage4-auth-flow/vendor/laravel/framework/src/Illuminate/Foundation/Application.php(1220): Illuminate/Foundation/Http/Kernel->handle(Object(Illuminate/Http/Request))
#56 C:/Users/DELL/Downloads/Parking-Finder2-stage4-auth-flow/public/index.php(20): Illuminate/Foundation/Application->handleRequest(Object(Illuminate/Http/Request))
#57 C:/Users/DELL/Downloads/Parking-Finder2-stage4-auth-flow/vendor/laravel/framework/src/Illuminate/Foundation/resources/server.php(23): require_once('C://Users//DELL//D...')
#58 {main}
"} 
[2026-01-24 13:23:46] local.ERROR: syntax error, unexpected token "else", expecting end of file (View: C:\Users\DELL\Downloads\Parking-Finder2-stage4-auth-flow\resources\views\user\parkings\show.blade.php) {"userId":5,"exception":"[object] (Illuminate\\View\\ViewException(code: 0): syntax error, unexpected token \"else\", expecting end of file (View: C:\\Users\\DELL\\Downloads\\Parking-Finder2-stage4-auth-flow\\resources\\views\\user\\parkings\\show.blade.php) at C:/Users/DELL/Downloads/Parking-Finder2-stage4-auth-flow/storage/framework/views/31e064cf6bf4c56f969076955745359f.php:269)
[stacktrace]
#0 C:/Users/DELL/Downloads/Parking-Finder2-stage4-auth-flow/vendor/laravel/framework/src/Illuminate/View/Engines/PhpEngine.php(59): Illuminate/View/Engines/CompilerEngine->handleViewException(Object(ParseError), 1)
#1 C:/Users/DELL/Downloads/Parking-Finder2-stage4-auth-flow/vendor/laravel/framework/src/Illuminate/View/Engines/CompilerEngine.php(76): Illuminate/View/Engines/PhpEngine->evaluatePath('C://Users//DELL//D...', Array)
#2 C:/Users/DELL/Downloads/Parking-Finder2-stage4-auth-flow/vendor/laravel/framework/src/Illuminate/View/View.php(208): Illuminate/View/Engines/CompilerEngine->get('C://Users//DELL//D...', Array)
#3 C:/Users/DELL/Downloads/Parking-Finder2-stage4-auth-flow/vendor/laravel/framework/src/Illuminate/View/View.php(191): Illuminate/View/View->getContents()
#4 C:/Users/DELL/Downloads/Parking-Finder2-stage4-auth-flow/vendor/laravel/framework/src/Illuminate/View/View.php(160): Illuminate/View/View->renderContents()
#5 C:/Users/DELL/Downloads/Parking-Finder2-stage4-auth-flow/vendor/laravel/framework/src/Illuminate/Http/Response.php(78): Illuminate/View/View->render()
#6 C:/Users/DELL/Downloads/Parking-Finder2-stage4-auth-flow/vendor/laravel/framework/src/Illuminate/Http/Response.php(34): Illuminate/Http/Response->setContent(Object(Illuminate/View/View))
#7 C:/Users/DELL/Downloads/Parking-Finder2-stage4-auth-flow/vendor/laravel/framework/src/Illuminate/Routing/Router.php(939): Illuminate/Http/Response->__construct(Object(Illuminate/View/View), 200, Array)
#8 C:/Users/DELL/Downloads/Parking-Finder2-stage4-auth-flow/vendor/laravel/framework/src/Illuminate/Routing/Router.php(906): Illuminate/Routing/Router::toResponse(Object(Illuminate/Http/Request), Object(Illuminate/View/View))
#9 C:/Users/DELL/Downloads/Parking-Finder2-stage4-auth-flow/vendor/laravel/framework/src/Illuminate/Routing/Router.php(821): Illuminate/Routing/Router->prepareResponse(Object(Illuminate/Http/Request), Object(Illuminate/View/View))
#10 C:/Users/DELL/Downloads/Parking-Finder2-stage4-auth-flow/vendor/laravel/framework/src/Illuminate/Pipeline/Pipeline.php(180): Illuminate/Routing/Router->Illuminate/Routing/{closure}(Object(Illuminate/Http/Request))
#11 C:/Users/DELL/Downloads/Parking-Finder2-stage4-auth-flow/app/Http/Middleware/NotAdminMiddleware.php(18): Illuminate/Pipeline/Pipeline->Illuminate/Pipeline/{closure}(Object(Illuminate/Http/Request))
#12 C:/Users/DELL/Downloads/Parking-Finder2-stage4-auth-flow/vendor/laravel/framework/src/Illuminate/Pipeline/Pipeline.php(219): App/Http/Middleware/NotAdminMiddleware->handle(Object(Illuminate/Http/Request), Object(Closure))
#13 C:/Users/DELL/Downloads/Parking-Finder2-stage4-auth-flow/vendor/laravel/framework/src/Illuminate/Routing/Middleware/SubstituteBindings.php(50): Illuminate/Pipeline/Pipeline->Illuminate/Pipeline/{closure}(Object(Illuminate/Http/Request))
#14 C:/Users/DELL/Downloads/Parking-Finder2-stage4-auth-flow/vendor/laravel/framework/src/Illuminate/Pipeline/Pipeline.php(219): Illuminate/Routing/Middleware/SubstituteBindings->handle(Object(Illuminate/Http/Request), Object(Closure))
#15 C:/Users/DELL/Downloads/Parking-Finder2-stage4-auth-flow/vendor/laravel/framework/src/Illuminate/Foundation/Http/Middleware/VerifyCsrfToken.php(87): Illuminate/Pipeline/Pipeline->Illuminate/Pipeline/{closure}(Object(Illuminate/Http/Request))
#16 C:/Users/DELL/Downloads/Parking-Finder2-stage4-auth-flow/vendor/laravel/framework/src/Illuminate/Pipeline/Pipeline.php(219): Illuminate/Foundation/Http/Middleware/VerifyCsrfToken->handle(Object(Illuminate/Http/Request), Object(Closure))
#17 C:/Users/DELL/Downloads/Parking-Finder2-stage4-auth-flow/vendor/laravel/framework/src/Illuminate/View/Middleware/ShareErrorsFromSession.php(48): Illuminate/Pipeline/Pipeline->Illuminate/Pipeline/{closure}(Object(Illuminate/Http/Request))
#18 C:/Users/DELL/Downloads/Parking-Finder2-stage4-auth-flow/vendor/laravel/framework/src/Illuminate/Pipeline/Pipeline.php(219): Illuminate/View/Middleware/ShareErrorsFromSession->handle(Object(Illuminate/Http/Request), Object(Closure))
#19 C:/Users/DELL/Downloads/Parking-Finder2-stage4-auth-flow/vendor/laravel/framework/src/Illuminate/Session/Middleware/StartSession.php(120): Illuminate/Pipeline/Pipeline->Illuminate/Pipeline/{closure}(Object(Illuminate/Http/Request))
#20 C:/Users/DELL/Downloads/Parking-Finder2-stage4-auth-flow/vendor/laravel/framework/src/Illuminate/Session/Middleware/StartSession.php(63): Illuminate/Session/Middleware/StartSession->handleStatefulRequest(Object(Illuminate/Http/Request), Object(Illuminate/Session/Store), Object(Closure))
#21 C:/Users/DELL/Downloads/Parking-Finder2-stage4-auth-flow/vendor/laravel/framework/src/Illuminate/Pipeline/Pipeline.php(219): Illuminate/Session/Middleware/StartSession->handle(Object(Illuminate/Http/Request), Object(Closure))
#22 C:/Users/DELL/Downloads/Parking-Finder2-stage4-auth-flow/vendor/laravel/framework/src/Illuminate/Cookie/Middleware/AddQueuedCookiesToResponse.php(36): Illuminate/Pipeline/Pipeline->Illuminate/Pipeline/{closure}(Object(Illuminate/Http/Request))
#23 C:/Users/DELL/Downloads/Parking-Finder2-stage4-auth-flow/vendor/laravel/framework/src/Illuminate/Pipeline/Pipeline.php(219): Illuminate/Cookie/Middleware/AddQueuedCookiesToResponse->handle(Object(Illuminate/Http/Request), Object(Closure))
#24 C:/Users/DELL/Downloads/Parking-Finder2-stage4-auth-flow/vendor/laravel/framework/src/Illuminate/Cookie/Middleware/EncryptCookies.php(74): Illuminate/Pipeline/Pipeline->Illuminate/Pipeline/{closure}(Object(Illuminate/Http/Request))
#25 C:/Users/DELL/Downloads/Parking-Finder2-stage4-auth-flow/vendor/laravel/framework/src/Illuminate/Pipeline/Pipeline.php(219): Illuminate/Cookie/Middleware/EncryptCookies->handle(Object(Illuminate/Http/Request), Object(Closure))
#26 C:/Users/DELL/Downloads/Parking-Finder2-stage4-auth-flow/vendor/laravel/framework/src/Illuminate/Pipeline/Pipeline.php(137): Illuminate/Pipeline/Pipeline->Illuminate/Pipeline/{closure}(Object(Illuminate/Http/Request))
#27 C:/Users/DELL/Downloads/Parking-Finder2-stage4-auth-flow/vendor/laravel/framework/src/Illuminate/Routing/Router.php(821): Illuminate/Pipeline/Pipeline->then(Object(Closure))
#28 C:/Users/DELL/Downloads/Parking-Finder2-stage4-auth-flow/vendor/laravel/framework/src/Illuminate/Routing/Router.php(800): Illuminate/Routing/Router->runRouteWithinStack(Object(Illuminate/Routing/Route), Object(Illuminate/Http/Request))
#29 C:/Users/DELL/Downloads/Parking-Finder2-stage4-auth-flow/vendor/laravel/framework/src/Illuminate/Routing/Router.php(764): Illuminate/Routing/Router->runRoute(Object(Illuminate/Http/Request), Object(Illuminate/Routing/Route))
#30 C:/Users/DELL/Downloads/Parking-Finder2-stage4-auth-flow/vendor/laravel/framework/src/Illuminate/Routing/Router.php(753): Illuminate/Routing/Router->dispatchToRoute(Object(Illuminate/Http/Request))
#31 C:/Users/DELL/Downloads/Parking-Finder2-stage4-auth-flow/vendor/laravel/framework/src/Illuminate/Foundation/Http/Kernel.php(200): Illuminate/Routing/Router->dispatch(Object(Illuminate/Http/Request))
#32 C:/Users/DELL/Downloads/Parking-Finder2-stage4-auth-flow/vendor/laravel/framework/src/Illuminate/Pipeline/Pipeline.php(180): Illuminate/Foundation/Http/Kernel->Illuminate/Foundation/Http/{closure}(Object(Illuminate/Http/Request))
#33 C:/Users/DELL/Downloads/Parking-Finder2-stage4-auth-flow/vendor/laravel/framework/src/Illuminate/Foundation/Http/Middleware/TransformsRequest.php(21): Illuminate/Pipeline/Pipeline->Illuminate/Pipeline/{closure}(Object(Illuminate/Http/Request))
#34 C:/Users/DELL/Downloads/Parking-Finder2-stage4-auth-flow/vendor/laravel/framework/src/Illuminate/Foundation/Http/Middleware/ConvertEmptyStringsToNull.php(31): Illuminate/Foundation/Http/Middleware/TransformsRequest->handle(Object(Illuminate/Http/Request), Object(Closure))
#35 C:/Users/DELL/Downloads/Parking-Finder2-stage4-auth-flow/vendor/laravel/framework/src/Illuminate/Pipeline/Pipeline.php(219): Illuminate/Foundation/Http/Middleware/ConvertEmptyStringsToNull->handle(Object(Illuminate/Http/Request), Object(Closure))
#36 C:/Users/DELL/Downloads/Parking-Finder2-stage4-auth-flow/vendor/laravel/framework/src/Illuminate/Foundation/Http/Middleware/TransformsRequest.php(21): Illuminate/Pipeline/Pipeline->Illuminate/Pipeline/{closure}(Object(Illuminate/Http/Request))
#37 C:/Users/DELL/Downloads/Parking-Finder2-stage4-auth-flow/vendor/laravel/framework/src/Illuminate/Foundation/Http/Middleware/TrimStrings.php(51): Illuminate/Foundation/Http/Middleware/TransformsRequest->handle(Object(Illuminate/Http/Request), Object(Closure))
#38 C:/Users/DELL/Downloads/Parking-Finder2-stage4-auth-flow/vendor/laravel/framework/src/Illuminate/Pipeline/Pipeline.php(219): Illuminate/Foundation/Http/Middleware/TrimStrings->handle(Object(Illuminate/Http/Request), Object(Closure))
#39 C:/Users/DELL/Downloads/Parking-Finder2-stage4-auth-flow/vendor/laravel/framework/src/Illuminate/Http/Middleware/ValidatePostSize.php(27): Illuminate/Pipeline/Pipeline->Illuminate/Pipeline/{closure}(Object(Illuminate/Http/Request))
#40 C:/Users/DELL/Downloads/Parking-Finder2-stage4-auth-flow/vendor/laravel/framework/src/Illuminate/Pipeline/Pipeline.php(219): Illuminate/Http/Middleware/ValidatePostSize->handle(Object(Illuminate/Http/Request), Object(Closure))
#41 C:/Users/DELL/Downloads/Parking-Finder2-stage4-auth-flow/vendor/laravel/framework/src/Illuminate/Foundation/Http/Middleware/PreventRequestsDuringMaintenance.php(109): Illuminate/Pipeline/Pipeline->Illuminate/Pipeline/{closure}(Object(Illuminate/Http/Request))
#42 C:/Users/DELL/Downloads/Parking-Finder2-stage4-auth-flow/vendor/laravel/framework/src/Illuminate/Pipeline/Pipeline.php(219): Illuminate/Foundation/Http/Middleware/PreventRequestsDuringMaintenance->handle(Object(Illuminate/Http/Request), Object(Closure))
#43 C:/Users/DELL/Downloads/Parking-Finder2-stage4-auth-flow/vendor/laravel/framework/src/Illuminate/Http/Middleware/HandleCors.php(48): Illuminate/Pipeline/Pipeline->Illuminate/Pipeline/{closure}(Object(Illuminate/Http/Request))
#44 C:/Users/DELL/Downloads/Parking-Finder2-stage4-auth-flow/vendor/laravel/framework/src/Illuminate/Pipeline/Pipeline.php(219): Illuminate/Http/Middleware/HandleCors->handle(Object(Illuminate/Http/Request), Object(Closure))
#45 C:/Users/DELL/Downloads/Parking-Finder2-stage4-auth-flow/vendor/laravel/framework/src/Illuminate/Http/Middleware/TrustProxies.php(58): Illuminate/Pipeline/Pipeline->Illuminate/Pipeline/{closure}(Object(Illuminate/Http/Request))
#46 C:/Users/DELL/Downloads/Parking-Finder2-stage4-auth-flow/vendor/laravel/framework/src/Illuminate/Pipeline/Pipeline.php(219): Illuminate/Http/Middleware/TrustProxies->handle(Object(Illuminate/Http/Request), Object(Closure))
#47 C:/Users/DELL/Downloads/Parking-Finder2-stage4-auth-flow/vendor/laravel/framework/src/Illuminate/Foundation/Http/Middleware/InvokeDeferredCallbacks.php(22): Illuminate/Pipeline/Pipeline->Illuminate/Pipeline/{closure}(Object(Illuminate/Http/Request))
#48 C:/Users/DELL/Downloads/Parking-Finder2-stage4-auth-flow/vendor/laravel/framework/src/Illuminate/Pipeline/Pipeline.php(219): Illuminate/Foundation/Http/Middleware/InvokeDeferredCallbacks->handle(Object(Illuminate/Http/Request), Object(Closure))
#49 C:/Users/DELL/Downloads/Parking-Finder2-stage4-auth-flow/vendor/laravel/framework/src/Illuminate/Http/Middleware/ValidatePathEncoding.php(26): Illuminate/Pipeline/Pipeline->Illuminate/Pipeline/{closure}(Object(Illuminate/Http/Request))
#50 C:/Users/DELL/Downloads/Parking-Finder2-stage4-auth-flow/vendor/laravel/framework/src/Illuminate/Pipeline/Pipeline.php(219): Illuminate/Http/Middleware/ValidatePathEncoding->handle(Object(Illuminate/Http/Request), Object(Closure))
#51 C:/Users/DELL/Downloads/Parking-Finder2-stage4-auth-flow/vendor/laravel/framework/src/Illuminate/Pipeline/Pipeline.php(137): Illuminate/Pipeline/Pipeline->Illuminate/Pipeline/{closure}(Object(Illuminate/Http/Request))
#52 C:/Users/DELL/Downloads/Parking-Finder2-stage4-auth-flow/vendor/laravel/framework/src/Illuminate/Foundation/Http/Kernel.php(175): Illuminate/Pipeline/Pipeline->then(Object(Closure))
#53 C:/Users/DELL/Downloads/Parking-Finder2-stage4-auth-flow/vendor/laravel/framework/src/Illuminate/Foundation/Http/Kernel.php(144): Illuminate/Foundation/Http/Kernel->sendRequestThroughRouter(Object(Illuminate/Http/Request))
#54 C:/Users/DELL/Downloads/Parking-Finder2-stage4-auth-flow/vendor/laravel/framework/src/Illuminate/Foundation/Application.php(1220): Illuminate/Foundation/Http/Kernel->handle(Object(Illuminate/Http/Request))
#55 C:/Users/DELL/Downloads/Parking-Finder2-stage4-auth-flow/public/index.php(20): Illuminate/Foundation/Application->handleRequest(Object(Illuminate/Http/Request))
#56 C:/Users/DELL/Downloads/Parking-Finder2-stage4-auth-flow/vendor/laravel/framework/src/Illuminate/Foundation/resources/server.php(23): require_once('C://Users//DELL//D...')
#57 {main}

[previous exception] [object] (ParseError(code: 0): syntax error, unexpected token \"else\", expecting end of file at C:/Users/DELL/Downloads/Parking-Finder2-stage4-auth-flow/storage/framework/views/31e064cf6bf4c56f969076955745359f.php:269)
[stacktrace]
#0 C:/Users/DELL/Downloads/Parking-Finder2-stage4-auth-flow/vendor/laravel/framework/src/Illuminate/Filesystem/Filesystem.php(124): Illuminate/Filesystem/Filesystem::Illuminate/Filesystem/{closure}()
#1 C:/Users/DELL/Downloads/Parking-Finder2-stage4-auth-flow/vendor/laravel/framework/src/Illuminate/View/Engines/PhpEngine.php(57): Illuminate/Filesystem/Filesystem->getRequire('C://Users//DELL//D...', Array)
#2 C:/Users/DELL/Downloads/Parking-Finder2-stage4-auth-flow/vendor/laravel/framework/src/Illuminate/View/Engines/CompilerEngine.php(76): Illuminate/View/Engines/PhpEngine->evaluatePath('C://Users//DELL//D...', Array)
#3 C:/Users/DELL/Downloads/Parking-Finder2-stage4-auth-flow/vendor/laravel/framework/src/Illuminate/View/View.php(208): Illuminate/View/Engines/CompilerEngine->get('C://Users//DELL//D...', Array)
#4 C:/Users/DELL/Downloads/Parking-Finder2-stage4-auth-flow/vendor/laravel/framework/src/Illuminate/View/View.php(191): Illuminate/View/View->getContents()
#5 C:/Users/DELL/Downloads/Parking-Finder2-stage4-auth-flow/vendor/laravel/framework/src/Illuminate/View/View.php(160): Illuminate/View/View->renderContents()
#6 C:/Users/DELL/Downloads/Parking-Finder2-stage4-auth-flow/vendor/laravel/framework/src/Illuminate/Http/Response.php(78): Illuminate/View/View->render()
#7 C:/Users/DELL/Downloads/Parking-Finder2-stage4-auth-flow/vendor/laravel/framework/src/Illuminate/Http/Response.php(34): Illuminate/Http/Response->setContent(Object(Illuminate/View/View))
#8 C:/Users/DELL/Downloads/Parking-Finder2-stage4-auth-flow/vendor/laravel/framework/src/Illuminate/Routing/Router.php(939): Illuminate/Http/Response->__construct(Object(Illuminate/View/View), 200, Array)
#9 C:/Users/DELL/Downloads/Parking-Finder2-stage4-auth-flow/vendor/laravel/framework/src/Illuminate/Routing/Router.php(906): Illuminate/Routing/Router::toResponse(Object(Illuminate/Http/Request), Object(Illuminate/View/View))
#10 C:/Users/DELL/Downloads/Parking-Finder2-stage4-auth-flow/vendor/laravel/framework/src/Illuminate/Routing/Router.php(821): Illuminate/Routing/Router->prepareResponse(Object(Illuminate/Http/Request), Object(Illuminate/View/View))
#11 C:/Users/DELL/Downloads/Parking-Finder2-stage4-auth-flow/vendor/laravel/framework/src/Illuminate/Pipeline/Pipeline.php(180): Illuminate/Routing/Router->Illuminate/Routing/{closure}(Object(Illuminate/Http/Request))
#12 C:/Users/DELL/Downloads/Parking-Finder2-stage4-auth-flow/app/Http/Middleware/NotAdminMiddleware.php(18): Illuminate/Pipeline/Pipeline->Illuminate/Pipeline/{closure}(Object(Illuminate/Http/Request))
#13 C:/Users/DELL/Downloads/Parking-Finder2-stage4-auth-flow/vendor/laravel/framework/src/Illuminate/Pipeline/Pipeline.php(219): App/Http/Middleware/NotAdminMiddleware->handle(Object(Illuminate/Http/Request), Object(Closure))
#14 C:/Users/DELL/Downloads/Parking-Finder2-stage4-auth-flow/vendor/laravel/framework/src/Illuminate/Routing/Middleware/SubstituteBindings.php(50): Illuminate/Pipeline/Pipeline->Illuminate/Pipeline/{closure}(Object(Illuminate/Http/Request))
#15 C:/Users/DELL/Downloads/Parking-Finder2-stage4-auth-flow/vendor/laravel/framework/src/Illuminate/Pipeline/Pipeline.php(219): Illuminate/Routing/Middleware/SubstituteBindings->handle(Object(Illuminate/Http/Request), Object(Closure))
#16 C:/Users/DELL/Downloads/Parking-Finder2-stage4-auth-flow/vendor/laravel/framework/src/Illuminate/Foundation/Http/Middleware/VerifyCsrfToken.php(87): Illuminate/Pipeline/Pipeline->Illuminate/Pipeline/{closure}(Object(Illuminate/Http/Request))
#17 C:/Users/DELL/Downloads/Parking-Finder2-stage4-auth-flow/vendor/laravel/framework/src/Illuminate/Pipeline/Pipeline.php(219): Illuminate/Foundation/Http/Middleware/VerifyCsrfToken->handle(Object(Illuminate/Http/Request), Object(Closure))
#18 C:/Users/DELL/Downloads/Parking-Finder2-stage4-auth-flow/vendor/laravel/framework/src/Illuminate/View/Middleware/ShareErrorsFromSession.php(48): Illuminate/Pipeline/Pipeline->Illuminate/Pipeline/{closure}(Object(Illuminate/Http/Request))
#19 C:/Users/DELL/Downloads/Parking-Finder2-stage4-auth-flow/vendor/laravel/framework/src/Illuminate/Pipeline/Pipeline.php(219): Illuminate/View/Middleware/ShareErrorsFromSession->handle(Object(Illuminate/Http/Request), Object(Closure))
#20 C:/Users/DELL/Downloads/Parking-Finder2-stage4-auth-flow/vendor/laravel/framework/src/Illuminate/Session/Middleware/StartSession.php(120): Illuminate/Pipeline/Pipeline->Illuminate/Pipeline/{closure}(Object(Illuminate/Http/Request))
#21 C:/Users/DELL/Downloads/Parking-Finder2-stage4-auth-flow/vendor/laravel/framework/src/Illuminate/Session/Middleware/StartSession.php(63): Illuminate/Session/Middleware/StartSession->handleStatefulRequest(Object(Illuminate/Http/Request), Object(Illuminate/Session/Store), Object(Closure))
#22 C:/Users/DELL/Downloads/Parking-Finder2-stage4-auth-flow/vendor/laravel/framework/src/Illuminate/Pipeline/Pipeline.php(219): Illuminate/Session/Middleware/StartSession->handle(Object(Illuminate/Http/Request), Object(Closure))
#23 C:/Users/DELL/Downloads/Parking-Finder2-stage4-auth-flow/vendor/laravel/framework/src/Illuminate/Cookie/Middleware/AddQueuedCookiesToResponse.php(36): Illuminate/Pipeline/Pipeline->Illuminate/Pipeline/{closure}(Object(Illuminate/Http/Request))
#24 C:/Users/DELL/Downloads/Parking-Finder2-stage4-auth-flow/vendor/laravel/framework/src/Illuminate/Pipeline/Pipeline.php(219): Illuminate/Cookie/Middleware/AddQueuedCookiesToResponse->handle(Object(Illuminate/Http/Request), Object(Closure))
#25 C:/Users/DELL/Downloads/Parking-Finder2-stage4-auth-flow/vendor/laravel/framework/src/Illuminate/Cookie/Middleware/EncryptCookies.php(74): Illuminate/Pipeline/Pipeline->Illuminate/Pipeline/{closure}(Object(Illuminate/Http/Request))
#26 C:/Users/DELL/Downloads/Parking-Finder2-stage4-auth-flow/vendor/laravel/framework/src/Illuminate/Pipeline/Pipeline.php(219): Illuminate/Cookie/Middleware/EncryptCookies->handle(Object(Illuminate/Http/Request), Object(Closure))
#27 C:/Users/DELL/Downloads/Parking-Finder2-stage4-auth-flow/vendor/laravel/framework/src/Illuminate/Pipeline/Pipeline.php(137): Illuminate/Pipeline/Pipeline->Illuminate/Pipeline/{closure}(Object(Illuminate/Http/Request))
#28 C:/Users/DELL/Downloads/Parking-Finder2-stage4-auth-flow/vendor/laravel/framework/src/Illuminate/Routing/Router.php(821): Illuminate/Pipeline/Pipeline->then(Object(Closure))
#29 C:/Users/DELL/Downloads/Parking-Finder2-stage4-auth-flow/vendor/laravel/framework/src/Illuminate/Routing/Router.php(800): Illuminate/Routing/Router->runRouteWithinStack(Object(Illuminate/Routing/Route), Object(Illuminate/Http/Request))
#30 C:/Users/DELL/Downloads/Parking-Finder2-stage4-auth-flow/vendor/laravel/framework/src/Illuminate/Routing/Router.php(764): Illuminate/Routing/Router->runRoute(Object(Illuminate/Http/Request), Object(Illuminate/Routing/Route))
#31 C:/Users/DELL/Downloads/Parking-Finder2-stage4-auth-flow/vendor/laravel/framework/src/Illuminate/Routing/Router.php(753): Illuminate/Routing/Router->dispatchToRoute(Object(Illuminate/Http/Request))
#32 C:/Users/DELL/Downloads/Parking-Finder2-stage4-auth-flow/vendor/laravel/framework/src/Illuminate/Foundation/Http/Kernel.php(200): Illuminate/Routing/Router->dispatch(Object(Illuminate/Http/Request))
#33 C:/Users/DELL/Downloads/Parking-Finder2-stage4-auth-flow/vendor/laravel/framework/src/Illuminate/Pipeline/Pipeline.php(180): Illuminate/Foundation/Http/Kernel->Illuminate/Foundation/Http/{closure}(Object(Illuminate/Http/Request))
#34 C:/Users/DELL/Downloads/Parking-Finder2-stage4-auth-flow/vendor/laravel/framework/src/Illuminate/Foundation/Http/Middleware/TransformsRequest.php(21): Illuminate/Pipeline/Pipeline->Illuminate/Pipeline/{closure}(Object(Illuminate/Http/Request))
#35 C:/Users/DELL/Downloads/Parking-Finder2-stage4-auth-flow/vendor/laravel/framework/src/Illuminate/Foundation/Http/Middleware/ConvertEmptyStringsToNull.php(31): Illuminate/Foundation/Http/Middleware/TransformsRequest->handle(Object(Illuminate/Http/Request), Object(Closure))
#36 C:/Users/DELL/Downloads/Parking-Finder2-stage4-auth-flow/vendor/laravel/framework/src/Illuminate/Pipeline/Pipeline.php(219): Illuminate/Foundation/Http/Middleware/ConvertEmptyStringsToNull->handle(Object(Illuminate/Http/Request), Object(Closure))
#37 C:/Users/DELL/Downloads/Parking-Finder2-stage4-auth-flow/vendor/laravel/framework/src/Illuminate/Foundation/Http/Middleware/TransformsRequest.php(21): Illuminate/Pipeline/Pipeline->Illuminate/Pipeline/{closure}(Object(Illuminate/Http/Request))
#38 C:/Users/DELL/Downloads/Parking-Finder2-stage4-auth-flow/vendor/laravel/framework/src/Illuminate/Foundation/Http/Middleware/TrimStrings.php(51): Illuminate/Foundation/Http/Middleware/TransformsRequest->handle(Object(Illuminate/Http/Request), Object(Closure))
#39 C:/Users/DELL/Downloads/Parking-Finder2-stage4-auth-flow/vendor/laravel/framework/src/Illuminate/Pipeline/Pipeline.php(219): Illuminate/Foundation/Http/Middleware/TrimStrings->handle(Object(Illuminate/Http/Request), Object(Closure))
#40 C:/Users/DELL/Downloads/Parking-Finder2-stage4-auth-flow/vendor/laravel/framework/src/Illuminate/Http/Middleware/ValidatePostSize.php(27): Illuminate/Pipeline/Pipeline->Illuminate/Pipeline/{closure}(Object(Illuminate/Http/Request))
#41 C:/Users/DELL/Downloads/Parking-Finder2-stage4-auth-flow/vendor/laravel/framework/src/Illuminate/Pipeline/Pipeline.php(219): Illuminate/Http/Middleware/ValidatePostSize->handle(Object(Illuminate/Http/Request), Object(Closure))
#42 C:/Users/DELL/Downloads/Parking-Finder2-stage4-auth-flow/vendor/laravel/framework/src/Illuminate/Foundation/Http/Middleware/PreventRequestsDuringMaintenance.php(109): Illuminate/Pipeline/Pipeline->Illuminate/Pipeline/{closure}(Object(Illuminate/Http/Request))
#43 C:/Users/DELL/Downloads/Parking-Finder2-stage4-auth-flow/vendor/laravel/framework/src/Illuminate/Pipeline/Pipeline.php(219): Illuminate/Foundation/Http/Middleware/PreventRequestsDuringMaintenance->handle(Object(Illuminate/Http/Request), Object(Closure))
#44 C:/Users/DELL/Downloads/Parking-Finder2-stage4-auth-flow/vendor/laravel/framework/src/Illuminate/Http/Middleware/HandleCors.php(48): Illuminate/Pipeline/Pipeline->Illuminate/Pipeline/{closure}(Object(Illuminate/Http/Request))
#45 C:/Users/DELL/Downloads/Parking-Finder2-stage4-auth-flow/vendor/laravel/framework/src/Illuminate/Pipeline/Pipeline.php(219): Illuminate/Http/Middleware/HandleCors->handle(Object(Illuminate/Http/Request), Object(Closure))
#46 C:/Users/DELL/Downloads/Parking-Finder2-stage4-auth-flow/vendor/laravel/framework/src/Illuminate/Http/Middleware/TrustProxies.php(58): Illuminate/Pipeline/Pipeline->Illuminate/Pipeline/{closure}(Object(Illuminate/Http/Request))
#47 C:/Users/DELL/Downloads/Parking-Finder2-stage4-auth-flow/vendor/laravel/framework/src/Illuminate/Pipeline/Pipeline.php(219): Illuminate/Http/Middleware/TrustProxies->handle(Object(Illuminate/Http/Request), Object(Closure))
#48 C:/Users/DELL/Downloads/Parking-Finder2-stage4-auth-flow/vendor/laravel/framework/src/Illuminate/Foundation/Http/Middleware/InvokeDeferredCallbacks.php(22): Illuminate/Pipeline/Pipeline->Illuminate/Pipeline/{closure}(Object(Illuminate/Http/Request))
#49 C:/Users/DELL/Downloads/Parking-Finder2-stage4-auth-flow/vendor/laravel/framework/src/Illuminate/Pipeline/Pipeline.php(219): Illuminate/Foundation/Http/Middleware/InvokeDeferredCallbacks->handle(Object(Illuminate/Http/Request), Object(Closure))
#50 C:/Users/DELL/Downloads/Parking-Finder2-stage4-auth-flow/vendor/laravel/framework/src/Illuminate/Http/Middleware/ValidatePathEncoding.php(26): Illuminate/Pipeline/Pipeline->Illuminate/Pipeline/{closure}(Object(Illuminate/Http/Request))
#51 C:/Users/DELL/Downloads/Parking-Finder2-stage4-auth-flow/vendor/laravel/framework/src/Illuminate/Pipeline/Pipeline.php(219): Illuminate/Http/Middleware/ValidatePathEncoding->handle(Object(Illuminate/Http/Request), Object(Closure))
#52 C:/Users/DELL/Downloads/Parking-Finder2-stage4-auth-flow/vendor/laravel/framework/src/Illuminate/Pipeline/Pipeline.php(137): Illuminate/Pipeline/Pipeline->Illuminate/Pipeline/{closure}(Object(Illuminate/Http/Request))
#53 C:/Users/DELL/Downloads/Parking-Finder2-stage4-auth-flow/vendor/laravel/framework/src/Illuminate/Foundation/Http/Kernel.php(175): Illuminate/Pipeline/Pipeline->then(Object(Closure))
#54 C:/Users/DELL/Downloads/Parking-Finder2-stage4-auth-flow/vendor/laravel/framework/src/Illuminate/Foundation/Http/Kernel.php(144): Illuminate/Foundation/Http/Kernel->sendRequestThroughRouter(Object(Illuminate/Http/Request))
#55 C:/Users/DELL/Downloads/Parking-Finder2-stage4-auth-flow/vendor/laravel/framework/src/Illuminate/Foundation/Application.php(1220): Illuminate/Foundation/Http/Kernel->handle(Object(Illuminate/Http/Request))
#56 C:/Users/DELL/Downloads/Parking-Finder2-stage4-auth-flow/public/index.php(20): Illuminate/Foundation/Application->handleRequest(Object(Illuminate/Http/Request))
#57 C:/Users/DELL/Downloads/Parking-Finder2-stage4-auth-flow/vendor/laravel/framework/src/Illuminate/Foundation/resources/server.php(23): require_once('C://Users//DELL//D...')
#58 {main}
"} 
[2026-01-24 18:19:05] local.ERROR: Command "server" is not defined.

Did you mean one of these?
    make:observer
    serve {"exception":"[object] (Symfony\\Component\\Console\\Exception\\CommandNotFoundException(code: 0): Command \"server\" is not defined.

Did you mean one of these?
    make:observer
    serve at C:/Users/DELL/Downloads/Parking-Finder2-stage4-auth-flow/vendor/symfony/console/Application.php:759)
[stacktrace]
#0 C:/Users/DELL/Downloads/Parking-Finder2-stage4-auth-flow/vendor/symfony/console/Application.php(298): Symfony/Component/Console/Application->find('server')
#1 C:/Users/DELL/Downloads/Parking-Finder2-stage4-auth-flow/vendor/symfony/console/Application.php(195): Symfony/Component/Console/Application->doRun(Object(Symfony/Component/Console/Input/ArgvInput), Object(Symfony/Component/Console/Output/ConsoleOutput))
#2 C:/Users/DELL/Downloads/Parking-Finder2-stage4-auth-flow/vendor/laravel/framework/src/Illuminate/Foundation/Console/Kernel.php(198): Symfony/Component/Console/Application->run(Object(Symfony/Component/Console/Input/ArgvInput), Object(Symfony/Component/Console/Output/ConsoleOutput))
#3 C:/Users/DELL/Downloads/Parking-Finder2-stage4-auth-flow/vendor/laravel/framework/src/Illuminate/Foundation/Application.php(1235): Illuminate/Foundation/Console/Kernel->handle(Object(Symfony/Component/Console/Input/ArgvInput), Object(Symfony/Component/Console/Output/ConsoleOutput))
#4 C:/Users/DELL/Downloads/Parking-Finder2-stage4-auth-flow/artisan(16): Illuminate/Foundation/Application->handleCommand(Object(Symfony/Component/Console/Input/ArgvInput))
#5 {main}
"} 
[2026-01-24 18:19:50] local.ERROR: Undefined variable $p (View: C:\Users\DELL\Downloads\Parking-Finder2-stage4-auth-flow\resources\views\admin\parkings\index.blade.php) {"userId":3,"exception":"[object] (Illuminate\\View\\ViewException(code: 0): Undefined variable $p (View: C:\\Users\\DELL\\Downloads\\Parking-Finder2-stage4-auth-flow\\resources\\views\\admin\\parkings\\index.blade.php) at C:/Users/DELL/Downloads/Parking-Finder2-stage4-auth-flow/storage/framework/views/3160c9ec91065d37dfe4cc719f5afcb7.php:113)
[stacktrace]
#0 C:/Users/DELL/Downloads/Parking-Finder2-stage4-auth-flow/vendor/laravel/framework/src/Illuminate/View/Engines/PhpEngine.php(59): Illuminate/View/Engines/CompilerEngine->handleViewException(Object(ErrorException), 1)
#1 C:/Users/DELL/Downloads/Parking-Finder2-stage4-auth-flow/vendor/laravel/framework/src/Illuminate/View/Engines/CompilerEngine.php(76): Illuminate/View/Engines/PhpEngine->evaluatePath('C://Users//DELL//D...', Array)
#2 C:/Users/DELL/Downloads/Parking-Finder2-stage4-auth-flow/vendor/laravel/framework/src/Illuminate/View/View.php(208): Illuminate/View/Engines/CompilerEngine->get('C://Users//DELL//D...', Array)
#3 C:/Users/DELL/Downloads/Parking-Finder2-stage4-auth-flow/vendor/laravel/framework/src/Illuminate/View/View.php(191): Illuminate/View/View->getContents()
#4 C:/Users/DELL/Downloads/Parking-Finder2-stage4-auth-flow/vendor/laravel/framework/src/Illuminate/View/View.php(160): Illuminate/View/View->renderContents()
#5 C:/Users/DELL/Downloads/Parking-Finder2-stage4-auth-flow/vendor/laravel/framework/src/Illuminate/Http/Response.php(78): Illuminate/View/View->render()
#6 C:/Users/DELL/Downloads/Parking-Finder2-stage4-auth-flow/vendor/laravel/framework/src/Illuminate/Http/Response.php(34): Illuminate/Http/Response->setContent(Object(Illuminate/View/View))
#7 C:/Users/DELL/Downloads/Parking-Finder2-stage4-auth-flow/vendor/laravel/framework/src/Illuminate/Routing/Router.php(939): Illuminate/Http/Response->__construct(Object(Illuminate/View/View), 200, Array)
#8 C:/Users/DELL/Downloads/Parking-Finder2-stage4-auth-flow/vendor/laravel/framework/src/Illuminate/Routing/Router.php(906): Illuminate/Routing/Router::toResponse(Object(Illuminate/Http/Request), Object(Illuminate/View/View))
#9 C:/Users/DELL/Downloads/Parking-Finder2-stage4-auth-flow/vendor/laravel/framework/src/Illuminate/Routing/Router.php(821): Illuminate/Routing/Router->prepareResponse(Object(Illuminate/Http/Request), Object(Illuminate/View/View))
#10 C:/Users/DELL/Downloads/Parking-Finder2-stage4-auth-flow/vendor/laravel/framework/src/Illuminate/Pipeline/Pipeline.php(180): Illuminate/Routing/Router->Illuminate/Routing/{closure}(Object(Illuminate/Http/Request))
#11 C:/Users/DELL/Downloads/Parking-Finder2-stage4-auth-flow/app/Http/Middleware/AdminMiddleware.php(32): Illuminate/Pipeline/Pipeline->Illuminate/Pipeline/{closure}(Object(Illuminate/Http/Request))
#12 C:/Users/DELL/Downloads/Parking-Finder2-stage4-auth-flow/vendor/laravel/framework/src/Illuminate/Pipeline/Pipeline.php(219): App/Http/Middleware/AdminMiddleware->handle(Object(Illuminate/Http/Request), Object(Closure))
#13 C:/Users/DELL/Downloads/Parking-Finder2-stage4-auth-flow/vendor/laravel/framework/src/Illuminate/Routing/Middleware/SubstituteBindings.php(50): Illuminate/Pipeline/Pipeline->Illuminate/Pipeline/{closure}(Object(Illuminate/Http/Request))
#14 C:/Users/DELL/Downloads/Parking-Finder2-stage4-auth-flow/vendor/laravel/framework/src/Illuminate/Pipeline/Pipeline.php(219): Illuminate/Routing/Middleware/SubstituteBindings->handle(Object(Illuminate/Http/Request), Object(Closure))
#15 C:/Users/DELL/Downloads/Parking-Finder2-stage4-auth-flow/vendor/laravel/framework/src/Illuminate/Auth/Middleware/Authenticate.php(63): Illuminate/Pipeline/Pipeline->Illuminate/Pipeline/{closure}(Object(Illuminate/Http/Request))
#16 C:/Users/DELL/Downloads/Parking-Finder2-stage4-auth-flow/vendor/laravel/framework/src/Illuminate/Pipeline/Pipeline.php(219): Illuminate/Auth/Middleware/Authenticate->handle(Object(Illuminate/Http/Request), Object(Closure))
#17 C:/Users/DELL/Downloads/Parking-Finder2-stage4-auth-flow/vendor/laravel/framework/src/Illuminate/Foundation/Http/Middleware/VerifyCsrfToken.php(87): Illuminate/Pipeline/Pipeline->Illuminate/Pipeline/{closure}(Object(Illuminate/Http/Request))
#18 C:/Users/DELL/Downloads/Parking-Finder2-stage4-auth-flow/vendor/laravel/framework/src/Illuminate/Pipeline/Pipeline.php(219): Illuminate/Foundation/Http/Middleware/VerifyCsrfToken->handle(Object(Illuminate/Http/Request), Object(Closure))
#19 C:/Users/DELL/Downloads/Parking-Finder2-stage4-auth-flow/vendor/laravel/framework/src/Illuminate/View/Middleware/ShareErrorsFromSession.php(48): Illuminate/Pipeline/Pipeline->Illuminate/Pipeline/{closure}(Object(Illuminate/Http/Request))
#20 C:/Users/DELL/Downloads/Parking-Finder2-stage4-auth-flow/vendor/laravel/framework/src/Illuminate/Pipeline/Pipeline.php(219): Illuminate/View/Middleware/ShareErrorsFromSession->handle(Object(Illuminate/Http/Request), Object(Closure))
#21 C:/Users/DELL/Downloads/Parking-Finder2-stage4-auth-flow/vendor/laravel/framework/src/Illuminate/Session/Middleware/StartSession.php(120): Illuminate/Pipeline/Pipeline->Illuminate/Pipeline/{closure}(Object(Illuminate/Http/Request))
#22 C:/Users/DELL/Downloads/Parking-Finder2-stage4-auth-flow/vendor/laravel/framework/src/Illuminate/Session/Middleware/StartSession.php(63): Illuminate/Session/Middleware/StartSession->handleStatefulRequest(Object(Illuminate/Http/Request), Object(Illuminate/Session/Store), Object(Closure))
#23 C:/Users/DELL/Downloads/Parking-Finder2-stage4-auth-flow/vendor/laravel/framework/src/Illuminate/Pipeline/Pipeline.php(219): Illuminate/Session/Middleware/StartSession->handle(Object(Illuminate/Http/Request), Object(Closure))
#24 C:/Users/DELL/Downloads/Parking-Finder2-stage4-auth-flow/vendor/laravel/framework/src/Illuminate/Cookie/Middleware/AddQueuedCookiesToResponse.php(36): Illuminate/Pipeline/Pipeline->Illuminate/Pipeline/{closure}(Object(Illuminate/Http/Request))
#25 C:/Users/DELL/Downloads/Parking-Finder2-stage4-auth-flow/vendor/laravel/framework/src/Illuminate/Pipeline/Pipeline.php(219): Illuminate/Cookie/Middleware/AddQueuedCookiesToResponse->handle(Object(Illuminate/Http/Request), Object(Closure))
#26 C:/Users/DELL/Downloads/Parking-Finder2-stage4-auth-flow/vendor/laravel/framework/src/Illuminate/Cookie/Middleware/EncryptCookies.php(74): Illuminate/Pipeline/Pipeline->Illuminate/Pipeline/{closure}(Object(Illuminate/Http/Request))
#27 C:/Users/DELL/Downloads/Parking-Finder2-stage4-auth-flow/vendor/laravel/framework/src/Illuminate/Pipeline/Pipeline.php(219): Illuminate/Cookie/Middleware/EncryptCookies->handle(Object(Illuminate/Http/Request), Object(Closure))
#28 C:/Users/DELL/Downloads/Parking-Finder2-stage4-auth-flow/vendor/laravel/framework/src/Illuminate/Pipeline/Pipeline.php(137): Illuminate/Pipeline/Pipeline->Illuminate/Pipeline/{closure}(Object(Illuminate/Http/Request))
#29 C:/Users/DELL/Downloads/Parking-Finder2-stage4-auth-flow/vendor/laravel/framework/src/Illuminate/Routing/Router.php(821): Illuminate/Pipeline/Pipeline->then(Object(Closure))
#30 C:/Users/DELL/Downloads/Parking-Finder2-stage4-auth-flow/vendor/laravel/framework/src/Illuminate/Routing/Router.php(800): Illuminate/Routing/Router->runRouteWithinStack(Object(Illuminate/Routing/Route), Object(Illuminate/Http/Request))
#31 C:/Users/DELL/Downloads/Parking-Finder2-stage4-auth-flow/vendor/laravel/framework/src/Illuminate/Routing/Router.php(764): Illuminate/Routing/Router->runRoute(Object(Illuminate/Http/Request), Object(Illuminate/Routing/Route))
#32 C:/Users/DELL/Downloads/Parking-Finder2-stage4-auth-flow/vendor/laravel/framework/src/Illuminate/Routing/Router.php(753): Illuminate/Routing/Router->dispatchToRoute(Object(Illuminate/Http/Request))
#33 C:/Users/DELL/Downloads/Parking-Finder2-stage4-auth-flow/vendor/laravel/framework/src/Illuminate/Foundation/Http/Kernel.php(200): Illuminate/Routing/Router->dispatch(Object(Illuminate/Http/Request))
#34 C:/Users/DELL/Downloads/Parking-Finder2-stage4-auth-flow/vendor/laravel/framework/src/Illuminate/Pipeline/Pipeline.php(180): Illuminate/Foundation/Http/Kernel->Illuminate/Foundation/Http/{closure}(Object(Illuminate/Http/Request))
#35 C:/Users/DELL/Downloads/Parking-Finder2-stage4-auth-flow/vendor/laravel/framework/src/Illuminate/Foundation/Http/Middleware/TransformsRequest.php(21): Illuminate/Pipeline/Pipeline->Illuminate/Pipeline/{closure}(Object(Illuminate/Http/Request))
#36 C:/Users/DELL/Downloads/Parking-Finder2-stage4-auth-flow/vendor/laravel/framework/src/Illuminate/Foundation/Http/Middleware/ConvertEmptyStringsToNull.php(31): Illuminate/Foundation/Http/Middleware/TransformsRequest->handle(Object(Illuminate/Http/Request), Object(Closure))
#37 C:/Users/DELL/Downloads/Parking-Finder2-stage4-auth-flow/vendor/laravel/framework/src/Illuminate/Pipeline/Pipeline.php(219): Illuminate/Foundation/Http/Middleware/ConvertEmptyStringsToNull->handle(Object(Illuminate/Http/Request), Object(Closure))
#38 C:/Users/DELL/Downloads/Parking-Finder2-stage4-auth-flow/vendor/laravel/framework/src/Illuminate/Foundation/Http/Middleware/TransformsRequest.php(21): Illuminate/Pipeline/Pipeline->Illuminate/Pipeline/{closure}(Object(Illuminate/Http/Request))
#39 C:/Users/DELL/Downloads/Parking-Finder2-stage4-auth-flow/vendor/laravel/framework/src/Illuminate/Foundation/Http/Middleware/TrimStrings.php(51): Illuminate/Foundation/Http/Middleware/TransformsRequest->handle(Object(Illuminate/Http/Request), Object(Closure))
#40 C:/Users/DELL/Downloads/Parking-Finder2-stage4-auth-flow/vendor/laravel/framework/src/Illuminate/Pipeline/Pipeline.php(219): Illuminate/Foundation/Http/Middleware/TrimStrings->handle(Object(Illuminate/Http/Request), Object(Closure))
#41 C:/Users/DELL/Downloads/Parking-Finder2-stage4-auth-flow/vendor/laravel/framework/src/Illuminate/Http/Middleware/ValidatePostSize.php(27): Illuminate/Pipeline/Pipeline->Illuminate/Pipeline/{closure}(Object(Illuminate/Http/Request))
#42 C:/Users/DELL/Downloads/Parking-Finder2-stage4-auth-flow/vendor/laravel/framework/src/Illuminate/Pipeline/Pipeline.php(219): Illuminate/Http/Middleware/ValidatePostSize->handle(Object(Illuminate/Http/Request), Object(Closure))
#43 C:/Users/DELL/Downloads/Parking-Finder2-stage4-auth-flow/vendor/laravel/framework/src/Illuminate/Foundation/Http/Middleware/PreventRequestsDuringMaintenance.php(109): Illuminate/Pipeline/Pipeline->Illuminate/Pipeline/{closure}(Object(Illuminate/Http/Request))
#44 C:/Users/DELL/Downloads/Parking-Finder2-stage4-auth-flow/vendor/laravel/framework/src/Illuminate/Pipeline/Pipeline.php(219): Illuminate/Foundation/Http/Middleware/PreventRequestsDuringMaintenance->handle(Object(Illuminate/Http/Request), Object(Closure))
#45 C:/Users/DELL/Downloads/Parking-Finder2-stage4-auth-flow/vendor/laravel/framework/src/Illuminate/Http/Middleware/HandleCors.php(48): Illuminate/Pipeline/Pipeline->Illuminate/Pipeline/{closure}(Object(Illuminate/Http/Request))
#46 C:/Users/DELL/Downloads/Parking-Finder2-stage4-auth-flow/vendor/laravel/framework/src/Illuminate/Pipeline/Pipeline.php(219): Illuminate/Http/Middleware/HandleCors->handle(Object(Illuminate/Http/Request), Object(Closure))
#47 C:/Users/DELL/Downloads/Parking-Finder2-stage4-auth-flow/vendor/laravel/framework/src/Illuminate/Http/Middleware/TrustProxies.php(58): Illuminate/Pipeline/Pipeline->Illuminate/Pipeline/{closure}(Object(Illuminate/Http/Request))
#48 C:/Users/DELL/Downloads/Parking-Finder2-stage4-auth-flow/vendor/laravel/framework/src/Illuminate/Pipeline/Pipeline.php(219): Illuminate/Http/Middleware/TrustProxies->handle(Object(Illuminate/Http/Request), Object(Closure))
#49 C:/Users/DELL/Downloads/Parking-Finder2-stage4-auth-flow/vendor/laravel/framework/src/Illuminate/Foundation/Http/Middleware/InvokeDeferredCallbacks.php(22): Illuminate/Pipeline/Pipeline->Illuminate/Pipeline/{closure}(Object(Illuminate/Http/Request))
#50 C:/Users/DELL/Downloads/Parking-Finder2-stage4-auth-flow/vendor/laravel/framework/src/Illuminate/Pipeline/Pipeline.php(219): Illuminate/Foundation/Http/Middleware/InvokeDeferredCallbacks->handle(Object(Illuminate/Http/Request), Object(Closure))
#51 C:/Users/DELL/Downloads/Parking-Finder2-stage4-auth-flow/vendor/laravel/framework/src/Illuminate/Http/Middleware/ValidatePathEncoding.php(26): Illuminate/Pipeline/Pipeline->Illuminate/Pipeline/{closure}(Object(Illuminate/Http/Request))
#52 C:/Users/DELL/Downloads/Parking-Finder2-stage4-auth-flow/vendor/laravel/framework/src/Illuminate/Pipeline/Pipeline.php(219): Illuminate/Http/Middleware/ValidatePathEncoding->handle(Object(Illuminate/Http/Request), Object(Closure))
#53 C:/Users/DELL/Downloads/Parking-Finder2-stage4-auth-flow/vendor/laravel/framework/src/Illuminate/Pipeline/Pipeline.php(137): Illuminate/Pipeline/Pipeline->Illuminate/Pipeline/{closure}(Object(Illuminate/Http/Request))
#54 C:/Users/DELL/Downloads/Parking-Finder2-stage4-auth-flow/vendor/laravel/framework/src/Illuminate/Foundation/Http/Kernel.php(175): Illuminate/Pipeline/Pipeline->then(Object(Closure))
#55 C:/Users/DELL/Downloads/Parking-Finder2-stage4-auth-flow/vendor/laravel/framework/src/Illuminate/Foundation/Http/Kernel.php(144): Illuminate/Foundation/Http/Kernel->sendRequestThroughRouter(Object(Illuminate/Http/Request))
#56 C:/Users/DELL/Downloads/Parking-Finder2-stage4-auth-flow/vendor/laravel/framework/src/Illuminate/Foundation/Application.php(1220): Illuminate/Foundation/Http/Kernel->handle(Object(Illuminate/Http/Request))
#57 C:/Users/DELL/Downloads/Parking-Finder2-stage4-auth-flow/public/index.php(20): Illuminate/Foundation/Application->handleRequest(Object(Illuminate/Http/Request))
#58 C:/Users/DELL/Downloads/Parking-Finder2-stage4-auth-flow/vendor/laravel/framework/src/Illuminate/Foundation/resources/server.php(23): require_once('C://Users//DELL//D...')
#59 {main}

[previous exception] [object] (ErrorException(code: 0): Undefined variable $p at C:/Users/DELL/Downloads/Parking-Finder2-stage4-auth-flow/storage/framework/views/3160c9ec91065d37dfe4cc719f5afcb7.php:113)
[stacktrace]
#0 C:/Users/DELL/Downloads/Parking-Finder2-stage4-auth-flow/vendor/laravel/framework/src/Illuminate/Foundation/Bootstrap/HandleExceptions.php(258): Illuminate/Foundation/Bootstrap/HandleExceptions->handleError(2, 'Undefined varia...', 'C://Users//DELL//D...', 113)
#1 C:/Users/DELL/Downloads/Parking-Finder2-stage4-auth-flow/storage/framework/views/3160c9ec91065d37dfe4cc719f5afcb7.php(113): Illuminate/Foundation/Bootstrap/HandleExceptions->Illuminate/Foundation/Bootstrap/{closure}(2, 'Undefined varia...', 'C://Users//DELL//D...', 113)
#2 C:/Users/DELL/Downloads/Parking-Finder2-stage4-auth-flow/vendor/laravel/framework/src/Illuminate/Filesystem/Filesystem.php(123): require('C://Users//DELL//D...')
#3 C:/Users/DELL/Downloads/Parking-Finder2-stage4-auth-flow/vendor/laravel/framework/src/Illuminate/Filesystem/Filesystem.php(124): Illuminate/Filesystem/Filesystem::Illuminate/Filesystem/{closure}()
#4 C:/Users/DELL/Downloads/Parking-Finder2-stage4-auth-flow/vendor/laravel/framework/src/Illuminate/View/Engines/PhpEngine.php(57): Illuminate/Filesystem/Filesystem->getRequire('C://Users//DELL//D...', Array)
#5 C:/Users/DELL/Downloads/Parking-Finder2-stage4-auth-flow/vendor/laravel/framework/src/Illuminate/View/Engines/CompilerEngine.php(76): Illuminate/View/Engines/PhpEngine->evaluatePath('C://Users//DELL//D...', Array)
#6 C:/Users/DELL/Downloads/Parking-Finder2-stage4-auth-flow/vendor/laravel/framework/src/Illuminate/View/View.php(208): Illuminate/View/Engines/CompilerEngine->get('C://Users//DELL//D...', Array)
#7 C:/Users/DELL/Downloads/Parking-Finder2-stage4-auth-flow/vendor/laravel/framework/src/Illuminate/View/View.php(191): Illuminate/View/View->getContents()
#8 C:/Users/DELL/Downloads/Parking-Finder2-stage4-auth-flow/vendor/laravel/framework/src/Illuminate/View/View.php(160): Illuminate/View/View->renderContents()
#9 C:/Users/DELL/Downloads/Parking-Finder2-stage4-auth-flow/vendor/laravel/framework/src/Illuminate/Http/Response.php(78): Illuminate/View/View->render()
#10 C:/Users/DELL/Downloads/Parking-Finder2-stage4-auth-flow/vendor/laravel/framework/src/Illuminate/Http/Response.php(34): Illuminate/Http/Response->setContent(Object(Illuminate/View/View))
#11 C:/Users/DELL/Downloads/Parking-Finder2-stage4-auth-flow/vendor/laravel/framework/src/Illuminate/Routing/Router.php(939): Illuminate/Http/Response->__construct(Object(Illuminate/View/View), 200, Array)
#12 C:/Users/DELL/Downloads/Parking-Finder2-stage4-auth-flow/vendor/laravel/framework/src/Illuminate/Routing/Router.php(906): Illuminate/Routing/Router::toResponse(Object(Illuminate/Http/Request), Object(Illuminate/View/View))
#13 C:/Users/DELL/Downloads/Parking-Finder2-stage4-auth-flow/vendor/laravel/framework/src/Illuminate/Routing/Router.php(821): Illuminate/Routing/Router->prepareResponse(Object(Illuminate/Http/Request), Object(Illuminate/View/View))
#14 C:/Users/DELL/Downloads/Parking-Finder2-stage4-auth-flow/vendor/laravel/framework/src/Illuminate/Pipeline/Pipeline.php(180): Illuminate/Routing/Router->Illuminate/Routing/{closure}(Object(Illuminate/Http/Request))
#15 C:/Users/DELL/Downloads/Parking-Finder2-stage4-auth-flow/app/Http/Middleware/AdminMiddleware.php(32): Illuminate/Pipeline/Pipeline->Illuminate/Pipeline/{closure}(Object(Illuminate/Http/Request))
#16 C:/Users/DELL/Downloads/Parking-Finder2-stage4-auth-flow/vendor/laravel/framework/src/Illuminate/Pipeline/Pipeline.php(219): App/Http/Middleware/AdminMiddleware->handle(Object(Illuminate/Http/Request), Object(Closure))
#17 C:/Users/DELL/Downloads/Parking-Finder2-stage4-auth-flow/vendor/laravel/framework/src/Illuminate/Routing/Middleware/SubstituteBindings.php(50): Illuminate/Pipeline/Pipeline->Illuminate/Pipeline/{closure}(Object(Illuminate/Http/Request))
#18 C:/Users/DELL/Downloads/Parking-Finder2-stage4-auth-flow/vendor/laravel/framework/src/Illuminate/Pipeline/Pipeline.php(219): Illuminate/Routing/Middleware/SubstituteBindings->handle(Object(Illuminate/Http/Request), Object(Closure))
#19 C:/Users/DELL/Downloads/Parking-Finder2-stage4-auth-flow/vendor/laravel/framework/src/Illuminate/Auth/Middleware/Authenticate.php(63): Illuminate/Pipeline/Pipeline->Illuminate/Pipeline/{closure}(Object(Illuminate/Http/Request))
#20 C:/Users/DELL/Downloads/Parking-Finder2-stage4-auth-flow/vendor/laravel/framework/src/Illuminate/Pipeline/Pipeline.php(219): Illuminate/Auth/Middleware/Authenticate->handle(Object(Illuminate/Http/Request), Object(Closure))
#21 C:/Users/DELL/Downloads/Parking-Finder2-stage4-auth-flow/vendor/laravel/framework/src/Illuminate/Foundation/Http/Middleware/VerifyCsrfToken.php(87): Illuminate/Pipeline/Pipeline->Illuminate/Pipeline/{closure}(Object(Illuminate/Http/Request))
#22 C:/Users/DELL/Downloads/Parking-Finder2-stage4-auth-flow/vendor/laravel/framework/src/Illuminate/Pipeline/Pipeline.php(219): Illuminate/Foundation/Http/Middleware/VerifyCsrfToken->handle(Object(Illuminate/Http/Request), Object(Closure))
#23 C:/Users/DELL/Downloads/Parking-Finder2-stage4-auth-flow/vendor/laravel/framework/src/Illuminate/View/Middleware/ShareErrorsFromSession.php(48): Illuminate/Pipeline/Pipeline->Illuminate/Pipeline/{closure}(Object(Illuminate/Http/Request))
#24 C:/Users/DELL/Downloads/Parking-Finder2-stage4-auth-flow/vendor/laravel/framework/src/Illuminate/Pipeline/Pipeline.php(219): Illuminate/View/Middleware/ShareErrorsFromSession->handle(Object(Illuminate/Http/Request), Object(Closure))
#25 C:/Users/DELL/Downloads/Parking-Finder2-stage4-auth-flow/vendor/laravel/framework/src/Illuminate/Session/Middleware/StartSession.php(120): Illuminate/Pipeline/Pipeline->Illuminate/Pipeline/{closure}(Object(Illuminate/Http/Request))
#26 C:/Users/DELL/Downloads/Parking-Finder2-stage4-auth-flow/vendor/laravel/framework/src/Illuminate/Session/Middleware/StartSession.php(63): Illuminate/Session/Middleware/StartSession->handleStatefulRequest(Object(Illuminate/Http/Request), Object(Illuminate/Session/Store), Object(Closure))
#27 C:/Users/DELL/Downloads/Parking-Finder2-stage4-auth-flow/vendor/laravel/framework/src/Illuminate/Pipeline/Pipeline.php(219): Illuminate/Session/Middleware/StartSession->handle(Object(Illuminate/Http/Request), Object(Closure))
#28 C:/Users/DELL/Downloads/Parking-Finder2-stage4-auth-flow/vendor/laravel/framework/src/Illuminate/Cookie/Middleware/AddQueuedCookiesToResponse.php(36): Illuminate/Pipeline/Pipeline->Illuminate/Pipeline/{closure}(Object(Illuminate/Http/Request))
#29 C:/Users/DELL/Downloads/Parking-Finder2-stage4-auth-flow/vendor/laravel/framework/src/Illuminate/Pipeline/Pipeline.php(219): Illuminate/Cookie/Middleware/AddQueuedCookiesToResponse->handle(Object(Illuminate/Http/Request), Object(Closure))
#30 C:/Users/DELL/Downloads/Parking-Finder2-stage4-auth-flow/vendor/laravel/framework/src/Illuminate/Cookie/Middleware/EncryptCookies.php(74): Illuminate/Pipeline/Pipeline->Illuminate/Pipeline/{closure}(Object(Illuminate/Http/Request))
#31 C:/Users/DELL/Downloads/Parking-Finder2-stage4-auth-flow/vendor/laravel/framework/src/Illuminate/Pipeline/Pipeline.php(219): Illuminate/Cookie/Middleware/EncryptCookies->handle(Object(Illuminate/Http/Request), Object(Closure))
#32 C:/Users/DELL/Downloads/Parking-Finder2-stage4-auth-flow/vendor/laravel/framework/src/Illuminate/Pipeline/Pipeline.php(137): Illuminate/Pipeline/Pipeline->Illuminate/Pipeline/{closure}(Object(Illuminate/Http/Request))
#33 C:/Users/DELL/Downloads/Parking-Finder2-stage4-auth-flow/vendor/laravel/framework/src/Illuminate/Routing/Router.php(821): Illuminate/Pipeline/Pipeline->then(Object(Closure))
#34 C:/Users/DELL/Downloads/Parking-Finder2-stage4-auth-flow/vendor/laravel/framework/src/Illuminate/Routing/Router.php(800): Illuminate/Routing/Router->runRouteWithinStack(Object(Illuminate/Routing/Route), Object(Illuminate/Http/Request))
#35 C:/Users/DELL/Downloads/Parking-Finder2-stage4-auth-flow/vendor/laravel/framework/src/Illuminate/Routing/Router.php(764): Illuminate/Routing/Router->runRoute(Object(Illuminate/Http/Request), Object(Illuminate/Routing/Route))
#36 C:/Users/DELL/Downloads/Parking-Finder2-stage4-auth-flow/vendor/laravel/framework/src/Illuminate/Routing/Router.php(753): Illuminate/Routing/Router->dispatchToRoute(Object(Illuminate/Http/Request))
#37 C:/Users/DELL/Downloads/Parking-Finder2-stage4-auth-flow/vendor/laravel/framework/src/Illuminate/Foundation/Http/Kernel.php(200): Illuminate/Routing/Router->dispatch(Object(Illuminate/Http/Request))
#38 C:/Users/DELL/Downloads/Parking-Finder2-stage4-auth-flow/vendor/laravel/framework/src/Illuminate/Pipeline/Pipeline.php(180): Illuminate/Foundation/Http/Kernel->Illuminate/Foundation/Http/{closure}(Object(Illuminate/Http/Request))
#39 C:/Users/DELL/Downloads/Parking-Finder2-stage4-auth-flow/vendor/laravel/framework/src/Illuminate/Foundation/Http/Middleware/TransformsRequest.php(21): Illuminate/Pipeline/Pipeline->Illuminate/Pipeline/{closure}(Object(Illuminate/Http/Request))
#40 C:/Users/DELL/Downloads/Parking-Finder2-stage4-auth-flow/vendor/laravel/framework/src/Illuminate/Foundation/Http/Middleware/ConvertEmptyStringsToNull.php(31): Illuminate/Foundation/Http/Middleware/TransformsRequest->handle(Object(Illuminate/Http/Request), Object(Closure))
#41 C:/Users/DELL/Downloads/Parking-Finder2-stage4-auth-flow/vendor/laravel/framework/src/Illuminate/Pipeline/Pipeline.php(219): Illuminate/Foundation/Http/Middleware/ConvertEmptyStringsToNull->handle(Object(Illuminate/Http/Request), Object(Closure))
#42 C:/Users/DELL/Downloads/Parking-Finder2-stage4-auth-flow/vendor/laravel/framework/src/Illuminate/Foundation/Http/Middleware/TransformsRequest.php(21): Illuminate/Pipeline/Pipeline->Illuminate/Pipeline/{closure}(Object(Illuminate/Http/Request))
#43 C:/Users/DELL/Downloads/Parking-Finder2-stage4-auth-flow/vendor/laravel/framework/src/Illuminate/Foundation/Http/Middleware/TrimStrings.php(51): Illuminate/Foundation/Http/Middleware/TransformsRequest->handle(Object(Illuminate/Http/Request), Object(Closure))
#44 C:/Users/DELL/Downloads/Parking-Finder2-stage4-auth-flow/vendor/laravel/framework/src/Illuminate/Pipeline/Pipeline.php(219): Illuminate/Foundation/Http/Middleware/TrimStrings->handle(Object(Illuminate/Http/Request), Object(Closure))
#45 C:/Users/DELL/Downloads/Parking-Finder2-stage4-auth-flow/vendor/laravel/framework/src/Illuminate/Http/Middleware/ValidatePostSize.php(27): Illuminate/Pipeline/Pipeline->Illuminate/Pipeline/{closure}(Object(Illuminate/Http/Request))
#46 C:/Users/DELL/Downloads/Parking-Finder2-stage4-auth-flow/vendor/laravel/framework/src/Illuminate/Pipeline/Pipeline.php(219): Illuminate/Http/Middleware/ValidatePostSize->handle(Object(Illuminate/Http/Request), Object(Closure))
#47 C:/Users/DELL/Downloads/Parking-Finder2-stage4-auth-flow/vendor/laravel/framework/src/Illuminate/Foundation/Http/Middleware/PreventRequestsDuringMaintenance.php(109): Illuminate/Pipeline/Pipeline->Illuminate/Pipeline/{closure}(Object(Illuminate/Http/Request))
#48 C:/Users/DELL/Downloads/Parking-Finder2-stage4-auth-flow/vendor/laravel/framework/src/Illuminate/Pipeline/Pipeline.php(219): Illuminate/Foundation/Http/Middleware/PreventRequestsDuringMaintenance->handle(Object(Illuminate/Http/Request), Object(Closure))
#49 C:/Users/DELL/Downloads/Parking-Finder2-stage4-auth-flow/vendor/laravel/framework/src/Illuminate/Http/Middleware/HandleCors.php(48): Illuminate/Pipeline/Pipeline->Illuminate/Pipeline/{closure}(Object(Illuminate/Http/Request))
#50 C:/Users/DELL/Downloads/Parking-Finder2-stage4-auth-flow/vendor/laravel/framework/src/Illuminate/Pipeline/Pipeline.php(219): Illuminate/Http/Middleware/HandleCors->handle(Object(Illuminate/Http/Request), Object(Closure))
#51 C:/Users/DELL/Downloads/Parking-Finder2-stage4-auth-flow/vendor/laravel/framework/src/Illuminate/Http/Middleware/TrustProxies.php(58): Illuminate/Pipeline/Pipeline->Illuminate/Pipeline/{closure}(Object(Illuminate/Http/Request))
#52 C:/Users/DELL/Downloads/Parking-Finder2-stage4-auth-flow/vendor/laravel/framework/src/Illuminate/Pipeline/Pipeline.php(219): Illuminate/Http/Middleware/TrustProxies->handle(Object(Illuminate/Http/Request), Object(Closure))
#53 C:/Users/DELL/Downloads/Parking-Finder2-stage4-auth-flow/vendor/laravel/framework/src/Illuminate/Foundation/Http/Middleware/InvokeDeferredCallbacks.php(22): Illuminate/Pipeline/Pipeline->Illuminate/Pipeline/{closure}(Object(Illuminate/Http/Request))
#54 C:/Users/DELL/Downloads/Parking-Finder2-stage4-auth-flow/vendor/laravel/framework/src/Illuminate/Pipeline/Pipeline.php(219): Illuminate/Foundation/Http/Middleware/InvokeDeferredCallbacks->handle(Object(Illuminate/Http/Request), Object(Closure))
#55 C:/Users/DELL/Downloads/Parking-Finder2-stage4-auth-flow/vendor/laravel/framework/src/Illuminate/Http/Middleware/ValidatePathEncoding.php(26): Illuminate/Pipeline/Pipeline->Illuminate/Pipeline/{closure}(Object(Illuminate/Http/Request))
#56 C:/Users/DELL/Downloads/Parking-Finder2-stage4-auth-flow/vendor/laravel/framework/src/Illuminate/Pipeline/Pipeline.php(219): Illuminate/Http/Middleware/ValidatePathEncoding->handle(Object(Illuminate/Http/Request), Object(Closure))
#57 C:/Users/DELL/Downloads/Parking-Finder2-stage4-auth-flow/vendor/laravel/framework/src/Illuminate/Pipeline/Pipeline.php(137): Illuminate/Pipeline/Pipeline->Illuminate/Pipeline/{closure}(Object(Illuminate/Http/Request))
#58 C:/Users/DELL/Downloads/Parking-Finder2-stage4-auth-flow/vendor/laravel/framework/src/Illuminate/Foundation/Http/Kernel.php(175): Illuminate/Pipeline/Pipeline->then(Object(Closure))
#59 C:/Users/DELL/Downloads/Parking-Finder2-stage4-auth-flow/vendor/laravel/framework/src/Illuminate/Foundation/Http/Kernel.php(144): Illuminate/Foundation/Http/Kernel->sendRequestThroughRouter(Object(Illuminate/Http/Request))
#60 C:/Users/DELL/Downloads/Parking-Finder2-stage4-auth-flow/vendor/laravel/framework/src/Illuminate/Foundation/Application.php(1220): Illuminate/Foundation/Http/Kernel->handle(Object(Illuminate/Http/Request))
#61 C:/Users/DELL/Downloads/Parking-Finder2-stage4-auth-flow/public/index.php(20): Illuminate/Foundation/Application->handleRequest(Object(Illuminate/Http/Request))
#62 C:/Users/DELL/Downloads/Parking-Finder2-stage4-auth-flow/vendor/laravel/framework/src/Illuminate/Foundation/resources/server.php(23): require_once('C://Users//DELL//D...')
#63 {main}
"} 
[2026-01-24 18:20:03] local.ERROR: Undefined variable $p (View: C:\Users\DELL\Downloads\Parking-Finder2-stage4-auth-flow\resources\views\admin\parkings\index.blade.php) {"userId":3,"exception":"[object] (Illuminate\\View\\ViewException(code: 0): Undefined variable $p (View: C:\\Users\\DELL\\Downloads\\Parking-Finder2-stage4-auth-flow\\resources\\views\\admin\\parkings\\index.blade.php) at C:/Users/DELL/Downloads/Parking-Finder2-stage4-auth-flow/storage/framework/views/3160c9ec91065d37dfe4cc719f5afcb7.php:113)
[stacktrace]
#0 C:/Users/DELL/Downloads/Parking-Finder2-stage4-auth-flow/vendor/laravel/framework/src/Illuminate/View/Engines/PhpEngine.php(59): Illuminate/View/Engines/CompilerEngine->handleViewException(Object(ErrorException), 1)
#1 C:/Users/DELL/Downloads/Parking-Finder2-stage4-auth-flow/vendor/laravel/framework/src/Illuminate/View/Engines/CompilerEngine.php(76): Illuminate/View/Engines/PhpEngine->evaluatePath('C://Users//DELL//D...', Array)
#2 C:/Users/DELL/Downloads/Parking-Finder2-stage4-auth-flow/vendor/laravel/framework/src/Illuminate/View/View.php(208): Illuminate/View/Engines/CompilerEngine->get('C://Users//DELL//D...', Array)
#3 C:/Users/DELL/Downloads/Parking-Finder2-stage4-auth-flow/vendor/laravel/framework/src/Illuminate/View/View.php(191): Illuminate/View/View->getContents()
#4 C:/Users/DELL/Downloads/Parking-Finder2-stage4-auth-flow/vendor/laravel/framework/src/Illuminate/View/View.php(160): Illuminate/View/View->renderContents()
#5 C:/Users/DELL/Downloads/Parking-Finder2-stage4-auth-flow/vendor/laravel/framework/src/Illuminate/Http/Response.php(78): Illuminate/View/View->render()
#6 C:/Users/DELL/Downloads/Parking-Finder2-stage4-auth-flow/vendor/laravel/framework/src/Illuminate/Http/Response.php(34): Illuminate/Http/Response->setContent(Object(Illuminate/View/View))
#7 C:/Users/DELL/Downloads/Parking-Finder2-stage4-auth-flow/vendor/laravel/framework/src/Illuminate/Routing/Router.php(939): Illuminate/Http/Response->__construct(Object(Illuminate/View/View), 200, Array)
#8 C:/Users/DELL/Downloads/Parking-Finder2-stage4-auth-flow/vendor/laravel/framework/src/Illuminate/Routing/Router.php(906): Illuminate/Routing/Router::toResponse(Object(Illuminate/Http/Request), Object(Illuminate/View/View))
#9 C:/Users/DELL/Downloads/Parking-Finder2-stage4-auth-flow/vendor/laravel/framework/src/Illuminate/Routing/Router.php(821): Illuminate/Routing/Router->prepareResponse(Object(Illuminate/Http/Request), Object(Illuminate/View/View))
#10 C:/Users/DELL/Downloads/Parking-Finder2-stage4-auth-flow/vendor/laravel/framework/src/Illuminate/Pipeline/Pipeline.php(180): Illuminate/Routing/Router->Illuminate/Routing/{closure}(Object(Illuminate/Http/Request))
#11 C:/Users/DELL/Downloads/Parking-Finder2-stage4-auth-flow/app/Http/Middleware/AdminMiddleware.php(32): Illuminate/Pipeline/Pipeline->Illuminate/Pipeline/{closure}(Object(Illuminate/Http/Request))
#12 C:/Users/DELL/Downloads/Parking-Finder2-stage4-auth-flow/vendor/laravel/framework/src/Illuminate/Pipeline/Pipeline.php(219): App/Http/Middleware/AdminMiddleware->handle(Object(Illuminate/Http/Request), Object(Closure))
#13 C:/Users/DELL/Downloads/Parking-Finder2-stage4-auth-flow/vendor/laravel/framework/src/Illuminate/Routing/Middleware/SubstituteBindings.php(50): Illuminate/Pipeline/Pipeline->Illuminate/Pipeline/{closure}(Object(Illuminate/Http/Request))
#14 C:/Users/DELL/Downloads/Parking-Finder2-stage4-auth-flow/vendor/laravel/framework/src/Illuminate/Pipeline/Pipeline.php(219): Illuminate/Routing/Middleware/SubstituteBindings->handle(Object(Illuminate/Http/Request), Object(Closure))
#15 C:/Users/DELL/Downloads/Parking-Finder2-stage4-auth-flow/vendor/laravel/framework/src/Illuminate/Auth/Middleware/Authenticate.php(63): Illuminate/Pipeline/Pipeline->Illuminate/Pipeline/{closure}(Object(Illuminate/Http/Request))
#16 C:/Users/DELL/Downloads/Parking-Finder2-stage4-auth-flow/vendor/laravel/framework/src/Illuminate/Pipeline/Pipeline.php(219): Illuminate/Auth/Middleware/Authenticate->handle(Object(Illuminate/Http/Request), Object(Closure))
#17 C:/Users/DELL/Downloads/Parking-Finder2-stage4-auth-flow/vendor/laravel/framework/src/Illuminate/Foundation/Http/Middleware/VerifyCsrfToken.php(87): Illuminate/Pipeline/Pipeline->Illuminate/Pipeline/{closure}(Object(Illuminate/Http/Request))
#18 C:/Users/DELL/Downloads/Parking-Finder2-stage4-auth-flow/vendor/laravel/framework/src/Illuminate/Pipeline/Pipeline.php(219): Illuminate/Foundation/Http/Middleware/VerifyCsrfToken->handle(Object(Illuminate/Http/Request), Object(Closure))
#19 C:/Users/DELL/Downloads/Parking-Finder2-stage4-auth-flow/vendor/laravel/framework/src/Illuminate/View/Middleware/ShareErrorsFromSession.php(48): Illuminate/Pipeline/Pipeline->Illuminate/Pipeline/{closure}(Object(Illuminate/Http/Request))
#20 C:/Users/DELL/Downloads/Parking-Finder2-stage4-auth-flow/vendor/laravel/framework/src/Illuminate/Pipeline/Pipeline.php(219): Illuminate/View/Middleware/ShareErrorsFromSession->handle(Object(Illuminate/Http/Request), Object(Closure))
#21 C:/Users/DELL/Downloads/Parking-Finder2-stage4-auth-flow/vendor/laravel/framework/src/Illuminate/Session/Middleware/StartSession.php(120): Illuminate/Pipeline/Pipeline->Illuminate/Pipeline/{closure}(Object(Illuminate/Http/Request))
#22 C:/Users/DELL/Downloads/Parking-Finder2-stage4-auth-flow/vendor/laravel/framework/src/Illuminate/Session/Middleware/StartSession.php(63): Illuminate/Session/Middleware/StartSession->handleStatefulRequest(Object(Illuminate/Http/Request), Object(Illuminate/Session/Store), Object(Closure))
#23 C:/Users/DELL/Downloads/Parking-Finder2-stage4-auth-flow/vendor/laravel/framework/src/Illuminate/Pipeline/Pipeline.php(219): Illuminate/Session/Middleware/StartSession->handle(Object(Illuminate/Http/Request), Object(Closure))
#24 C:/Users/DELL/Downloads/Parking-Finder2-stage4-auth-flow/vendor/laravel/framework/src/Illuminate/Cookie/Middleware/AddQueuedCookiesToResponse.php(36): Illuminate/Pipeline/Pipeline->Illuminate/Pipeline/{closure}(Object(Illuminate/Http/Request))
#25 C:/Users/DELL/Downloads/Parking-Finder2-stage4-auth-flow/vendor/laravel/framework/src/Illuminate/Pipeline/Pipeline.php(219): Illuminate/Cookie/Middleware/AddQueuedCookiesToResponse->handle(Object(Illuminate/Http/Request), Object(Closure))
#26 C:/Users/DELL/Downloads/Parking-Finder2-stage4-auth-flow/vendor/laravel/framework/src/Illuminate/Cookie/Middleware/EncryptCookies.php(74): Illuminate/Pipeline/Pipeline->Illuminate/Pipeline/{closure}(Object(Illuminate/Http/Request))
#27 C:/Users/DELL/Downloads/Parking-Finder2-stage4-auth-flow/vendor/laravel/framework/src/Illuminate/Pipeline/Pipeline.php(219): Illuminate/Cookie/Middleware/EncryptCookies->handle(Object(Illuminate/Http/Request), Object(Closure))
#28 C:/Users/DELL/Downloads/Parking-Finder2-stage4-auth-flow/vendor/laravel/framework/src/Illuminate/Pipeline/Pipeline.php(137): Illuminate/Pipeline/Pipeline->Illuminate/Pipeline/{closure}(Object(Illuminate/Http/Request))
#29 C:/Users/DELL/Downloads/Parking-Finder2-stage4-auth-flow/vendor/laravel/framework/src/Illuminate/Routing/Router.php(821): Illuminate/Pipeline/Pipeline->then(Object(Closure))
#30 C:/Users/DELL/Downloads/Parking-Finder2-stage4-auth-flow/vendor/laravel/framework/src/Illuminate/Routing/Router.php(800): Illuminate/Routing/Router->runRouteWithinStack(Object(Illuminate/Routing/Route), Object(Illuminate/Http/Request))
#31 C:/Users/DELL/Downloads/Parking-Finder2-stage4-auth-flow/vendor/laravel/framework/src/Illuminate/Routing/Router.php(764): Illuminate/Routing/Router->runRoute(Object(Illuminate/Http/Request), Object(Illuminate/Routing/Route))
#32 C:/Users/DELL/Downloads/Parking-Finder2-stage4-auth-flow/vendor/laravel/framework/src/Illuminate/Routing/Router.php(753): Illuminate/Routing/Router->dispatchToRoute(Object(Illuminate/Http/Request))
#33 C:/Users/DELL/Downloads/Parking-Finder2-stage4-auth-flow/vendor/laravel/framework/src/Illuminate/Foundation/Http/Kernel.php(200): Illuminate/Routing/Router->dispatch(Object(Illuminate/Http/Request))
#34 C:/Users/DELL/Downloads/Parking-Finder2-stage4-auth-flow/vendor/laravel/framework/src/Illuminate/Pipeline/Pipeline.php(180): Illuminate/Foundation/Http/Kernel->Illuminate/Foundation/Http/{closure}(Object(Illuminate/Http/Request))
#35 C:/Users/DELL/Downloads/Parking-Finder2-stage4-auth-flow/vendor/laravel/framework/src/Illuminate/Foundation/Http/Middleware/TransformsRequest.php(21): Illuminate/Pipeline/Pipeline->Illuminate/Pipeline/{closure}(Object(Illuminate/Http/Request))
#36 C:/Users/DELL/Downloads/Parking-Finder2-stage4-auth-flow/vendor/laravel/framework/src/Illuminate/Foundation/Http/Middleware/ConvertEmptyStringsToNull.php(31): Illuminate/Foundation/Http/Middleware/TransformsRequest->handle(Object(Illuminate/Http/Request), Object(Closure))
#37 C:/Users/DELL/Downloads/Parking-Finder2-stage4-auth-flow/vendor/laravel/framework/src/Illuminate/Pipeline/Pipeline.php(219): Illuminate/Foundation/Http/Middleware/ConvertEmptyStringsToNull->handle(Object(Illuminate/Http/Request), Object(Closure))
#38 C:/Users/DELL/Downloads/Parking-Finder2-stage4-auth-flow/vendor/laravel/framework/src/Illuminate/Foundation/Http/Middleware/TransformsRequest.php(21): Illuminate/Pipeline/Pipeline->Illuminate/Pipeline/{closure}(Object(Illuminate/Http/Request))
#39 C:/Users/DELL/Downloads/Parking-Finder2-stage4-auth-flow/vendor/laravel/framework/src/Illuminate/Foundation/Http/Middleware/TrimStrings.php(51): Illuminate/Foundation/Http/Middleware/TransformsRequest->handle(Object(Illuminate/Http/Request), Object(Closure))
#40 C:/Users/DELL/Downloads/Parking-Finder2-stage4-auth-flow/vendor/laravel/framework/src/Illuminate/Pipeline/Pipeline.php(219): Illuminate/Foundation/Http/Middleware/TrimStrings->handle(Object(Illuminate/Http/Request), Object(Closure))
#41 C:/Users/DELL/Downloads/Parking-Finder2-stage4-auth-flow/vendor/laravel/framework/src/Illuminate/Http/Middleware/ValidatePostSize.php(27): Illuminate/Pipeline/Pipeline->Illuminate/Pipeline/{closure}(Object(Illuminate/Http/Request))
#42 C:/Users/DELL/Downloads/Parking-Finder2-stage4-auth-flow/vendor/laravel/framework/src/Illuminate/Pipeline/Pipeline.php(219): Illuminate/Http/Middleware/ValidatePostSize->handle(Object(Illuminate/Http/Request), Object(Closure))
#43 C:/Users/DELL/Downloads/Parking-Finder2-stage4-auth-flow/vendor/laravel/framework/src/Illuminate/Foundation/Http/Middleware/PreventRequestsDuringMaintenance.php(109): Illuminate/Pipeline/Pipeline->Illuminate/Pipeline/{closure}(Object(Illuminate/Http/Request))
#44 C:/Users/DELL/Downloads/Parking-Finder2-stage4-auth-flow/vendor/laravel/framework/src/Illuminate/Pipeline/Pipeline.php(219): Illuminate/Foundation/Http/Middleware/PreventRequestsDuringMaintenance->handle(Object(Illuminate/Http/Request), Object(Closure))
#45 C:/Users/DELL/Downloads/Parking-Finder2-stage4-auth-flow/vendor/laravel/framework/src/Illuminate/Http/Middleware/HandleCors.php(48): Illuminate/Pipeline/Pipeline->Illuminate/Pipeline/{closure}(Object(Illuminate/Http/Request))
#46 C:/Users/DELL/Downloads/Parking-Finder2-stage4-auth-flow/vendor/laravel/framework/src/Illuminate/Pipeline/Pipeline.php(219): Illuminate/Http/Middleware/HandleCors->handle(Object(Illuminate/Http/Request), Object(Closure))
#47 C:/Users/DELL/Downloads/Parking-Finder2-stage4-auth-flow/vendor/laravel/framework/src/Illuminate/Http/Middleware/TrustProxies.php(58): Illuminate/Pipeline/Pipeline->Illuminate/Pipeline/{closure}(Object(Illuminate/Http/Request))
#48 C:/Users/DELL/Downloads/Parking-Finder2-stage4-auth-flow/vendor/laravel/framework/src/Illuminate/Pipeline/Pipeline.php(219): Illuminate/Http/Middleware/TrustProxies->handle(Object(Illuminate/Http/Request), Object(Closure))
#49 C:/Users/DELL/Downloads/Parking-Finder2-stage4-auth-flow/vendor/laravel/framework/src/Illuminate/Foundation/Http/Middleware/InvokeDeferredCallbacks.php(22): Illuminate/Pipeline/Pipeline->Illuminate/Pipeline/{closure}(Object(Illuminate/Http/Request))
#50 C:/Users/DELL/Downloads/Parking-Finder2-stage4-auth-flow/vendor/laravel/framework/src/Illuminate/Pipeline/Pipeline.php(219): Illuminate/Foundation/Http/Middleware/InvokeDeferredCallbacks->handle(Object(Illuminate/Http/Request), Object(Closure))
#51 C:/Users/DELL/Downloads/Parking-Finder2-stage4-auth-flow/vendor/laravel/framework/src/Illuminate/Http/Middleware/ValidatePathEncoding.php(26): Illuminate/Pipeline/Pipeline->Illuminate/Pipeline/{closure}(Object(Illuminate/Http/Request))
#52 C:/Users/DELL/Downloads/Parking-Finder2-stage4-auth-flow/vendor/laravel/framework/src/Illuminate/Pipeline/Pipeline.php(219): Illuminate/Http/Middleware/ValidatePathEncoding->handle(Object(Illuminate/Http/Request), Object(Closure))
#53 C:/Users/DELL/Downloads/Parking-Finder2-stage4-auth-flow/vendor/laravel/framework/src/Illuminate/Pipeline/Pipeline.php(137): Illuminate/Pipeline/Pipeline->Illuminate/Pipeline/{closure}(Object(Illuminate/Http/Request))
#54 C:/Users/DELL/Downloads/Parking-Finder2-stage4-auth-flow/vendor/laravel/framework/src/Illuminate/Foundation/Http/Kernel.php(175): Illuminate/Pipeline/Pipeline->then(Object(Closure))
#55 C:/Users/DELL/Downloads/Parking-Finder2-stage4-auth-flow/vendor/laravel/framework/src/Illuminate/Foundation/Http/Kernel.php(144): Illuminate/Foundation/Http/Kernel->sendRequestThroughRouter(Object(Illuminate/Http/Request))
#56 C:/Users/DELL/Downloads/Parking-Finder2-stage4-auth-flow/vendor/laravel/framework/src/Illuminate/Foundation/Application.php(1220): Illuminate/Foundation/Http/Kernel->handle(Object(Illuminate/Http/Request))
#57 C:/Users/DELL/Downloads/Parking-Finder2-stage4-auth-flow/public/index.php(20): Illuminate/Foundation/Application->handleRequest(Object(Illuminate/Http/Request))
#58 C:/Users/DELL/Downloads/Parking-Finder2-stage4-auth-flow/vendor/laravel/framework/src/Illuminate/Foundation/resources/server.php(23): require_once('C://Users//DELL//D...')
#59 {main}

[previous exception] [object] (ErrorException(code: 0): Undefined variable $p at C:/Users/DELL/Downloads/Parking-Finder2-stage4-auth-flow/storage/framework/views/3160c9ec91065d37dfe4cc719f5afcb7.php:113)
[stacktrace]
#0 C:/Users/DELL/Downloads/Parking-Finder2-stage4-auth-flow/vendor/laravel/framework/src/Illuminate/Foundation/Bootstrap/HandleExceptions.php(258): Illuminate/Foundation/Bootstrap/HandleExceptions->handleError(2, 'Undefined varia...', 'C://Users//DELL//D...', 113)
#1 C:/Users/DELL/Downloads/Parking-Finder2-stage4-auth-flow/storage/framework/views/3160c9ec91065d37dfe4cc719f5afcb7.php(113): Illuminate/Foundation/Bootstrap/HandleExceptions->Illuminate/Foundation/Bootstrap/{closure}(2, 'Undefined varia...', 'C://Users//DELL//D...', 113)
#2 C:/Users/DELL/Downloads/Parking-Finder2-stage4-auth-flow/vendor/laravel/framework/src/Illuminate/Filesystem/Filesystem.php(123): require('C://Users//DELL//D...')
#3 C:/Users/DELL/Downloads/Parking-Finder2-stage4-auth-flow/vendor/laravel/framework/src/Illuminate/Filesystem/Filesystem.php(124): Illuminate/Filesystem/Filesystem::Illuminate/Filesystem/{closure}()
#4 C:/Users/DELL/Downloads/Parking-Finder2-stage4-auth-flow/vendor/laravel/framework/src/Illuminate/View/Engines/PhpEngine.php(57): Illuminate/Filesystem/Filesystem->getRequire('C://Users//DELL//D...', Array)
#5 C:/Users/DELL/Downloads/Parking-Finder2-stage4-auth-flow/vendor/laravel/framework/src/Illuminate/View/Engines/CompilerEngine.php(76): Illuminate/View/Engines/PhpEngine->evaluatePath('C://Users//DELL//D...', Array)
#6 C:/Users/DELL/Downloads/Parking-Finder2-stage4-auth-flow/vendor/laravel/framework/src/Illuminate/View/View.php(208): Illuminate/View/Engines/CompilerEngine->get('C://Users//DELL//D...', Array)
#7 C:/Users/DELL/Downloads/Parking-Finder2-stage4-auth-flow/vendor/laravel/framework/src/Illuminate/View/View.php(191): Illuminate/View/View->getContents()
#8 C:/Users/DELL/Downloads/Parking-Finder2-stage4-auth-flow/vendor/laravel/framework/src/Illuminate/View/View.php(160): Illuminate/View/View->renderContents()
#9 C:/Users/DELL/Downloads/Parking-Finder2-stage4-auth-flow/vendor/laravel/framework/src/Illuminate/Http/Response.php(78): Illuminate/View/View->render()
#10 C:/Users/DELL/Downloads/Parking-Finder2-stage4-auth-flow/vendor/laravel/framework/src/Illuminate/Http/Response.php(34): Illuminate/Http/Response->setContent(Object(Illuminate/View/View))
#11 C:/Users/DELL/Downloads/Parking-Finder2-stage4-auth-flow/vendor/laravel/framework/src/Illuminate/Routing/Router.php(939): Illuminate/Http/Response->__construct(Object(Illuminate/View/View), 200, Array)
#12 C:/Users/DELL/Downloads/Parking-Finder2-stage4-auth-flow/vendor/laravel/framework/src/Illuminate/Routing/Router.php(906): Illuminate/Routing/Router::toResponse(Object(Illuminate/Http/Request), Object(Illuminate/View/View))
#13 C:/Users/DELL/Downloads/Parking-Finder2-stage4-auth-flow/vendor/laravel/framework/src/Illuminate/Routing/Router.php(821): Illuminate/Routing/Router->prepareResponse(Object(Illuminate/Http/Request), Object(Illuminate/View/View))
#14 C:/Users/DELL/Downloads/Parking-Finder2-stage4-auth-flow/vendor/laravel/framework/src/Illuminate/Pipeline/Pipeline.php(180): Illuminate/Routing/Router->Illuminate/Routing/{closure}(Object(Illuminate/Http/Request))
#15 C:/Users/DELL/Downloads/Parking-Finder2-stage4-auth-flow/app/Http/Middleware/AdminMiddleware.php(32): Illuminate/Pipeline/Pipeline->Illuminate/Pipeline/{closure}(Object(Illuminate/Http/Request))
#16 C:/Users/DELL/Downloads/Parking-Finder2-stage4-auth-flow/vendor/laravel/framework/src/Illuminate/Pipeline/Pipeline.php(219): App/Http/Middleware/AdminMiddleware->handle(Object(Illuminate/Http/Request), Object(Closure))
#17 C:/Users/DELL/Downloads/Parking-Finder2-stage4-auth-flow/vendor/laravel/framework/src/Illuminate/Routing/Middleware/SubstituteBindings.php(50): Illuminate/Pipeline/Pipeline->Illuminate/Pipeline/{closure}(Object(Illuminate/Http/Request))
#18 C:/Users/DELL/Downloads/Parking-Finder2-stage4-auth-flow/vendor/laravel/framework/src/Illuminate/Pipeline/Pipeline.php(219): Illuminate/Routing/Middleware/SubstituteBindings->handle(Object(Illuminate/Http/Request), Object(Closure))
#19 C:/Users/DELL/Downloads/Parking-Finder2-stage4-auth-flow/vendor/laravel/framework/src/Illuminate/Auth/Middleware/Authenticate.php(63): Illuminate/Pipeline/Pipeline->Illuminate/Pipeline/{closure}(Object(Illuminate/Http/Request))
#20 C:/Users/DELL/Downloads/Parking-Finder2-stage4-auth-flow/vendor/laravel/framework/src/Illuminate/Pipeline/Pipeline.php(219): Illuminate/Auth/Middleware/Authenticate->handle(Object(Illuminate/Http/Request), Object(Closure))
#21 C:/Users/DELL/Downloads/Parking-Finder2-stage4-auth-flow/vendor/laravel/framework/src/Illuminate/Foundation/Http/Middleware/VerifyCsrfToken.php(87): Illuminate/Pipeline/Pipeline->Illuminate/Pipeline/{closure}(Object(Illuminate/Http/Request))
#22 C:/Users/DELL/Downloads/Parking-Finder2-stage4-auth-flow/vendor/laravel/framework/src/Illuminate/Pipeline/Pipeline.php(219): Illuminate/Foundation/Http/Middleware/VerifyCsrfToken->handle(Object(Illuminate/Http/Request), Object(Closure))
#23 C:/Users/DELL/Downloads/Parking-Finder2-stage4-auth-flow/vendor/laravel/framework/src/Illuminate/View/Middleware/ShareErrorsFromSession.php(48): Illuminate/Pipeline/Pipeline->Illuminate/Pipeline/{closure}(Object(Illuminate/Http/Request))
#24 C:/Users/DELL/Downloads/Parking-Finder2-stage4-auth-flow/vendor/laravel/framework/src/Illuminate/Pipeline/Pipeline.php(219): Illuminate/View/Middleware/ShareErrorsFromSession->handle(Object(Illuminate/Http/Request), Object(Closure))
#25 C:/Users/DELL/Downloads/Parking-Finder2-stage4-auth-flow/vendor/laravel/framework/src/Illuminate/Session/Middleware/StartSession.php(120): Illuminate/Pipeline/Pipeline->Illuminate/Pipeline/{closure}(Object(Illuminate/Http/Request))
#26 C:/Users/DELL/Downloads/Parking-Finder2-stage4-auth-flow/vendor/laravel/framework/src/Illuminate/Session/Middleware/StartSession.php(63): Illuminate/Session/Middleware/StartSession->handleStatefulRequest(Object(Illuminate/Http/Request), Object(Illuminate/Session/Store), Object(Closure))
#27 C:/Users/DELL/Downloads/Parking-Finder2-stage4-auth-flow/vendor/laravel/framework/src/Illuminate/Pipeline/Pipeline.php(219): Illuminate/Session/Middleware/StartSession->handle(Object(Illuminate/Http/Request), Object(Closure))
#28 C:/Users/DELL/Downloads/Parking-Finder2-stage4-auth-flow/vendor/laravel/framework/src/Illuminate/Cookie/Middleware/AddQueuedCookiesToResponse.php(36): Illuminate/Pipeline/Pipeline->Illuminate/Pipeline/{closure}(Object(Illuminate/Http/Request))
#29 C:/Users/DELL/Downloads/Parking-Finder2-stage4-auth-flow/vendor/laravel/framework/src/Illuminate/Pipeline/Pipeline.php(219): Illuminate/Cookie/Middleware/AddQueuedCookiesToResponse->handle(Object(Illuminate/Http/Request), Object(Closure))
#30 C:/Users/DELL/Downloads/Parking-Finder2-stage4-auth-flow/vendor/laravel/framework/src/Illuminate/Cookie/Middleware/EncryptCookies.php(74): Illuminate/Pipeline/Pipeline->Illuminate/Pipeline/{closure}(Object(Illuminate/Http/Request))
#31 C:/Users/DELL/Downloads/Parking-Finder2-stage4-auth-flow/vendor/laravel/framework/src/Illuminate/Pipeline/Pipeline.php(219): Illuminate/Cookie/Middleware/EncryptCookies->handle(Object(Illuminate/Http/Request), Object(Closure))
#32 C:/Users/DELL/Downloads/Parking-Finder2-stage4-auth-flow/vendor/laravel/framework/src/Illuminate/Pipeline/Pipeline.php(137): Illuminate/Pipeline/Pipeline->Illuminate/Pipeline/{closure}(Object(Illuminate/Http/Request))
#33 C:/Users/DELL/Downloads/Parking-Finder2-stage4-auth-flow/vendor/laravel/framework/src/Illuminate/Routing/Router.php(821): Illuminate/Pipeline/Pipeline->then(Object(Closure))
#34 C:/Users/DELL/Downloads/Parking-Finder2-stage4-auth-flow/vendor/laravel/framework/src/Illuminate/Routing/Router.php(800): Illuminate/Routing/Router->runRouteWithinStack(Object(Illuminate/Routing/Route), Object(Illuminate/Http/Request))
#35 C:/Users/DELL/Downloads/Parking-Finder2-stage4-auth-flow/vendor/laravel/framework/src/Illuminate/Routing/Router.php(764): Illuminate/Routing/Router->runRoute(Object(Illuminate/Http/Request), Object(Illuminate/Routing/Route))
#36 C:/Users/DELL/Downloads/Parking-Finder2-stage4-auth-flow/vendor/laravel/framework/src/Illuminate/Routing/Router.php(753): Illuminate/Routing/Router->dispatchToRoute(Object(Illuminate/Http/Request))
#37 C:/Users/DELL/Downloads/Parking-Finder2-stage4-auth-flow/vendor/laravel/framework/src/Illuminate/Foundation/Http/Kernel.php(200): Illuminate/Routing/Router->dispatch(Object(Illuminate/Http/Request))
#38 C:/Users/DELL/Downloads/Parking-Finder2-stage4-auth-flow/vendor/laravel/framework/src/Illuminate/Pipeline/Pipeline.php(180): Illuminate/Foundation/Http/Kernel->Illuminate/Foundation/Http/{closure}(Object(Illuminate/Http/Request))
#39 C:/Users/DELL/Downloads/Parking-Finder2-stage4-auth-flow/vendor/laravel/framework/src/Illuminate/Foundation/Http/Middleware/TransformsRequest.php(21): Illuminate/Pipeline/Pipeline->Illuminate/Pipeline/{closure}(Object(Illuminate/Http/Request))
#40 C:/Users/DELL/Downloads/Parking-Finder2-stage4-auth-flow/vendor/laravel/framework/src/Illuminate/Foundation/Http/Middleware/ConvertEmptyStringsToNull.php(31): Illuminate/Foundation/Http/Middleware/TransformsRequest->handle(Object(Illuminate/Http/Request), Object(Closure))
#41 C:/Users/DELL/Downloads/Parking-Finder2-stage4-auth-flow/vendor/laravel/framework/src/Illuminate/Pipeline/Pipeline.php(219): Illuminate/Foundation/Http/Middleware/ConvertEmptyStringsToNull->handle(Object(Illuminate/Http/Request), Object(Closure))
#42 C:/Users/DELL/Downloads/Parking-Finder2-stage4-auth-flow/vendor/laravel/framework/src/Illuminate/Foundation/Http/Middleware/TransformsRequest.php(21): Illuminate/Pipeline/Pipeline->Illuminate/Pipeline/{closure}(Object(Illuminate/Http/Request))
#43 C:/Users/DELL/Downloads/Parking-Finder2-stage4-auth-flow/vendor/laravel/framework/src/Illuminate/Foundation/Http/Middleware/TrimStrings.php(51): Illuminate/Foundation/Http/Middleware/TransformsRequest->handle(Object(Illuminate/Http/Request), Object(Closure))
#44 C:/Users/DELL/Downloads/Parking-Finder2-stage4-auth-flow/vendor/laravel/framework/src/Illuminate/Pipeline/Pipeline.php(219): Illuminate/Foundation/Http/Middleware/TrimStrings->handle(Object(Illuminate/Http/Request), Object(Closure))
#45 C:/Users/DELL/Downloads/Parking-Finder2-stage4-auth-flow/vendor/laravel/framework/src/Illuminate/Http/Middleware/ValidatePostSize.php(27): Illuminate/Pipeline/Pipeline->Illuminate/Pipeline/{closure}(Object(Illuminate/Http/Request))
#46 C:/Users/DELL/Downloads/Parking-Finder2-stage4-auth-flow/vendor/laravel/framework/src/Illuminate/Pipeline/Pipeline.php(219): Illuminate/Http/Middleware/ValidatePostSize->handle(Object(Illuminate/Http/Request), Object(Closure))
#47 C:/Users/DELL/Downloads/Parking-Finder2-stage4-auth-flow/vendor/laravel/framework/src/Illuminate/Foundation/Http/Middleware/PreventRequestsDuringMaintenance.php(109): Illuminate/Pipeline/Pipeline->Illuminate/Pipeline/{closure}(Object(Illuminate/Http/Request))
#48 C:/Users/DELL/Downloads/Parking-Finder2-stage4-auth-flow/vendor/laravel/framework/src/Illuminate/Pipeline/Pipeline.php(219): Illuminate/Foundation/Http/Middleware/PreventRequestsDuringMaintenance->handle(Object(Illuminate/Http/Request), Object(Closure))
#49 C:/Users/DELL/Downloads/Parking-Finder2-stage4-auth-flow/vendor/laravel/framework/src/Illuminate/Http/Middleware/HandleCors.php(48): Illuminate/Pipeline/Pipeline->Illuminate/Pipeline/{closure}(Object(Illuminate/Http/Request))
#50 C:/Users/DELL/Downloads/Parking-Finder2-stage4-auth-flow/vendor/laravel/framework/src/Illuminate/Pipeline/Pipeline.php(219): Illuminate/Http/Middleware/HandleCors->handle(Object(Illuminate/Http/Request), Object(Closure))
#51 C:/Users/DELL/Downloads/Parking-Finder2-stage4-auth-flow/vendor/laravel/framework/src/Illuminate/Http/Middleware/TrustProxies.php(58): Illuminate/Pipeline/Pipeline->Illuminate/Pipeline/{closure}(Object(Illuminate/Http/Request))
#52 C:/Users/DELL/Downloads/Parking-Finder2-stage4-auth-flow/vendor/laravel/framework/src/Illuminate/Pipeline/Pipeline.php(219): Illuminate/Http/Middleware/TrustProxies->handle(Object(Illuminate/Http/Request), Object(Closure))
#53 C:/Users/DELL/Downloads/Parking-Finder2-stage4-auth-flow/vendor/laravel/framework/src/Illuminate/Foundation/Http/Middleware/InvokeDeferredCallbacks.php(22): Illuminate/Pipeline/Pipeline->Illuminate/Pipeline/{closure}(Object(Illuminate/Http/Request))
#54 C:/Users/DELL/Downloads/Parking-Finder2-stage4-auth-flow/vendor/laravel/framework/src/Illuminate/Pipeline/Pipeline.php(219): Illuminate/Foundation/Http/Middleware/InvokeDeferredCallbacks->handle(Object(Illuminate/Http/Request), Object(Closure))
#55 C:/Users/DELL/Downloads/Parking-Finder2-stage4-auth-flow/vendor/laravel/framework/src/Illuminate/Http/Middleware/ValidatePathEncoding.php(26): Illuminate/Pipeline/Pipeline->Illuminate/Pipeline/{closure}(Object(Illuminate/Http/Request))
#56 C:/Users/DELL/Downloads/Parking-Finder2-stage4-auth-flow/vendor/laravel/framework/src/Illuminate/Pipeline/Pipeline.php(219): Illuminate/Http/Middleware/ValidatePathEncoding->handle(Object(Illuminate/Http/Request), Object(Closure))
#57 C:/Users/DELL/Downloads/Parking-Finder2-stage4-auth-flow/vendor/laravel/framework/src/Illuminate/Pipeline/Pipeline.php(137): Illuminate/Pipeline/Pipeline->Illuminate/Pipeline/{closure}(Object(Illuminate/Http/Request))
#58 C:/Users/DELL/Downloads/Parking-Finder2-stage4-auth-flow/vendor/laravel/framework/src/Illuminate/Foundation/Http/Kernel.php(175): Illuminate/Pipeline/Pipeline->then(Object(Closure))
#59 C:/Users/DELL/Downloads/Parking-Finder2-stage4-auth-flow/vendor/laravel/framework/src/Illuminate/Foundation/Http/Kernel.php(144): Illuminate/Foundation/Http/Kernel->sendRequestThroughRouter(Object(Illuminate/Http/Request))
#60 C:/Users/DELL/Downloads/Parking-Finder2-stage4-auth-flow/vendor/laravel/framework/src/Illuminate/Foundation/Application.php(1220): Illuminate/Foundation/Http/Kernel->handle(Object(Illuminate/Http/Request))
#61 C:/Users/DELL/Downloads/Parking-Finder2-stage4-auth-flow/public/index.php(20): Illuminate/Foundation/Application->handleRequest(Object(Illuminate/Http/Request))
#62 C:/Users/DELL/Downloads/Parking-Finder2-stage4-auth-flow/vendor/laravel/framework/src/Illuminate/Foundation/resources/server.php(23): require_once('C://Users//DELL//D...')
#63 {main}
"} 
[2026-01-24 18:48:17] local.ERROR: Undefined variable $revenues (View: C:\Users\DELL\Downloads\Parking-Finder2-stage4-auth-flow\resources\views\admin\revenue\index.blade.php) {"userId":3,"exception":"[object] (Illuminate\\View\\ViewException(code: 0): Undefined variable $revenues (View: C:\\Users\\DELL\\Downloads\\Parking-Finder2-stage4-auth-flow\\resources\\views\\admin\\revenue\\index.blade.php) at C:/Users/DELL/Downloads/Parking-Finder2-stage4-auth-flow/storage/framework/views/af5355ee1d6e89d4be85e8f49ec2b02d.php:25)
[stacktrace]
#0 C:/Users/DELL/Downloads/Parking-Finder2-stage4-auth-flow/vendor/laravel/framework/src/Illuminate/View/Engines/PhpEngine.php(59): Illuminate/View/Engines/CompilerEngine->handleViewException(Object(ErrorException), 1)
#1 C:/Users/DELL/Downloads/Parking-Finder2-stage4-auth-flow/vendor/laravel/framework/src/Illuminate/View/Engines/CompilerEngine.php(76): Illuminate/View/Engines/PhpEngine->evaluatePath('C://Users//DELL//D...', Array)
#2 C:/Users/DELL/Downloads/Parking-Finder2-stage4-auth-flow/vendor/laravel/framework/src/Illuminate/View/View.php(208): Illuminate/View/Engines/CompilerEngine->get('C://Users//DELL//D...', Array)
#3 C:/Users/DELL/Downloads/Parking-Finder2-stage4-auth-flow/vendor/laravel/framework/src/Illuminate/View/View.php(191): Illuminate/View/View->getContents()
#4 C:/Users/DELL/Downloads/Parking-Finder2-stage4-auth-flow/vendor/laravel/framework/src/Illuminate/View/View.php(160): Illuminate/View/View->renderContents()
#5 C:/Users/DELL/Downloads/Parking-Finder2-stage4-auth-flow/vendor/laravel/framework/src/Illuminate/Http/Response.php(78): Illuminate/View/View->render()
#6 C:/Users/DELL/Downloads/Parking-Finder2-stage4-auth-flow/vendor/laravel/framework/src/Illuminate/Http/Response.php(34): Illuminate/Http/Response->setContent(Object(Illuminate/View/View))
#7 C:/Users/DELL/Downloads/Parking-Finder2-stage4-auth-flow/vendor/laravel/framework/src/Illuminate/Routing/Router.php(939): Illuminate/Http/Response->__construct(Object(Illuminate/View/View), 200, Array)
#8 C:/Users/DELL/Downloads/Parking-Finder2-stage4-auth-flow/vendor/laravel/framework/src/Illuminate/Routing/Router.php(906): Illuminate/Routing/Router::toResponse(Object(Illuminate/Http/Request), Object(Illuminate/View/View))
#9 C:/Users/DELL/Downloads/Parking-Finder2-stage4-auth-flow/vendor/laravel/framework/src/Illuminate/Routing/Router.php(821): Illuminate/Routing/Router->prepareResponse(Object(Illuminate/Http/Request), Object(Illuminate/View/View))
#10 C:/Users/DELL/Downloads/Parking-Finder2-stage4-auth-flow/vendor/laravel/framework/src/Illuminate/Pipeline/Pipeline.php(180): Illuminate/Routing/Router->Illuminate/Routing/{closure}(Object(Illuminate/Http/Request))
#11 C:/Users/DELL/Downloads/Parking-Finder2-stage4-auth-flow/app/Http/Middleware/AdminMiddleware.php(32): Illuminate/Pipeline/Pipeline->Illuminate/Pipeline/{closure}(Object(Illuminate/Http/Request))
#12 C:/Users/DELL/Downloads/Parking-Finder2-stage4-auth-flow/vendor/laravel/framework/src/Illuminate/Pipeline/Pipeline.php(219): App/Http/Middleware/AdminMiddleware->handle(Object(Illuminate/Http/Request), Object(Closure))
#13 C:/Users/DELL/Downloads/Parking-Finder2-stage4-auth-flow/vendor/laravel/framework/src/Illuminate/Routing/Middleware/SubstituteBindings.php(50): Illuminate/Pipeline/Pipeline->Illuminate/Pipeline/{closure}(Object(Illuminate/Http/Request))
#14 C:/Users/DELL/Downloads/Parking-Finder2-stage4-auth-flow/vendor/laravel/framework/src/Illuminate/Pipeline/Pipeline.php(219): Illuminate/Routing/Middleware/SubstituteBindings->handle(Object(Illuminate/Http/Request), Object(Closure))
#15 C:/Users/DELL/Downloads/Parking-Finder2-stage4-auth-flow/vendor/laravel/framework/src/Illuminate/Auth/Middleware/Authenticate.php(63): Illuminate/Pipeline/Pipeline->Illuminate/Pipeline/{closure}(Object(Illuminate/Http/Request))
#16 C:/Users/DELL/Downloads/Parking-Finder2-stage4-auth-flow/vendor/laravel/framework/src/Illuminate/Pipeline/Pipeline.php(219): Illuminate/Auth/Middleware/Authenticate->handle(Object(Illuminate/Http/Request), Object(Closure))
#17 C:/Users/DELL/Downloads/Parking-Finder2-stage4-auth-flow/vendor/laravel/framework/src/Illuminate/Foundation/Http/Middleware/VerifyCsrfToken.php(87): Illuminate/Pipeline/Pipeline->Illuminate/Pipeline/{closure}(Object(Illuminate/Http/Request))
#18 C:/Users/DELL/Downloads/Parking-Finder2-stage4-auth-flow/vendor/laravel/framework/src/Illuminate/Pipeline/Pipeline.php(219): Illuminate/Foundation/Http/Middleware/VerifyCsrfToken->handle(Object(Illuminate/Http/Request), Object(Closure))
#19 C:/Users/DELL/Downloads/Parking-Finder2-stage4-auth-flow/vendor/laravel/framework/src/Illuminate/View/Middleware/ShareErrorsFromSession.php(48): Illuminate/Pipeline/Pipeline->Illuminate/Pipeline/{closure}(Object(Illuminate/Http/Request))
#20 C:/Users/DELL/Downloads/Parking-Finder2-stage4-auth-flow/vendor/laravel/framework/src/Illuminate/Pipeline/Pipeline.php(219): Illuminate/View/Middleware/ShareErrorsFromSession->handle(Object(Illuminate/Http/Request), Object(Closure))
#21 C:/Users/DELL/Downloads/Parking-Finder2-stage4-auth-flow/vendor/laravel/framework/src/Illuminate/Session/Middleware/StartSession.php(120): Illuminate/Pipeline/Pipeline->Illuminate/Pipeline/{closure}(Object(Illuminate/Http/Request))
#22 C:/Users/DELL/Downloads/Parking-Finder2-stage4-auth-flow/vendor/laravel/framework/src/Illuminate/Session/Middleware/StartSession.php(63): Illuminate/Session/Middleware/StartSession->handleStatefulRequest(Object(Illuminate/Http/Request), Object(Illuminate/Session/Store), Object(Closure))
#23 C:/Users/DELL/Downloads/Parking-Finder2-stage4-auth-flow/vendor/laravel/framework/src/Illuminate/Pipeline/Pipeline.php(219): Illuminate/Session/Middleware/StartSession->handle(Object(Illuminate/Http/Request), Object(Closure))
#24 C:/Users/DELL/Downloads/Parking-Finder2-stage4-auth-flow/vendor/laravel/framework/src/Illuminate/Cookie/Middleware/AddQueuedCookiesToResponse.php(36): Illuminate/Pipeline/Pipeline->Illuminate/Pipeline/{closure}(Object(Illuminate/Http/Request))
#25 C:/Users/DELL/Downloads/Parking-Finder2-stage4-auth-flow/vendor/laravel/framework/src/Illuminate/Pipeline/Pipeline.php(219): Illuminate/Cookie/Middleware/AddQueuedCookiesToResponse->handle(Object(Illuminate/Http/Request), Object(Closure))
#26 C:/Users/DELL/Downloads/Parking-Finder2-stage4-auth-flow/vendor/laravel/framework/src/Illuminate/Cookie/Middleware/EncryptCookies.php(74): Illuminate/Pipeline/Pipeline->Illuminate/Pipeline/{closure}(Object(Illuminate/Http/Request))
#27 C:/Users/DELL/Downloads/Parking-Finder2-stage4-auth-flow/vendor/laravel/framework/src/Illuminate/Pipeline/Pipeline.php(219): Illuminate/Cookie/Middleware/EncryptCookies->handle(Object(Illuminate/Http/Request), Object(Closure))
#28 C:/Users/DELL/Downloads/Parking-Finder2-stage4-auth-flow/vendor/laravel/framework/src/Illuminate/Pipeline/Pipeline.php(137): Illuminate/Pipeline/Pipeline->Illuminate/Pipeline/{closure}(Object(Illuminate/Http/Request))
#29 C:/Users/DELL/Downloads/Parking-Finder2-stage4-auth-flow/vendor/laravel/framework/src/Illuminate/Routing/Router.php(821): Illuminate/Pipeline/Pipeline->then(Object(Closure))
#30 C:/Users/DELL/Downloads/Parking-Finder2-stage4-auth-flow/vendor/laravel/framework/src/Illuminate/Routing/Router.php(800): Illuminate/Routing/Router->runRouteWithinStack(Object(Illuminate/Routing/Route), Object(Illuminate/Http/Request))
#31 C:/Users/DELL/Downloads/Parking-Finder2-stage4-auth-flow/vendor/laravel/framework/src/Illuminate/Routing/Router.php(764): Illuminate/Routing/Router->runRoute(Object(Illuminate/Http/Request), Object(Illuminate/Routing/Route))
#32 C:/Users/DELL/Downloads/Parking-Finder2-stage4-auth-flow/vendor/laravel/framework/src/Illuminate/Routing/Router.php(753): Illuminate/Routing/Router->dispatchToRoute(Object(Illuminate/Http/Request))
#33 C:/Users/DELL/Downloads/Parking-Finder2-stage4-auth-flow/vendor/laravel/framework/src/Illuminate/Foundation/Http/Kernel.php(200): Illuminate/Routing/Router->dispatch(Object(Illuminate/Http/Request))
#34 C:/Users/DELL/Downloads/Parking-Finder2-stage4-auth-flow/vendor/laravel/framework/src/Illuminate/Pipeline/Pipeline.php(180): Illuminate/Foundation/Http/Kernel->Illuminate/Foundation/Http/{closure}(Object(Illuminate/Http/Request))
#35 C:/Users/DELL/Downloads/Parking-Finder2-stage4-auth-flow/vendor/laravel/framework/src/Illuminate/Foundation/Http/Middleware/TransformsRequest.php(21): Illuminate/Pipeline/Pipeline->Illuminate/Pipeline/{closure}(Object(Illuminate/Http/Request))
#36 C:/Users/DELL/Downloads/Parking-Finder2-stage4-auth-flow/vendor/laravel/framework/src/Illuminate/Foundation/Http/Middleware/ConvertEmptyStringsToNull.php(31): Illuminate/Foundation/Http/Middleware/TransformsRequest->handle(Object(Illuminate/Http/Request), Object(Closure))
#37 C:/Users/DELL/Downloads/Parking-Finder2-stage4-auth-flow/vendor/laravel/framework/src/Illuminate/Pipeline/Pipeline.php(219): Illuminate/Foundation/Http/Middleware/ConvertEmptyStringsToNull->handle(Object(Illuminate/Http/Request), Object(Closure))
#38 C:/Users/DELL/Downloads/Parking-Finder2-stage4-auth-flow/vendor/laravel/framework/src/Illuminate/Foundation/Http/Middleware/TransformsRequest.php(21): Illuminate/Pipeline/Pipeline->Illuminate/Pipeline/{closure}(Object(Illuminate/Http/Request))
#39 C:/Users/DELL/Downloads/Parking-Finder2-stage4-auth-flow/vendor/laravel/framework/src/Illuminate/Foundation/Http/Middleware/TrimStrings.php(51): Illuminate/Foundation/Http/Middleware/TransformsRequest->handle(Object(Illuminate/Http/Request), Object(Closure))
#40 C:/Users/DELL/Downloads/Parking-Finder2-stage4-auth-flow/vendor/laravel/framework/src/Illuminate/Pipeline/Pipeline.php(219): Illuminate/Foundation/Http/Middleware/TrimStrings->handle(Object(Illuminate/Http/Request), Object(Closure))
#41 C:/Users/DELL/Downloads/Parking-Finder2-stage4-auth-flow/vendor/laravel/framework/src/Illuminate/Http/Middleware/ValidatePostSize.php(27): Illuminate/Pipeline/Pipeline->Illuminate/Pipeline/{closure}(Object(Illuminate/Http/Request))
#42 C:/Users/DELL/Downloads/Parking-Finder2-stage4-auth-flow/vendor/laravel/framework/src/Illuminate/Pipeline/Pipeline.php(219): Illuminate/Http/Middleware/ValidatePostSize->handle(Object(Illuminate/Http/Request), Object(Closure))
#43 C:/Users/DELL/Downloads/Parking-Finder2-stage4-auth-flow/vendor/laravel/framework/src/Illuminate/Foundation/Http/Middleware/PreventRequestsDuringMaintenance.php(109): Illuminate/Pipeline/Pipeline->Illuminate/Pipeline/{closure}(Object(Illuminate/Http/Request))
#44 C:/Users/DELL/Downloads/Parking-Finder2-stage4-auth-flow/vendor/laravel/framework/src/Illuminate/Pipeline/Pipeline.php(219): Illuminate/Foundation/Http/Middleware/PreventRequestsDuringMaintenance->handle(Object(Illuminate/Http/Request), Object(Closure))
#45 C:/Users/DELL/Downloads/Parking-Finder2-stage4-auth-flow/vendor/laravel/framework/src/Illuminate/Http/Middleware/HandleCors.php(48): Illuminate/Pipeline/Pipeline->Illuminate/Pipeline/{closure}(Object(Illuminate/Http/Request))
#46 C:/Users/DELL/Downloads/Parking-Finder2-stage4-auth-flow/vendor/laravel/framework/src/Illuminate/Pipeline/Pipeline.php(219): Illuminate/Http/Middleware/HandleCors->handle(Object(Illuminate/Http/Request), Object(Closure))
#47 C:/Users/DELL/Downloads/Parking-Finder2-stage4-auth-flow/vendor/laravel/framework/src/Illuminate/Http/Middleware/TrustProxies.php(58): Illuminate/Pipeline/Pipeline->Illuminate/Pipeline/{closure}(Object(Illuminate/Http/Request))
#48 C:/Users/DELL/Downloads/Parking-Finder2-stage4-auth-flow/vendor/laravel/framework/src/Illuminate/Pipeline/Pipeline.php(219): Illuminate/Http/Middleware/TrustProxies->handle(Object(Illuminate/Http/Request), Object(Closure))
#49 C:/Users/DELL/Downloads/Parking-Finder2-stage4-auth-flow/vendor/laravel/framework/src/Illuminate/Foundation/Http/Middleware/InvokeDeferredCallbacks.php(22): Illuminate/Pipeline/Pipeline->Illuminate/Pipeline/{closure}(Object(Illuminate/Http/Request))
#50 C:/Users/DELL/Downloads/Parking-Finder2-stage4-auth-flow/vendor/laravel/framework/src/Illuminate/Pipeline/Pipeline.php(219): Illuminate/Foundation/Http/Middleware/InvokeDeferredCallbacks->handle(Object(Illuminate/Http/Request), Object(Closure))
#51 C:/Users/DELL/Downloads/Parking-Finder2-stage4-auth-flow/vendor/laravel/framework/src/Illuminate/Http/Middleware/ValidatePathEncoding.php(26): Illuminate/Pipeline/Pipeline->Illuminate/Pipeline/{closure}(Object(Illuminate/Http/Request))
#52 C:/Users/DELL/Downloads/Parking-Finder2-stage4-auth-flow/vendor/laravel/framework/src/Illuminate/Pipeline/Pipeline.php(219): Illuminate/Http/Middleware/ValidatePathEncoding->handle(Object(Illuminate/Http/Request), Object(Closure))
#53 C:/Users/DELL/Downloads/Parking-Finder2-stage4-auth-flow/vendor/laravel/framework/src/Illuminate/Pipeline/Pipeline.php(137): Illuminate/Pipeline/Pipeline->Illuminate/Pipeline/{closure}(Object(Illuminate/Http/Request))
#54 C:/Users/DELL/Downloads/Parking-Finder2-stage4-auth-flow/vendor/laravel/framework/src/Illuminate/Foundation/Http/Kernel.php(175): Illuminate/Pipeline/Pipeline->then(Object(Closure))
#55 C:/Users/DELL/Downloads/Parking-Finder2-stage4-auth-flow/vendor/laravel/framework/src/Illuminate/Foundation/Http/Kernel.php(144): Illuminate/Foundation/Http/Kernel->sendRequestThroughRouter(Object(Illuminate/Http/Request))
#56 C:/Users/DELL/Downloads/Parking-Finder2-stage4-auth-flow/vendor/laravel/framework/src/Illuminate/Foundation/Application.php(1220): Illuminate/Foundation/Http/Kernel->handle(Object(Illuminate/Http/Request))
#57 C:/Users/DELL/Downloads/Parking-Finder2-stage4-auth-flow/public/index.php(20): Illuminate/Foundation/Application->handleRequest(Object(Illuminate/Http/Request))
#58 C:/Users/DELL/Downloads/Parking-Finder2-stage4-auth-flow/vendor/laravel/framework/src/Illuminate/Foundation/resources/server.php(23): require_once('C://Users//DELL//D...')
#59 {main}

[previous exception] [object] (ErrorException(code: 0): Undefined variable $revenues at C:/Users/DELL/Downloads/Parking-Finder2-stage4-auth-flow/storage/framework/views/af5355ee1d6e89d4be85e8f49ec2b02d.php:25)
[stacktrace]
#0 C:/Users/DELL/Downloads/Parking-Finder2-stage4-auth-flow/vendor/laravel/framework/src/Illuminate/Foundation/Bootstrap/HandleExceptions.php(258): Illuminate/Foundation/Bootstrap/HandleExceptions->handleError(2, 'Undefined varia...', 'C://Users//DELL//D...', 25)
#1 C:/Users/DELL/Downloads/Parking-Finder2-stage4-auth-flow/storage/framework/views/af5355ee1d6e89d4be85e8f49ec2b02d.php(25): Illuminate/Foundation/Bootstrap/HandleExceptions->Illuminate/Foundation/Bootstrap/{closure}(2, 'Undefined varia...', 'C://Users//DELL//D...', 25)
#2 C:/Users/DELL/Downloads/Parking-Finder2-stage4-auth-flow/vendor/laravel/framework/src/Illuminate/Filesystem/Filesystem.php(123): require('C://Users//DELL//D...')
#3 C:/Users/DELL/Downloads/Parking-Finder2-stage4-auth-flow/vendor/laravel/framework/src/Illuminate/Filesystem/Filesystem.php(124): Illuminate/Filesystem/Filesystem::Illuminate/Filesystem/{closure}()
#4 C:/Users/DELL/Downloads/Parking-Finder2-stage4-auth-flow/vendor/laravel/framework/src/Illuminate/View/Engines/PhpEngine.php(57): Illuminate/Filesystem/Filesystem->getRequire('C://Users//DELL//D...', Array)
#5 C:/Users/DELL/Downloads/Parking-Finder2-stage4-auth-flow/vendor/laravel/framework/src/Illuminate/View/Engines/CompilerEngine.php(76): Illuminate/View/Engines/PhpEngine->evaluatePath('C://Users//DELL//D...', Array)
#6 C:/Users/DELL/Downloads/Parking-Finder2-stage4-auth-flow/vendor/laravel/framework/src/Illuminate/View/View.php(208): Illuminate/View/Engines/CompilerEngine->get('C://Users//DELL//D...', Array)
#7 C:/Users/DELL/Downloads/Parking-Finder2-stage4-auth-flow/vendor/laravel/framework/src/Illuminate/View/View.php(191): Illuminate/View/View->getContents()
#8 C:/Users/DELL/Downloads/Parking-Finder2-stage4-auth-flow/vendor/laravel/framework/src/Illuminate/View/View.php(160): Illuminate/View/View->renderContents()
#9 C:/Users/DELL/Downloads/Parking-Finder2-stage4-auth-flow/vendor/laravel/framework/src/Illuminate/Http/Response.php(78): Illuminate/View/View->render()
#10 C:/Users/DELL/Downloads/Parking-Finder2-stage4-auth-flow/vendor/laravel/framework/src/Illuminate/Http/Response.php(34): Illuminate/Http/Response->setContent(Object(Illuminate/View/View))
#11 C:/Users/DELL/Downloads/Parking-Finder2-stage4-auth-flow/vendor/laravel/framework/src/Illuminate/Routing/Router.php(939): Illuminate/Http/Response->__construct(Object(Illuminate/View/View), 200, Array)
#12 C:/Users/DELL/Downloads/Parking-Finder2-stage4-auth-flow/vendor/laravel/framework/src/Illuminate/Routing/Router.php(906): Illuminate/Routing/Router::toResponse(Object(Illuminate/Http/Request), Object(Illuminate/View/View))
#13 C:/Users/DELL/Downloads/Parking-Finder2-stage4-auth-flow/vendor/laravel/framework/src/Illuminate/Routing/Router.php(821): Illuminate/Routing/Router->prepareResponse(Object(Illuminate/Http/Request), Object(Illuminate/View/View))
#14 C:/Users/DELL/Downloads/Parking-Finder2-stage4-auth-flow/vendor/laravel/framework/src/Illuminate/Pipeline/Pipeline.php(180): Illuminate/Routing/Router->Illuminate/Routing/{closure}(Object(Illuminate/Http/Request))
#15 C:/Users/DELL/Downloads/Parking-Finder2-stage4-auth-flow/app/Http/Middleware/AdminMiddleware.php(32): Illuminate/Pipeline/Pipeline->Illuminate/Pipeline/{closure}(Object(Illuminate/Http/Request))
#16 C:/Users/DELL/Downloads/Parking-Finder2-stage4-auth-flow/vendor/laravel/framework/src/Illuminate/Pipeline/Pipeline.php(219): App/Http/Middleware/AdminMiddleware->handle(Object(Illuminate/Http/Request), Object(Closure))
#17 C:/Users/DELL/Downloads/Parking-Finder2-stage4-auth-flow/vendor/laravel/framework/src/Illuminate/Routing/Middleware/SubstituteBindings.php(50): Illuminate/Pipeline/Pipeline->Illuminate/Pipeline/{closure}(Object(Illuminate/Http/Request))
#18 C:/Users/DELL/Downloads/Parking-Finder2-stage4-auth-flow/vendor/laravel/framework/src/Illuminate/Pipeline/Pipeline.php(219): Illuminate/Routing/Middleware/SubstituteBindings->handle(Object(Illuminate/Http/Request), Object(Closure))
#19 C:/Users/DELL/Downloads/Parking-Finder2-stage4-auth-flow/vendor/laravel/framework/src/Illuminate/Auth/Middleware/Authenticate.php(63): Illuminate/Pipeline/Pipeline->Illuminate/Pipeline/{closure}(Object(Illuminate/Http/Request))
#20 C:/Users/DELL/Downloads/Parking-Finder2-stage4-auth-flow/vendor/laravel/framework/src/Illuminate/Pipeline/Pipeline.php(219): Illuminate/Auth/Middleware/Authenticate->handle(Object(Illuminate/Http/Request), Object(Closure))
#21 C:/Users/DELL/Downloads/Parking-Finder2-stage4-auth-flow/vendor/laravel/framework/src/Illuminate/Foundation/Http/Middleware/VerifyCsrfToken.php(87): Illuminate/Pipeline/Pipeline->Illuminate/Pipeline/{closure}(Object(Illuminate/Http/Request))
#22 C:/Users/DELL/Downloads/Parking-Finder2-stage4-auth-flow/vendor/laravel/framework/src/Illuminate/Pipeline/Pipeline.php(219): Illuminate/Foundation/Http/Middleware/VerifyCsrfToken->handle(Object(Illuminate/Http/Request), Object(Closure))
#23 C:/Users/DELL/Downloads/Parking-Finder2-stage4-auth-flow/vendor/laravel/framework/src/Illuminate/View/Middleware/ShareErrorsFromSession.php(48): Illuminate/Pipeline/Pipeline->Illuminate/Pipeline/{closure}(Object(Illuminate/Http/Request))
#24 C:/Users/DELL/Downloads/Parking-Finder2-stage4-auth-flow/vendor/laravel/framework/src/Illuminate/Pipeline/Pipeline.php(219): Illuminate/View/Middleware/ShareErrorsFromSession->handle(Object(Illuminate/Http/Request), Object(Closure))
#25 C:/Users/DELL/Downloads/Parking-Finder2-stage4-auth-flow/vendor/laravel/framework/src/Illuminate/Session/Middleware/StartSession.php(120): Illuminate/Pipeline/Pipeline->Illuminate/Pipeline/{closure}(Object(Illuminate/Http/Request))
#26 C:/Users/DELL/Downloads/Parking-Finder2-stage4-auth-flow/vendor/laravel/framework/src/Illuminate/Session/Middleware/StartSession.php(63): Illuminate/Session/Middleware/StartSession->handleStatefulRequest(Object(Illuminate/Http/Request), Object(Illuminate/Session/Store), Object(Closure))
#27 C:/Users/DELL/Downloads/Parking-Finder2-stage4-auth-flow/vendor/laravel/framework/src/Illuminate/Pipeline/Pipeline.php(219): Illuminate/Session/Middleware/StartSession->handle(Object(Illuminate/Http/Request), Object(Closure))
#28 C:/Users/DELL/Downloads/Parking-Finder2-stage4-auth-flow/vendor/laravel/framework/src/Illuminate/Cookie/Middleware/AddQueuedCookiesToResponse.php(36): Illuminate/Pipeline/Pipeline->Illuminate/Pipeline/{closure}(Object(Illuminate/Http/Request))
#29 C:/Users/DELL/Downloads/Parking-Finder2-stage4-auth-flow/vendor/laravel/framework/src/Illuminate/Pipeline/Pipeline.php(219): Illuminate/Cookie/Middleware/AddQueuedCookiesToResponse->handle(Object(Illuminate/Http/Request), Object(Closure))
#30 C:/Users/DELL/Downloads/Parking-Finder2-stage4-auth-flow/vendor/laravel/framework/src/Illuminate/Cookie/Middleware/EncryptCookies.php(74): Illuminate/Pipeline/Pipeline->Illuminate/Pipeline/{closure}(Object(Illuminate/Http/Request))
#31 C:/Users/DELL/Downloads/Parking-Finder2-stage4-auth-flow/vendor/laravel/framework/src/Illuminate/Pipeline/Pipeline.php(219): Illuminate/Cookie/Middleware/EncryptCookies->handle(Object(Illuminate/Http/Request), Object(Closure))
#32 C:/Users/DELL/Downloads/Parking-Finder2-stage4-auth-flow/vendor/laravel/framework/src/Illuminate/Pipeline/Pipeline.php(137): Illuminate/Pipeline/Pipeline->Illuminate/Pipeline/{closure}(Object(Illuminate/Http/Request))
#33 C:/Users/DELL/Downloads/Parking-Finder2-stage4-auth-flow/vendor/laravel/framework/src/Illuminate/Routing/Router.php(821): Illuminate/Pipeline/Pipeline->then(Object(Closure))
#34 C:/Users/DELL/Downloads/Parking-Finder2-stage4-auth-flow/vendor/laravel/framework/src/Illuminate/Routing/Router.php(800): Illuminate/Routing/Router->runRouteWithinStack(Object(Illuminate/Routing/Route), Object(Illuminate/Http/Request))
#35 C:/Users/DELL/Downloads/Parking-Finder2-stage4-auth-flow/vendor/laravel/framework/src/Illuminate/Routing/Router.php(764): Illuminate/Routing/Router->runRoute(Object(Illuminate/Http/Request), Object(Illuminate/Routing/Route))
#36 C:/Users/DELL/Downloads/Parking-Finder2-stage4-auth-flow/vendor/laravel/framework/src/Illuminate/Routing/Router.php(753): Illuminate/Routing/Router->dispatchToRoute(Object(Illuminate/Http/Request))
#37 C:/Users/DELL/Downloads/Parking-Finder2-stage4-auth-flow/vendor/laravel/framework/src/Illuminate/Foundation/Http/Kernel.php(200): Illuminate/Routing/Router->dispatch(Object(Illuminate/Http/Request))
#38 C:/Users/DELL/Downloads/Parking-Finder2-stage4-auth-flow/vendor/laravel/framework/src/Illuminate/Pipeline/Pipeline.php(180): Illuminate/Foundation/Http/Kernel->Illuminate/Foundation/Http/{closure}(Object(Illuminate/Http/Request))
#39 C:/Users/DELL/Downloads/Parking-Finder2-stage4-auth-flow/vendor/laravel/framework/src/Illuminate/Foundation/Http/Middleware/TransformsRequest.php(21): Illuminate/Pipeline/Pipeline->Illuminate/Pipeline/{closure}(Object(Illuminate/Http/Request))
#40 C:/Users/DELL/Downloads/Parking-Finder2-stage4-auth-flow/vendor/laravel/framework/src/Illuminate/Foundation/Http/Middleware/ConvertEmptyStringsToNull.php(31): Illuminate/Foundation/Http/Middleware/TransformsRequest->handle(Object(Illuminate/Http/Request), Object(Closure))
#41 C:/Users/DELL/Downloads/Parking-Finder2-stage4-auth-flow/vendor/laravel/framework/src/Illuminate/Pipeline/Pipeline.php(219): Illuminate/Foundation/Http/Middleware/ConvertEmptyStringsToNull->handle(Object(Illuminate/Http/Request), Object(Closure))
#42 C:/Users/DELL/Downloads/Parking-Finder2-stage4-auth-flow/vendor/laravel/framework/src/Illuminate/Foundation/Http/Middleware/TransformsRequest.php(21): Illuminate/Pipeline/Pipeline->Illuminate/Pipeline/{closure}(Object(Illuminate/Http/Request))
#43 C:/Users/DELL/Downloads/Parking-Finder2-stage4-auth-flow/vendor/laravel/framework/src/Illuminate/Foundation/Http/Middleware/TrimStrings.php(51): Illuminate/Foundation/Http/Middleware/TransformsRequest->handle(Object(Illuminate/Http/Request), Object(Closure))
#44 C:/Users/DELL/Downloads/Parking-Finder2-stage4-auth-flow/vendor/laravel/framework/src/Illuminate/Pipeline/Pipeline.php(219): Illuminate/Foundation/Http/Middleware/TrimStrings->handle(Object(Illuminate/Http/Request), Object(Closure))
#45 C:/Users/DELL/Downloads/Parking-Finder2-stage4-auth-flow/vendor/laravel/framework/src/Illuminate/Http/Middleware/ValidatePostSize.php(27): Illuminate/Pipeline/Pipeline->Illuminate/Pipeline/{closure}(Object(Illuminate/Http/Request))
#46 C:/Users/DELL/Downloads/Parking-Finder2-stage4-auth-flow/vendor/laravel/framework/src/Illuminate/Pipeline/Pipeline.php(219): Illuminate/Http/Middleware/ValidatePostSize->handle(Object(Illuminate/Http/Request), Object(Closure))
#47 C:/Users/DELL/Downloads/Parking-Finder2-stage4-auth-flow/vendor/laravel/framework/src/Illuminate/Foundation/Http/Middleware/PreventRequestsDuringMaintenance.php(109): Illuminate/Pipeline/Pipeline->Illuminate/Pipeline/{closure}(Object(Illuminate/Http/Request))
#48 C:/Users/DELL/Downloads/Parking-Finder2-stage4-auth-flow/vendor/laravel/framework/src/Illuminate/Pipeline/Pipeline.php(219): Illuminate/Foundation/Http/Middleware/PreventRequestsDuringMaintenance->handle(Object(Illuminate/Http/Request), Object(Closure))
#49 C:/Users/DELL/Downloads/Parking-Finder2-stage4-auth-flow/vendor/laravel/framework/src/Illuminate/Http/Middleware/HandleCors.php(48): Illuminate/Pipeline/Pipeline->Illuminate/Pipeline/{closure}(Object(Illuminate/Http/Request))
#50 C:/Users/DELL/Downloads/Parking-Finder2-stage4-auth-flow/vendor/laravel/framework/src/Illuminate/Pipeline/Pipeline.php(219): Illuminate/Http/Middleware/HandleCors->handle(Object(Illuminate/Http/Request), Object(Closure))
#51 C:/Users/DELL/Downloads/Parking-Finder2-stage4-auth-flow/vendor/laravel/framework/src/Illuminate/Http/Middleware/TrustProxies.php(58): Illuminate/Pipeline/Pipeline->Illuminate/Pipeline/{closure}(Object(Illuminate/Http/Request))
#52 C:/Users/DELL/Downloads/Parking-Finder2-stage4-auth-flow/vendor/laravel/framework/src/Illuminate/Pipeline/Pipeline.php(219): Illuminate/Http/Middleware/TrustProxies->handle(Object(Illuminate/Http/Request), Object(Closure))
#53 C:/Users/DELL/Downloads/Parking-Finder2-stage4-auth-flow/vendor/laravel/framework/src/Illuminate/Foundation/Http/Middleware/InvokeDeferredCallbacks.php(22): Illuminate/Pipeline/Pipeline->Illuminate/Pipeline/{closure}(Object(Illuminate/Http/Request))
#54 C:/Users/DELL/Downloads/Parking-Finder2-stage4-auth-flow/vendor/laravel/framework/src/Illuminate/Pipeline/Pipeline.php(219): Illuminate/Foundation/Http/Middleware/InvokeDeferredCallbacks->handle(Object(Illuminate/Http/Request), Object(Closure))
#55 C:/Users/DELL/Downloads/Parking-Finder2-stage4-auth-flow/vendor/laravel/framework/src/Illuminate/Http/Middleware/ValidatePathEncoding.php(26): Illuminate/Pipeline/Pipeline->Illuminate/Pipeline/{closure}(Object(Illuminate/Http/Request))
#56 C:/Users/DELL/Downloads/Parking-Finder2-stage4-auth-flow/vendor/laravel/framework/src/Illuminate/Pipeline/Pipeline.php(219): Illuminate/Http/Middleware/ValidatePathEncoding->handle(Object(Illuminate/Http/Request), Object(Closure))
#57 C:/Users/DELL/Downloads/Parking-Finder2-stage4-auth-flow/vendor/laravel/framework/src/Illuminate/Pipeline/Pipeline.php(137): Illuminate/Pipeline/Pipeline->Illuminate/Pipeline/{closure}(Object(Illuminate/Http/Request))
#58 C:/Users/DELL/Downloads/Parking-Finder2-stage4-auth-flow/vendor/laravel/framework/src/Illuminate/Foundation/Http/Kernel.php(175): Illuminate/Pipeline/Pipeline->then(Object(Closure))
#59 C:/Users/DELL/Downloads/Parking-Finder2-stage4-auth-flow/vendor/laravel/framework/src/Illuminate/Foundation/Http/Kernel.php(144): Illuminate/Foundation/Http/Kernel->sendRequestThroughRouter(Object(Illuminate/Http/Request))
#60 C:/Users/DELL/Downloads/Parking-Finder2-stage4-auth-flow/vendor/laravel/framework/src/Illuminate/Foundation/Application.php(1220): Illuminate/Foundation/Http/Kernel->handle(Object(Illuminate/Http/Request))
#61 C:/Users/DELL/Downloads/Parking-Finder2-stage4-auth-flow/public/index.php(20): Illuminate/Foundation/Application->handleRequest(Object(Illuminate/Http/Request))
#62 C:/Users/DELL/Downloads/Parking-Finder2-stage4-auth-flow/vendor/laravel/framework/src/Illuminate/Foundation/resources/server.php(23): require_once('C://Users//DELL//D...')
#63 {main}
"} 
